uniquePatientKey,MRG4_score,ModelA_score_25gene,OS_months,Death,Age,Sex,Molecular_subtype,WHO_grade,MRG4_risk_group
VENHQS1QNS1BNUY2OmxnZ190Y2dhX3Bhbl9jYW5fYXRsYXNfMjAxOA,-3.2400362941779823,-1.925862020997283,1.28217773,0,26,Male,LGG_IDHwt,G2,low
VENHQS1IVC03NjgwOmxnZ190Y2dhX3Bhbl9jYW5fYXRsYXNfMjAxOA,-2.3689259694953835,1.162867599085102,0.756156097,0,32,Female,LGG_IDHwt,G2,low
VENHQS1GRy04MTg5OmxnZ190Y2dhX3Bhbl9jYW5fYXRsYXNfMjAxOA,-2.058209895531004,-0.4262760015513954,22.52030115,0,33,Female,LGG_IDHmut-non-codel,G2,low
VENHQS1DUy02NjY5OmxnZ190Y2dhX3Bhbl9jYW5fYXRsYXNfMjAxOA,-1.992741550836879,0.0281219667741022,49.11726995,0,26,Female,LGG_IDHwt,G2,low
VENHQS1TOS1BN0lROmxnZ190Y2dhX3Bhbl9jYW5fYXRsYXNfMjAxOA,-1.7228122289400654,-0.1089102929342505,36.13111089,0,45,Female,LGG_IDHmut-codel,G2,low
VENHQS1GRy04MTgxOmxnZ190Y2dhX3Bhbl9jYW5fYXRsYXNfMjAxOA,-1.6638823294917886,0.1351890807361022,28.33941546,0,23,Male,LGG_IDHwt,G3,low
VENHQS1IVC03ODU1OmxnZ190Y2dhX3Bhbl9jYW5fYXRsYXNfMjAxOA,-1.6305873592124882,-0.8141319084736452,19.23266594,0,39,Male,LGG_IDHmut-non-codel,G3,low
VENHQS1IVy03NDkwOmxnZ190Y2dhX3Bhbl9jYW5fYXRsYXNfMjAxOA,-1.6028274581468922,-0.5969010547758706,45.59950028,0,41,Male,LGG_IDHmut-non-codel,G2,low
VENHQS1FMS01MzE4OmxnZ190Y2dhX3Bhbl9jYW5fYXRsYXNfMjAxOA,-1.593678110612887,-1.4317823419534332,78.2128415,1,42,Female,LGG_IDHmut-codel,G2,low
VENHQS1IVC04MDE5OmxnZ190Y2dhX3Bhbl9jYW5fYXRsYXNfMjAxOA,-1.5032262102380385,-0.1402199382351814,33.00785745,0,34,Female,,G3,low
VENHQS1IVC04NTU4OmxnZ190Y2dhX3Bhbl9jYW5fYXRsYXNfMjAxOA,-1.4964171567933158,-0.6090294450469519,13.74231515,0,29,Female,,G2,low
VENHQS1ESC01MTQxOmxnZ190Y2dhX3Bhbl9jYW5fYXRsYXNfMjAxOA,-1.481968107659403,-1.4435115633778968,31.82430878,0,32,Male,LGG_IDHmut-codel,G3,low
VENHQS1IVC03NDg1OmxnZ190Y2dhX3Bhbl9jYW5fYXRsYXNfMjAxOA,-1.480966732532332,-0.2231193673066838,4.010914949,0,42,Male,LGG_IDHmut-non-codel,G2,low
VENHQS1IVC04MTA3OmxnZ190Y2dhX3Bhbl9jYW5fYXRsYXNfMjAxOA,-1.440922245442115,-0.250119972277313,0.460268929,0,62,Male,LGG_IDHwt,G2,low
VENHQS1FMS1BN1o2OmxnZ190Y2dhX3Bhbl9jYW5fYXRsYXNfMjAxOA,-1.4239395979302591,0.0805646343617465,32.35033041,1,41,Female,LGG_IDHmut-non-codel,G2,low
VENHQS1EVS03MzA2OmxnZ190Y2dhX3Bhbl9jYW5fYXRsYXNfMjAxOA,-1.3326065308538952,-0.489047885896386,41.98310156,0,67,Male,LGG_IDHmut-non-codel,G2,low
VENHQS1EQi01MjgwOmxnZ190Y2dhX3Bhbl9jYW5fYXRsYXNfMjAxOA,-1.3259570179297029,-1.8090483138936244,36.55850347,0,43,Male,LGG_IDHmut-non-codel,G2,low
VENHQS1WVy1BN1FTOmxnZ190Y2dhX3Bhbl9jYW5fYXRsYXNfMjAxOA,-1.312775942719681,-0.6017090337080675,23.21070454,0,35,Female,LGG_IDHmut-codel,G3,low
VENHQS1IVC04MTA4OmxnZ190Y2dhX3Bhbl9jYW5fYXRsYXNfMjAxOA,-1.3103472931882625,-0.905403066769916,2.498602755,0,26,Female,LGG_IDHmut-non-codel,G2,low
VENHQS1IVy1BNUtNOmxnZ190Y2dhX3Bhbl9jYW5fYXRsYXNfMjAxOA,-1.3045829855800632,-0.4843953718655899,20.71210179,0,35,Male,LGG_IDHmut-non-codel,G2,low
VENHQS1IVC04MTEzOmxnZ190Y2dhX3Bhbl9jYW5fYXRsYXNfMjAxOA,-1.2904355420263902,-0.303636210818773,29.58871684,0,49,Female,LGG_IDHmut-non-codel,G2,low
VENHQS1RSC1BODcwOmxnZ190Y2dhX3Bhbl9jYW5fYXRsYXNfMjAxOA,-1.277449762133963,-0.3672293843175005,12.98615906,0,38,Female,LGG_IDHmut-non-codel,G3,low
VENHQS1EVS03MDE5OmxnZ190Y2dhX3Bhbl9jYW5fYXRsYXNfMjAxOA,-1.2740713667074643,-0.4224651980416256,26.30108163,0,39,Male,LGG_IDHmut-non-codel,,low
VENHQS1EVS03MzA5OmxnZ190Y2dhX3Bhbl9jYW5fYXRsYXNfMjAxOA,-1.2548305172801837,-1.1169647213582463,2.761613571,0,41,Female,LGG_IDHmut-non-codel,G3,low
VENHQS1IVC1BNVJCOmxnZ190Y2dhX3Bhbl9jYW5fYXRsYXNfMjAxOA,-1.247190861302406,-1.074297031856726,0.098629056,0,24,Male,LGG_IDHmut-non-codel,G2,low
VENHQS1DUy01Mzk0OmxnZ190Y2dhX3Bhbl9jYW5fYXRsYXNfMjAxOA,-1.2465315620398116,-0.670536445790418,0.263010816,0,40,Male,LGG_IDHmut-non-codel,G3,low
VENHQS1IVC03Njg0OmxnZ190Y2dhX3Bhbl9jYW5fYXRsYXNfMjAxOA,-1.2377756697485005,0.0514905916186874,6.049248775,0,58,Male,LGG_IDHmut-non-codel,G3,low
VENHQS1UTS1BODRSOmxnZ190Y2dhX3Bhbl9jYW5fYXRsYXNfMjAxOA,-1.2274635152139806,-0.2259306762481479,18.60801526,0,46,Male,LGG_IDHmut-codel,G2,low
VENHQS1QNS1BNzdXOmxnZ190Y2dhX3Bhbl9jYW5fYXRsYXNfMjAxOA,-1.2183923550058506,-0.9875526994487348,19.19978959,0,37,Female,LGG_IDHmut-codel,G3,low
VENHQS1IVC03NDczOmxnZ190Y2dhX3Bhbl9jYW5fYXRsYXNfMjAxOA,-1.212252860921831,0.5403599079661748,16.53680508,0,28,Male,LGG_IDHmut-non-codel,G2,low
VENHQS1EVS01ODcxOmxnZ190Y2dhX3Bhbl9jYW5fYXRsYXNfMjAxOA,-1.191067089076202,-0.176871210414665,18.93677878,0,37,Female,LGG_IDHmut-non-codel,G2,low
VENHQS1IVy03NDkzOmxnZ190Y2dhX3Bhbl9jYW5fYXRsYXNfMjAxOA,-1.1854667685352365,-0.9890858591498156,69.27047375,0,40,Female,,G2,low
VENHQS1IVC03ODc0OmxnZ190Y2dhX3Bhbl9jYW5fYXRsYXNfMjAxOA,-1.1784125862977024,-0.2549575373400597,37.15027781,0,41,Female,LGG_IDHmut-codel,G3,low
VENHQS1IVC04MDEwOmxnZ190Y2dhX3Bhbl9jYW5fYXRsYXNfMjAxOA,-1.1642789103907778,-0.2726690018494363,1.643817602,0,64,Female,LGG_IDHmut-codel,G2,low
VENHQS1IVC03NjExOmxnZ190Y2dhX3Bhbl9jYW5fYXRsYXNfMjAxOA,-1.144185072431035,-0.2161476545270959,57.59936877,0,36,Male,LGG_IDHmut-non-codel,G2,low
VENHQS1EVS1BN1RHOmxnZ190Y2dhX3Bhbl9jYW5fYXRsYXNfMjAxOA,-1.125605560022195,-0.1659136640810739,44.41595161,1,40,Male,LGG_IDHmut-non-codel,G2,low
VENHQS1IVC04MTA5OmxnZ190Y2dhX3Bhbl9jYW5fYXRsYXNfMjAxOA,-1.1185098586023434,-0.9834618179180796,5.556103495,0,64,Male,LGG_IDHmut-codel,G3,low
VENHQS1IVC03NjA3OmxnZ190Y2dhX3Bhbl9jYW5fYXRsYXNfMjAxOA,-1.1109386536619683,0.1695671766949437,3.156129796,1,61,Female,LGG_IDHmut-codel,G2,low
VENHQS1QNS1BNzMzOmxnZ190Y2dhX3Bhbl9jYW5fYXRsYXNfMjAxOA,-1.0752245627326058,-0.1062595338501302,13.61080975,0,52,Female,LGG_IDHmut-non-codel,G2,low
VENHQS1FMS01MzA3OmxnZ190Y2dhX3Bhbl9jYW5fYXRsYXNfMjAxOA,-1.037365499192897,-0.3572572202496111,57.92813229,1,62,Female,LGG_IDHmut-non-codel,G3,low
VENHQS1IVC1BNjFBOmxnZ190Y2dhX3Bhbl9jYW5fYXRsYXNfMjAxOA,-1.0238715334151511,0.0498212815594445,6.378012296,0,20,Female,,G2,low
VENHQS1IVy03NDg3OmxnZ190Y2dhX3Bhbl9jYW5fYXRsYXNfMjAxOA,-1.0153762417538998,-0.5927914794175478,45.43511852,0,39,Male,LGG_IDHmut-codel,G2,low
VENHQS1TOS1BNldJOmxnZ190Y2dhX3Bhbl9jYW5fYXRsYXNfMjAxOA,-1.0108385282353112,-0.3834953212671765,84.98537002,0,56,Female,LGG_IDHmut-non-codel,G2,low
VENHQS1UTS1BODRIOmxnZ190Y2dhX3Bhbl9jYW5fYXRsYXNfMjAxOA,-0.991571525145089,-1.2576082037951388,30.44350199,0,44,Female,LGG_IDHmut-non-codel,G3,low
VENHQS1IVC03NDc4OmxnZ190Y2dhX3Bhbl9jYW5fYXRsYXNfMjAxOA,-0.9850483324143976,-0.763844258072593,6.378012296,0,36,Male,LGG_IDHmut-non-codel,G2,low
VENHQS1IVC03NjgxOmxnZ190Y2dhX3Bhbl9jYW5fYXRsYXNfMjAxOA,-0.9808392668562808,-0.589542612790514,44.67896242,0,29,Female,LGG_IDHmut-codel,G2,low
VENHQS1IVC03Njg4OmxnZ190Y2dhX3Bhbl9jYW5fYXRsYXNfMjAxOA,-0.9773987047619946,-0.0537074730930697,31.69280337,0,59,Male,LGG_IDHmut-non-codel,G3,low
VENHQS1IVC03NDc0OmxnZ190Y2dhX3Bhbl9jYW5fYXRsYXNfMjAxOA,-0.9682357230309964,-0.549649977011894,3.747904133,0,52,Male,LGG_IDHmut-non-codel,G2,low
VENHQS1QNS1BNUYwOmxnZ190Y2dhX3Bhbl9jYW5fYXRsYXNfMjAxOA,-0.9673949122807408,-1.3135712702337778,9.435513036,0,33,Male,LGG_IDHmut-codel,G2,low
VENHQS1EVS03MDExOmxnZ190Y2dhX3Bhbl9jYW5fYXRsYXNfMjAxOA,-0.9668616293274904,-0.806525333189449,105.2043265,1,25,Male,LGG_IDHmut-non-codel,G2,low
VENHQS1WTS1BOENBOmxnZ190Y2dhX3Bhbl9jYW5fYXRsYXNfMjAxOA,-0.9637735661263792,-0.1478192257472487,13.51218069,0,54,Male,LGG_IDHmut-non-codel,G2,low
VENHQS1IVy04MzIwOmxnZ190Y2dhX3Bhbl9jYW5fYXRsYXNfMjAxOA,-0.9588049594089672,-0.9217895871127884,40.01052043,0,36,Male,LGG_IDHmut-non-codel,G3,low
VENHQS1FMS1BN1lZOmxnZ190Y2dhX3Bhbl9jYW5fYXRsYXNfMjAxOA,-0.956232944985932,-0.0901962520831754,146.1353848,1,27,Female,LGG_IDHmut-non-codel,G2,low
VENHQS1ESC1BNjZGOmxnZ190Y2dhX3Bhbl9jYW5fYXRsYXNfMjAxOA,-0.9414415272287704,-0.8653015902625155,17.19433212,0,49,Male,LGG_IDHmut-codel,G2,low
VENHQS1TOS1BN0lZOmxnZ190Y2dhX3Bhbl9jYW5fYXRsYXNfMjAxOA,-0.9301378422042176,-0.2012386535598067,23.50659171,0,39,Male,LGG_IDHmut-codel,G3,low
VENHQS1IVy03NDg5OmxnZ190Y2dhX3Bhbl9jYW5fYXRsYXNfMjAxOA,-0.9249935834169618,-0.2838100654397099,41.48995627,1,38,Male,LGG_IDHmut-non-codel,G2,low
VENHQS1DUy02NjY3OmxnZ190Y2dhX3Bhbl9jYW5fYXRsYXNfMjAxOA,-0.9242816523481694,-0.0491323831227641,48.29536115,0,39,Female,LGG_IDHmut-non-codel,G2,low
VENHQS1XWS1BODVBOmxnZ190Y2dhX3Bhbl9jYW5fYXRsYXNfMjAxOA,-0.9178893718809548,-1.0221980607720351,43.39678469,0,20,Male,LGG_IDHmut-non-codel,G2,low
VENHQS1IVC04MDE1OmxnZ190Y2dhX3Bhbl9jYW5fYXRsYXNfMjAxOA,-0.910101086578212,0.2065562876978501,0.098629056,0,21,Male,LGG_IDHwt,G2,low
VENHQS1IVC1BNVI1OmxnZ190Y2dhX3Bhbl9jYW5fYXRsYXNfMjAxOA,-0.9083792347752327,-0.3301977045779022,0.131505408,0,33,Female,LGG_IDHmut-non-codel,G2,low
VENHQS1QNS1BNUVXOmxnZ190Y2dhX3Bhbl9jYW5fYXRsYXNfMjAxOA,-0.908048460241108,-0.8584855980136337,6.706775816,0,20,Female,LGG_IDHmut-non-codel,G2,low
VENHQS1GRy02NjkwOmxnZ190Y2dhX3Bhbl9jYW5fYXRsYXNfMjAxOA,-0.9034221917729438,-1.0130606780736024,42.54199954,0,70,Male,LGG_IDHmut-non-codel,G2,low
VENHQS1GNi1BOE8zOmxnZ190Y2dhX3Bhbl9jYW5fYXRsYXNfMjAxOA,-0.8965352476071341,-1.5843658472202418,0.230134464,0,34,Male,LGG_IDHmut-codel,G2,low
VENHQS1EVS01ODUxOmxnZ190Y2dhX3Bhbl9jYW5fYXRsYXNfMjAxOA,-0.891819979970485,-0.2019194770419894,17.45734293,0,40,Female,LGG_IDHmut-non-codel,G3,low
VENHQS1GRy1BNzEzOmxnZ190Y2dhX3Bhbl9jYW5fYXRsYXNfMjAxOA,-0.8914037617567813,0.1538867810119278,20.44909097,0,74,Female,LGG_IDHmut-codel,G2,low
VENHQS1GRy02Njg5OmxnZ190Y2dhX3Bhbl9jYW5fYXRsYXNfMjAxOA,-0.8894657050681013,-0.2249938447440305,14.92586383,0,30,Male,LGG_IDHmut-non-codel,G2,low
VENHQS1DUy01MzkzOmxnZ190Y2dhX3Bhbl9jYW5fYXRsYXNfMjAxOA,-0.8856613478717923,-0.2845121777068584,40.17490219,0,39,Male,LGG_IDHmut-non-codel,G3,low
VENHQS1IVC03NjA4OmxnZ190Y2dhX3Bhbl9jYW5fYXRsYXNfMjAxOA,-0.8847035557722334,0.0132894659269157,22.06003222,0,61,Male,LGG_IDHmut-codel,G2,low
VENHQS1TOS1BN1I0OmxnZ190Y2dhX3Bhbl9jYW5fYXRsYXNfMjAxOA,-0.8822379740736249,-0.9277493566709472,30.04898577,0,46,Male,LGG_IDHmut-non-codel,G3,low
VENHQS1DUy00OTM4OmxnZ190Y2dhX3Bhbl9jYW5fYXRsYXNfMjAxOA,-0.856755486710042,-0.4010528811091172,117.5000822,0,31,Female,LGG_IDHmut-non-codel,G2,low
VENHQS1GRy03NjM3OmxnZ190Y2dhX3Bhbl9jYW5fYXRsYXNfMjAxOA,-0.8551980866096239,-1.4392824548037255,40.07627314,0,49,Male,,G2,low
VENHQS1UUS1BN1JPOmxnZ190Y2dhX3Bhbl9jYW5fYXRsYXNfMjAxOA,-0.8484137434437552,-1.5482051514941628,31.19965809,0,29,Male,LGG_IDHmut-codel,G2,low
VENHQS1QNS1BNUVYOmxnZ190Y2dhX3Bhbl9jYW5fYXRsYXNfMjAxOA,-0.8443526493885024,1.786974528880513,7.988953546,0,41,Female,LGG_IDHmut-codel,G3,low
VENHQS1DUy02MjkwOmxnZ190Y2dhX3Bhbl9jYW5fYXRsYXNfMjAxOA,-0.8261302679306897,-0.1892434368885766,37.38041227,1,31,Male,LGG_IDHmut-non-codel,G3,low
VENHQS1IVC03NjkxOmxnZ190Y2dhX3Bhbl9jYW5fYXRsYXNfMjAxOA,-0.8259641270190161,0.596109395287373,0.098629056,0,31,Female,LGG_IDHwt,G2,low
VENHQS1DUy00OTQ0OmxnZ190Y2dhX3Bhbl9jYW5fYXRsYXNfMjAxOA,-0.8165595682315816,-0.8663558383314316,60.09797153,0,50,Male,LGG_IDHmut-non-codel,G2,low
VENHQS1IVC03NDc5OmxnZ190Y2dhX3Bhbl9jYW5fYXRsYXNfMjAxOA,-0.8146206278980702,-0.8115351129990953,40.33928395,0,44,Male,LGG_IDHmut-non-codel,G3,low
VENHQS1IVC03Njk1OmxnZ190Y2dhX3Bhbl9jYW5fYXRsYXNfMjAxOA,-0.8002403603537427,-0.6132848199107755,14.5313476,0,29,Female,LGG_IDHmut-codel,G2,low
VENHQS1IVC03Njk0OmxnZ190Y2dhX3Bhbl9jYW5fYXRsYXNfMjAxOA,-0.795324181086767,-0.2570907667648518,6.904033928,0,60,Male,LGG_IDHmut-codel,G3,low
VENHQS1FMS01MzE5OmxnZ190Y2dhX3Bhbl9jYW5fYXRsYXNfMjAxOA,-0.7919355596534277,-0.7676716841862591,95.57155538,1,48,Female,LGG_IDHmut-codel,G2,low
VENHQS1IVC04NTYzOmxnZ190Y2dhX3Bhbl9jYW5fYXRsYXNfMjAxOA,-0.7858083043974954,1.8225569043906824,28.27366275,0,30,Female,LGG_IDHmut-non-codel,G3,low
VENHQS1UUS1BN1JROmxnZ190Y2dhX3Bhbl9jYW5fYXRsYXNfMjAxOA,-0.7850111229906018,-0.997244708796699,26.13669987,0,38,Female,LGG_IDHmut-codel,G2,low
VENHQS1EVS01ODU1OmxnZ190Y2dhX3Bhbl9jYW5fYXRsYXNfMjAxOA,-0.7783322082456721,-0.7145198120941817,6.805404872,0,49,Female,LGG_IDHmut-non-codel,G3,low
VENHQS1TOS1BNlUyOmxnZ190Y2dhX3Bhbl9jYW5fYXRsYXNfMjAxOA,-0.7754248099084387,-0.7097659938125359,29.85172765,0,48,Female,LGG_IDHmut-codel,G2,low
VENHQS1EVS03MDE0OmxnZ190Y2dhX3Bhbl9jYW5fYXRsYXNfMjAxOA,-0.7719321351040558,-0.2370863366967576,117.4014531,1,59,Male,,G2,low
VENHQS1RSC1BNkNaOmxnZ190Y2dhX3Bhbl9jYW5fYXRsYXNfMjAxOA,-0.7696299605591099,-1.019306331324114,9.172502219,0,38,Male,LGG_IDHmut-codel,G2,low
VENHQS1EVS01ODcyOmxnZ190Y2dhX3Bhbl9jYW5fYXRsYXNfMjAxOA,-0.768346470601545,-0.8584817386953248,17.49021929,0,43,Female,LGG_IDHmut-non-codel,G2,low
VENHQS1EVS02Mzk0OmxnZ190Y2dhX3Bhbl9jYW5fYXRsYXNfMjAxOA,-0.767919796879531,-0.8097864846155385,22.42167209,1,53,Male,LGG_IDHmut-codel,G3,low
VENHQS1XSC1BODZLOmxnZ190Y2dhX3Bhbl9jYW5fYXRsYXNfMjAxOA,-0.7615537546946036,-0.4271685160537619,13.31492258,0,65,Male,LGG_IDHmut-non-codel,G2,low
VENHQS1IVC03ODc1OmxnZ190Y2dhX3Bhbl9jYW5fYXRsYXNfMjAxOA,-0.7606290561408665,-0.4819856799685449,0.32876352,0,56,Male,LGG_IDHmut-codel,G2,low
VENHQS1ESC01MTQzOmxnZ190Y2dhX3Bhbl9jYW5fYXRsYXNfMjAxOA,-0.758073505346361,-0.8916140691557388,46.05976921,0,30,Male,LGG_IDHmut-non-codel,G3,low
VENHQS1GRy01OTYyOmxnZ190Y2dhX3Bhbl9jYW5fYXRsYXNfMjAxOA,-0.7541409482322775,-0.4393344436573524,47.76933951,0,54,Male,LGG_IDHmut-codel,G3,low
VENHQS1UUS1BN1JOOmxnZ190Y2dhX3Bhbl9jYW5fYXRsYXNfMjAxOA,-0.7534735467231004,-0.4178639777011261,33.73113719,0,32,Male,LGG_IDHmut-codel,G2,low
VENHQS1XOS1BODM3OmxnZ190Y2dhX3Bhbl9jYW5fYXRsYXNfMjAxOA,-0.7524162930275948,-0.902447181104542,51.05697472,0,47,Male,LGG_IDHmut-codel,G2,low
VENHQS1EVS03Mjk0OmxnZ190Y2dhX3Bhbl9jYW5fYXRsYXNfMjAxOA,-0.7513636338702612,-1.5842512299715474,94.322254,0,53,Female,LGG_IDHmut-codel,G2,low
VENHQS1GNi1BOE80OmxnZ190Y2dhX3Bhbl9jYW5fYXRsYXNfMjAxOA,-0.7402041123773615,-0.8225202523721197,0.197258112,0,44,Male,LGG_IDHmut-non-codel,G2,low
VENHQS1TOS1BNlRaOmxnZ190Y2dhX3Bhbl9jYW5fYXRsYXNfMjAxOA,-0.7358687785168183,-0.1243582329934434,36.82151429,0,39,Female,LGG_IDHmut-non-codel,G2,low
VENHQS1QNS1BNUYxOmxnZ190Y2dhX3Bhbl9jYW5fYXRsYXNfMjAxOA,-0.7349120049459925,-0.6854067203841301,5.884867015,0,30,Male,LGG_IDHmut-non-codel,G2,low
VENHQS1EVS03MDA5OmxnZ190Y2dhX3Bhbl9jYW5fYXRsYXNfMjAxOA,-0.7273813081314946,-0.5472766423868433,154.3544728,1,32,Female,LGG_IDHmut-codel,G2,low
VENHQS1IVC03NjEwOmxnZ190Y2dhX3Bhbl9jYW5fYXRsYXNfMjAxOA,-0.7247326321789148,-0.7062210882843215,56.08705658,0,25,Female,LGG_IDHmut-non-codel,G2,low
VENHQS1EQi1BNjRMOmxnZ190Y2dhX3Bhbl9jYW5fYXRsYXNfMjAxOA,-0.712392052306211,0.0015701891542295,24.1969951,0,67,Female,LGG_IDHmut-codel,G2,low
VENHQS1IVC03ODU0OmxnZ190Y2dhX3Bhbl9jYW5fYXRsYXNfMjAxOA,-0.7116976547375781,0.7378668994014109,39.4844988,0,62,Male,LGG_IDHwt,G2,low
VENHQS1IVC03Njc2OmxnZ190Y2dhX3Bhbl9jYW5fYXRsYXNfMjAxOA,-0.6913797735401113,-0.5782660552346666,0.16438176,0,26,Male,LGG_IDHmut-non-codel,G2,low
VENHQS1IVC04MDE4OmxnZ190Y2dhX3Bhbl9jYW5fYXRsYXNfMjAxOA,-0.6898977866863826,0.2504930108172645,37.87355755,1,40,Female,LGG_IDHmut-non-codel,G2,low
VENHQS1QNS1BNzM2OmxnZ190Y2dhX3Bhbl9jYW5fYXRsYXNfMjAxOA,-0.6895949676228212,0.7617220491672198,7.561560969,0,44,Female,LGG_IDHmut-non-codel,G3,low
VENHQS1RSC1BNkNZOmxnZ190Y2dhX3Bhbl9jYW5fYXRsYXNfMjAxOA,-0.687538966631801,-0.4692753746691939,13.41355163,0,38,Male,LGG_IDHmut-codel,G3,low
VENHQS1EQi1BNFg5OmxnZ190Y2dhX3Bhbl9jYW5fYXRsYXNfMjAxOA,-0.6810397783738074,-0.6641462283635399,46.42140908,0,33,Female,LGG_IDHmut-non-codel,G2,low
VENHQS1EQi1BNjRYOmxnZ190Y2dhX3Bhbl9jYW5fYXRsYXNfMjAxOA,-0.6719773490640171,-0.7714656684670542,18.5093862,0,56,Female,LGG_IDHmut-non-codel,G3,low
VENHQS1FMS1BN1o0OmxnZ190Y2dhX3Bhbl9jYW5fYXRsYXNfMjAxOA,-0.6697161607840658,-0.4454123416653076,145.0504652,1,35,Male,LGG_IDHmut-non-codel,G2,low
VENHQS1IVC03ODgxOmxnZ190Y2dhX3Bhbl9jYW5fYXRsYXNfMjAxOA,-0.666090832210624,-0.3449031332127698,35.47358385,0,38,Male,LGG_IDHmut-codel,G2,low
VENHQS1QNS1BNzJYOmxnZ190Y2dhX3Bhbl9jYW5fYXRsYXNfMjAxOA,-0.6633877195676929,-0.7565558648475101,13.24916987,0,21,Male,LGG_IDHmut-non-codel,G3,low
VENHQS1EVS1BNzZSOmxnZ190Y2dhX3Bhbl9jYW5fYXRsYXNfMjAxOA,-0.661345286305406,-0.3440041461977496,21.30387612,1,51,Male,LGG_IDHmut-codel,G3,low
VENHQS1EQi1BNjRSOmxnZ190Y2dhX3Bhbl9jYW5fYXRsYXNfMjAxOA,-0.6590436725803275,-1.228388958827529,31.3969162,0,24,Female,LGG_IDHmut-codel,G2,low
VENHQS1EVS03Mjk5OmxnZ190Y2dhX3Bhbl9jYW5fYXRsYXNfMjAxOA,-0.6563068839976605,-0.754582851401361,44.02143538,1,33,Male,LGG_IDHmut-non-codel,G3,low
VENHQS1QNS1BNUVZOmxnZ190Y2dhX3Bhbl9jYW5fYXRsYXNfMjAxOA,-0.6544124314020869,-0.0524295219913532,2.367097347,0,21,Male,LGG_IDHwt,G2,low
VENHQS1EVS02NDAxOmxnZ190Y2dhX3Bhbl9jYW5fYXRsYXNfMjAxOA,-0.652572611315141,-0.7688634442125885,87.45109643,1,31,Female,LGG_IDHmut-non-codel,G2,low
VENHQS1GTi03ODMzOmxnZ190Y2dhX3Bhbl9jYW5fYXRsYXNfMjAxOA,-0.6490200750223725,-0.3186636142327385,27.51750666,0,25,Male,LGG_IDHmut-non-codel,G3,low
VENHQS1EVS04MTY0OmxnZ190Y2dhX3Bhbl9jYW5fYXRsYXNfMjAxOA,-0.6433378058554341,-0.8230727126172447,21.40250518,0,51,Male,LGG_IDHmut-codel,G2,low
VENHQS1IVC03NjkzOmxnZ190Y2dhX3Bhbl9jYW5fYXRsYXNfMjAxOA,-0.6380413564907514,0.1300246081126004,17.52309564,0,51,Female,LGG_IDHmut-non-codel,G2,low
VENHQS1UUS1BN1JHOmxnZ190Y2dhX3Bhbl9jYW5fYXRsYXNfMjAxOA,-0.6364414391100697,-0.7404022899004388,19.69293487,0,36,Male,LGG_IDHmut-codel,G2,low
VENHQS1EQi1BNFhIOmxnZ190Y2dhX3Bhbl9jYW5fYXRsYXNfMjAxOA,-0.6323157813956772,-0.9389082051266036,31.62705066,0,53,Female,LGG_IDHmut-codel,G2,low
VENHQS1GRy02NjkxOmxnZ190Y2dhX3Bhbl9jYW5fYXRsYXNfMjAxOA,-0.6287997836202952,-1.1328780733064898,41.32557451,0,23,Female,LGG_IDHmut-non-codel,G2,low
VENHQS1EQi01Mjc4OmxnZ190Y2dhX3Bhbl9jYW5fYXRsYXNfMjAxOA,-0.6276774132411715,-0.7047228646678007,91.13324786,0,17,Male,LGG_IDHmut-codel,G2,low
VENHQS1TOS1BN0oyOmxnZ190Y2dhX3Bhbl9jYW5fYXRsYXNfMjAxOA,-0.620850270012792,-0.7016544673094808,2.038333827,0,25,Male,LGG_IDHmut-codel,G3,low
VENHQS1EVS1BNlM2OmxnZ190Y2dhX3Bhbl9jYW5fYXRsYXNfMjAxOA,-0.6125277698508971,-0.2304441592356498,95.11128645,0,35,Female,LGG_IDHmut-codel,G2,low
VENHQS1UTS1BN0M1OmxnZ190Y2dhX3Bhbl9jYW5fYXRsYXNfMjAxOA,-0.6111393956758875,-1.3615132721922083,49.31452806,0,30,Male,LGG_IDHmut-codel,G2,low
VENHQS1ESC01MTQ0OmxnZ190Y2dhX3Bhbl9jYW5fYXRsYXNfMjAxOA,-0.598740131241359,-0.7115166167710251,24.59151133,0,56,Female,LGG_IDHmut-codel,G3,low
VENHQS1UTS1BODRUOmxnZ190Y2dhX3Bhbl9jYW5fYXRsYXNfMjAxOA,-0.5972406854312642,-0.5665997540590829,23.80247888,0,19,Male,LGG_IDHmut-non-codel,G2,low
VENHQS1EQi1BNzVPOmxnZ190Y2dhX3Bhbl9jYW5fYXRsYXNfMjAxOA,-0.5967183051503653,0.689333885402077,30.73938916,0,29,Male,LGG_IDHmut-non-codel,G3,low
VENHQS1RSC1BNjVaOmxnZ190Y2dhX3Bhbl9jYW5fYXRsYXNfMjAxOA,-0.5944450728361539,-0.7391846014892332,14.03820232,0,54,Male,LGG_IDHmut-codel,G2,low
VENHQS1IVC03ODgwOmxnZ190Y2dhX3Bhbl9jYW5fYXRsYXNfMjAxOA,-0.5876601464215107,-0.5280173092586107,5.325969031,0,30,Male,LGG_IDHmut-non-codel,G2,low
VENHQS1IVC03NjAzOmxnZ190Y2dhX3Bhbl9jYW5fYXRsYXNfMjAxOA,-0.5853792111043172,-0.3124871718400198,23.17782819,0,29,Male,LGG_IDHmut-non-codel,G2,low
VENHQS1IVC03NjA1OmxnZ190Y2dhX3Bhbl9jYW5fYXRsYXNfMjAxOA,-0.5851861702990964,-0.1632293077195248,4.569812934,0,38,Male,LGG_IDHmut-codel,G2,low
VENHQS1TOS1BN0laOmxnZ190Y2dhX3Bhbl9jYW5fYXRsYXNfMjAxOA,-0.5789573297852348,-0.624402184637798,19.98882204,0,48,Female,LGG_IDHmut-non-codel,G3,low
VENHQS1QNS1BNzgxOmxnZ190Y2dhX3Bhbl9jYW5fYXRsYXNfMjAxOA,-0.5642108317585803,-0.3834102068509268,4.405431173,0,34,Female,LGG_IDHmut-codel,G3,low
VENHQS1XWS1BODVDOmxnZ190Y2dhX3Bhbl9jYW5fYXRsYXNfMjAxOA,-0.5628757461839782,-0.2380092770381772,46.88167801,0,36,Male,LGG_IDHmut-non-codel,G2,low
VENHQS1TOS1BN1IxOmxnZ190Y2dhX3Bhbl9jYW5fYXRsYXNfMjAxOA,-0.5553676642898285,-0.6957461996503058,169.8392346,1,35,Male,LGG_IDHmut-codel,G2,low
VENHQS1WTS1BOENIOmxnZ190Y2dhX3Bhbl9jYW5fYXRsYXNfMjAxOA,-0.5482423142671812,-0.6687745374348436,23.47371536,0,24,Female,LGG_IDHmut-non-codel,G2,low
VENHQS1SWS1BODQ3OmxnZ190Y2dhX3Bhbl9jYW5fYXRsYXNfMjAxOA,-0.545586450670972,-0.4747350308310407,30.67363645,0,45,Male,LGG_IDHmut-codel,G2,low
VENHQS1TOS1BNldFOmxnZ190Y2dhX3Bhbl9jYW5fYXRsYXNfMjAxOA,-0.5413245338182588,-1.175681015314805,135.2204359,0,34,Male,LGG_IDHmut-codel,G2,low
VENHQS1FMS01MzA1OmxnZ190Y2dhX3Bhbl9jYW5fYXRsYXNfMjAxOA,-0.5313271179837905,-0.945435438995604,79.98816451,1,34,Male,LGG_IDHmut-non-codel,G3,low
VENHQS1IVy03NDk1OmxnZ190Y2dhX3Bhbl9jYW5fYXRsYXNfMjAxOA,-0.5302618835702868,-0.88027829955662,35.4407075,0,45,Female,LGG_IDHmut-codel,G2,low
VENHQS1IVy04MzIxOmxnZ190Y2dhX3Bhbl9jYW5fYXRsYXNfMjAxOA,-0.5250765347707937,0.1029912920266041,42.54199954,0,31,Male,LGG_IDHmut-non-codel,G3,low
VENHQS1EQi1BNFhGOmxnZ190Y2dhX3Bhbl9jYW5fYXRsYXNfMjAxOA,-0.5213503744972793,-1.3621293598890192,33.56675543,0,41,Female,LGG_IDHmut-non-codel,G3,low
VENHQS1EQi01Mjc5OmxnZ190Y2dhX3Bhbl9jYW5fYXRsYXNfMjAxOA,-0.5136827714153163,-0.2003374837219701,44.51458066,0,59,Male,LGG_IDHmut-codel,G2,low
VENHQS1FMS01MzIyOmxnZ190Y2dhX3Bhbl9jYW5fYXRsYXNfMjAxOA,-0.5106728399348737,-0.5968348997070807,130.7821284,1,38,Female,LGG_IDHmut-non-codel,G2,low
VENHQS1ESC1BNjZEOmxnZ190Y2dhX3Bhbl9jYW5fYXRsYXNfMjAxOA,-0.5083679855890078,-0.8468656408981281,27.81339383,0,43,Female,LGG_IDHmut-non-codel,G3,low
VENHQS1IVC1BNjE2OmxnZ190Y2dhX3Bhbl9jYW5fYXRsYXNfMjAxOA,-0.5070188314732235,-0.9505478037444108,1.808199362,0,36,Female,LGG_IDHmut-non-codel,G2,low
VENHQS1EVS01ODcwOmxnZ190Y2dhX3Bhbl9jYW5fYXRsYXNfMjAxOA,-0.5032275404177506,-0.3008184369167381,182.3322484,0,34,Female,LGG_IDHmut-codel,G2,low
VENHQS1SWS1BODQ1OmxnZ190Y2dhX3Bhbl9jYW5fYXRsYXNfMjAxOA,-0.4998233469193648,-0.9969306963921524,19.59430582,0,40,Female,LGG_IDHmut-non-codel,G2,low
VENHQS1EVS03MDE1OmxnZ190Y2dhX3Bhbl9jYW5fYXRsYXNfMjAxOA,-0.4979335662759262,-0.5328998178916843,90.77160798,0,41,Female,LGG_IDHmut-non-codel,G2,low
VENHQS1EVS01ODUzOmxnZ190Y2dhX3Bhbl9jYW5fYXRsYXNfMjAxOA,-0.4969000866780739,-0.5685077116085296,13.38067528,0,29,Male,LGG_IDHmut-non-codel,G2,low
VENHQS1UUS1BN1JWOmxnZ190Y2dhX3Bhbl9jYW5fYXRsYXNfMjAxOA,-0.4963604817280906,-1.2645132728587067,61.41302561,0,27,Male,LGG_IDHmut-non-codel,G2,low
VENHQS1GRy03NjM4OmxnZ190Y2dhX3Bhbl9jYW5fYXRsYXNfMjAxOA,-0.4951893625467509,-0.8627375268145794,22.5531775,0,31,Female,LGG_IDHmut-codel,G3,low
VENHQS1EVS03MzAwOmxnZ190Y2dhX3Bhbl9jYW5fYXRsYXNfMjAxOA,-0.4947287430026499,-0.5187970622115532,62.00479995,1,53,Female,LGG_IDHmut-codel,G3,low
VENHQS1GRy04MTkxOmxnZ190Y2dhX3Bhbl9jYW5fYXRsYXNfMjAxOA,-0.4909505365865956,-0.7982683166086506,32.61334122,0,30,Male,LGG_IDHmut-non-codel,G3,low
VENHQS1TOS1BNldIOmxnZ190Y2dhX3Bhbl9jYW5fYXRsYXNfMjAxOA,-0.4883472876714457,-1.0110281844858169,38.56396094,0,73,Female,LGG_IDHmut-codel,G2,low
VENHQS1TOS1BN0oxOmxnZ190Y2dhX3Bhbl9jYW5fYXRsYXNfMjAxOA,-0.4878337652385912,-0.6796514402596149,8.186211658,0,43,Male,LGG_IDHmut-codel,G2,low
VENHQS1SOC1BNk1MOmxnZ190Y2dhX3Bhbl9jYW5fYXRsYXNfMjAxOA,-0.482929155001211,-0.5192288108117998,94.02636683,0,52,Male,LGG_IDHmut-codel,G3,low
VENHQS1GRy03NjQxOmxnZ190Y2dhX3Bhbl9jYW5fYXRsYXNfMjAxOA,-0.4693188081524371,-0.6397711957398248,20.61347273,0,31,Male,LGG_IDHmut-codel,G2,low
VENHQS1UUS1BN1JXOmxnZ190Y2dhX3Bhbl9jYW5fYXRsYXNfMjAxOA,-0.4678584643139673,-0.4942314180421722,26.99148503,1,32,Male,LGG_IDHmut-non-codel,G2,low
VENHQS1IVC03NjA5OmxnZ190Y2dhX3Bhbl9jYW5fYXRsYXNfMjAxOA,-0.4638457879714802,-0.7388619178654062,45.9940165,0,34,Male,LGG_IDHmut-non-codel,G3,low
VENHQS1EQi1BNFhCOmxnZ190Y2dhX3Bhbl9jYW5fYXRsYXNfMjAxOA,-0.4572320362624201,-0.8485562909686662,30.21336753,0,38,Male,LGG_IDHmut-non-codel,G3,low
VENHQS1QNS1BNUY0OmxnZ190Y2dhX3Bhbl9jYW5fYXRsYXNfMjAxOA,-0.4557174166590732,-1.0265958258136854,7.594437321,0,35,Female,LGG_IDHmut-non-codel,G3,low
VENHQS1UTS1BN0M0OmxnZ190Y2dhX3Bhbl9jYW5fYXRsYXNfMjAxOA,-0.4530163240151251,-0.8568306109305509,48.3282375,0,39,Female,LGG_IDHmut-non-codel,G2,low
VENHQS1EVS03MzAyOmxnZ190Y2dhX3Bhbl9jYW5fYXRsYXNfMjAxOA,-0.4462076569540916,0.155478452974956,60.29522964,0,48,Female,LGG_IDHmut-codel,G3,low
VENHQS1UUS1BN1JQOmxnZ190Y2dhX3Bhbl9jYW5fYXRsYXNfMjAxOA,-0.4412050150217875,-0.2136641759466789,30.04898577,0,66,Male,LGG_IDHwt,G2,low
VENHQS1EQi01MjcwOmxnZ190Y2dhX3Bhbl9jYW5fYXRsYXNfMjAxOA,-0.4368427197996502,-0.2828701540383224,122.7274222,0,38,Female,LGG_IDHmut-non-codel,G3,low
VENHQS1WTS1BOENCOmxnZ190Y2dhX3Bhbl9jYW5fYXRsYXNfMjAxOA,-0.4364995118272467,-1.1438357274939697,0.098629056,0,33,Male,LGG_IDHmut-codel,G3,low
VENHQS1EVS03MDE4OmxnZ190Y2dhX3Bhbl9jYW5fYXRsYXNfMjAxOA,-0.4352793828864361,-0.7737601916706822,30.67363645,1,57,Female,LGG_IDHmut-codel,G3,low
VENHQS1IVC04MTE0OmxnZ190Y2dhX3Bhbl9jYW5fYXRsYXNfMjAxOA,-0.4351227066061457,-0.0805431185797678,34.19140612,0,36,Male,LGG_IDHmut-non-codel,G3,low
VENHQS1TOS1BODlWOmxnZ190Y2dhX3Bhbl9jYW5fYXRsYXNfMjAxOA,-0.4334448033332502,-0.1114123601087356,18.70664431,0,70,Male,LGG_IDHwt,G3,low
VENHQS1EVS1BNlMyOmxnZ190Y2dhX3Bhbl9jYW5fYXRsYXNfMjAxOA,-0.4290865603311917,0.0329825490383955,25.54492554,0,37,Female,LGG_IDHmut-codel,G2,low
VENHQS1IVC03Njg2OmxnZ190Y2dhX3Bhbl9jYW5fYXRsYXNfMjAxOA,-0.4216694058441452,0.3818887471936775,42.73925765,0,29,Female,LGG_IDHmut-non-codel,G3,low
VENHQS1DUy00OTQyOmxnZ190Y2dhX3Bhbl9jYW5fYXRsYXNfMjAxOA,-0.4206711870638032,0.2234432380954462,43.88992997,1,44,Female,LGG_IDHmut-non-codel,G3,low
VENHQS1UTS1BN0NGOmxnZ190Y2dhX3Bhbl9jYW5fYXRsYXNfMjAxOA,-0.417144584423686,-0.4532247029244434,65.39106421,0,41,Female,LGG_IDHmut-non-codel,G2,low
VENHQS1IVC03Njg3OmxnZ190Y2dhX3Bhbl9jYW5fYXRsYXNfMjAxOA,-0.4096392168644331,-0.4577598544303523,0.098629056,0,74,Male,LGG_IDHmut-codel,G3,low
VENHQS1IVy03NDg2OmxnZ190Y2dhX3Bhbl9jYW5fYXRsYXNfMjAxOA,-0.4084647203643965,-0.3259291922527983,56.58020186,0,37,Male,LGG_IDHmut-codel,G2,low
VENHQS1EVS04MTYyOmxnZ190Y2dhX3Bhbl9jYW5fYXRsYXNfMjAxOA,-0.4079650467343483,-0.3932810766196887,14.59710031,1,61,Female,LGG_IDHwt,G3,low
VENHQS1FMS1BN1ozOmxnZ190Y2dhX3Bhbl9jYW5fYXRsYXNfMjAxOA,-0.4053082291204208,-0.2308955013018504,73.47864681,1,31,Female,LGG_IDHmut-non-codel,G2,low
VENHQS1IVC03ODc3OmxnZ190Y2dhX3Bhbl9jYW5fYXRsYXNfMjAxOA,-0.4023268143554178,-0.805915196742715,0.131505408,0,20,Female,LGG_IDHmut-codel,G2,low
VENHQS1IVC03Njc3OmxnZ190Y2dhX3Bhbl9jYW5fYXRsYXNfMjAxOA,-0.3992692443975345,-1.077754653004169,16.24091791,0,53,Male,LGG_IDHmut-codel,G3,low
VENHQS1IVy03NDkxOmxnZ190Y2dhX3Bhbl9jYW5fYXRsYXNfMjAxOA,-0.3939367454518253,-1.8848694328126117,68.31705954,0,35,Male,LGG_IDHmut-codel,G2,low
VENHQS1TOS1BNlRVOmxnZ190Y2dhX3Bhbl9jYW5fYXRsYXNfMjAxOA,-0.3922707680517148,-0.6459087220611408,87.12233291,0,38,Male,LGG_IDHmut-non-codel,G2,low
VENHQS1IVC1BNVI3OmxnZ190Y2dhX3Bhbl9jYW5fYXRsYXNfMjAxOA,-0.3880325936973348,-0.2931052813585387,20.21895651,0,33,Female,LGG_IDHmut-non-codel,G3,low
VENHQS1QNS1BNUVWOmxnZ190Y2dhX3Bhbl9jYW5fYXRsYXNfMjAxOA,-0.3847085151668944,-1.108146235718199,0.230134464,0,39,Male,LGG_IDHmut-non-codel,G2,low
VENHQS1EVS03MDA4OmxnZ190Y2dhX3Bhbl9jYW5fYXRsYXNfMjAxOA,-0.3830032513432638,-1.5541343508347287,156.2284249,0,41,Female,LGG_IDHmut-non-codel,G2,low
VENHQS1IVC03ODU2OmxnZ190Y2dhX3Bhbl9jYW5fYXRsYXNfMjAxOA,-0.3815361394076159,-0.3340011946892556,39.08998258,0,35,Male,LGG_IDHmut-codel,G3,low
VENHQS1IVy1BNUtMOmxnZ190Y2dhX3Bhbl9jYW5fYXRsYXNfMjAxOA,-0.3808011523838797,-0.6038723781066687,28.86543709,0,42,Female,LGG_IDHmut-non-codel,G2,low
VENHQS1IVC03NDc1OmxnZ190Y2dhX3Bhbl9jYW5fYXRsYXNfMjAxOA,-0.3724031826221273,-1.3119862717995825,17.42446658,0,67,Male,LGG_IDHmut-non-codel,G3,low
VENHQS1IVC03NDcyOmxnZ190Y2dhX3Bhbl9jYW5fYXRsYXNfMjAxOA,-0.37204433243708,-0.8922322461290909,0.032876352,0,38,Male,LGG_IDHmut-non-codel,G2,low
VENHQS1GRy1BNjBLOmxnZ190Y2dhX3Bhbl9jYW5fYXRsYXNfMjAxOA,-0.3697852558661452,-0.796824816126098,17.81898281,0,34,Female,LGG_IDHmut-codel,G2,low
VENHQS1IVC03NDgwOmxnZ190Y2dhX3Bhbl9jYW5fYXRsYXNfMjAxOA,-0.3622241793912086,-0.8041378222490786,75.18821712,0,33,Male,LGG_IDHmut-codel,G2,low
VENHQS1JSy04MTI1OmxnZ190Y2dhX3Bhbl9jYW5fYXRsYXNfMjAxOA,-0.3612906595700891,-0.5364358600953247,42.772134,0,62,Male,LGG_IDHmut-codel,G3,low
VENHQS1IVC04MTA1OmxnZ190Y2dhX3Bhbl9jYW5fYXRsYXNfMjAxOA,-0.3607331593251266,0.3745685314818766,6.246506888,0,54,Male,LGG_IDHmut-codel,G3,low
VENHQS1UUS1BN1JJOmxnZ190Y2dhX3Bhbl9jYW5fYXRsYXNfMjAxOA,-0.3426480190885035,-0.6001228262486373,2.038333827,0,37,Female,LGG_IDHmut-codel,G2,low
VENHQS1WTS1BOEM5OmxnZ190Y2dhX3Bhbl9jYW5fYXRsYXNfMjAxOA,-0.3426478909956851,1.9150510312682276,43.19952658,0,37,Female,LGG_IDHwt,G2,low
VENHQS1UTS1BODRMOmxnZ190Y2dhX3Bhbl9jYW5fYXRsYXNfMjAxOA,-0.3421122762290141,0.0708660210086269,40.83242923,1,31,Male,LGG_IDHmut-non-codel,G2,low
VENHQS1IVC04MTA2OmxnZ190Y2dhX3Bhbl9jYW5fYXRsYXNfMjAxOA,-0.3315535013936906,1.4714714799263788,0.098629056,0,53,Male,LGG_IDHmut-non-codel,G3,low
VENHQS1EQi01Mjc2OmxnZ190Y2dhX3Bhbl9jYW5fYXRsYXNfMjAxOA,-0.3312657181560347,0.3244140108861346,72.91974883,0,32,Male,LGG_IDHmut-non-codel,G3,low
VENHQS1UTS1BODRTOmxnZ190Y2dhX3Bhbl9jYW5fYXRsYXNfMjAxOA,-0.3303243945608897,-0.1600737802557064,14.92586383,0,36,Male,LGG_IDHmut-codel,G3,low
VENHQS1QNS1BNUYyOmxnZ190Y2dhX3Bhbl9jYW5fYXRsYXNfMjAxOA,-0.3292160587146561,-0.8736050389540888,7.956077194,0,36,Female,LGG_IDHmut-non-codel,G2,low
VENHQS1TOS1BNldPOmxnZ190Y2dhX3Bhbl9jYW5fYXRsYXNfMjAxOA,-0.3246115160853254,-0.4890139127916363,18.60801526,0,29,Male,LGG_IDHmut-non-codel,G2,low
VENHQS1UTS1BODRHOmxnZ190Y2dhX3Bhbl9jYW5fYXRsYXNfMjAxOA,-0.3242983848772949,-0.6830867599454864,40.63517112,0,54,Female,LGG_IDHmut-codel,G3,low
VENHQS1ESC1BN1VWOmxnZ190Y2dhX3Bhbl9jYW5fYXRsYXNfMjAxOA,-0.3233301825941929,0.4727350664882642,18.60801526,0,49,Male,LGG_IDHmut-non-codel,G3,low
VENHQS1IVC03Njg5OmxnZ190Y2dhX3Bhbl9jYW5fYXRsYXNfMjAxOA,-0.3169043733944435,-0.1797644162236754,14.95874018,0,58,Female,LGG_IDHmut-non-codel,G2,low
VENHQS1EVS1BN1RBOmxnZ190Y2dhX3Bhbl9jYW5fYXRsYXNfMjAxOA,-0.3051600882149897,-0.4454334886913353,84.32784298,0,32,Male,LGG_IDHmut-non-codel,G2,low
VENHQS1EVS04MTYzOmxnZ190Y2dhX3Bhbl9jYW5fYXRsYXNfMjAxOA,-0.3027350070828593,-0.3444267723180343,20.67922543,0,29,Male,LGG_IDHmut-non-codel,G3,low
VENHQS1IVC1BNjE1OmxnZ190Y2dhX3Bhbl9jYW5fYXRsYXNfMjAxOA,-0.3003342871567027,-0.2167632915173489,16.9313213,0,38,Female,LGG_IDHmut-codel,G2,low
VENHQS1RSC1BNlgzOmxnZ190Y2dhX3Bhbl9jYW5fYXRsYXNfMjAxOA,-0.2976630468280931,-0.6660873478879819,10.29029819,0,27,Male,LGG_IDHmut-non-codel,G2,low
VENHQS1TOS1BNlU4OmxnZ190Y2dhX3Bhbl9jYW5fYXRsYXNfMjAxOA,-0.297483913104752,-0.0361086917324159,98.2345399,1,24,Male,LGG_IDHmut-non-codel,G2,low
VENHQS1UTS1BN0NBOmxnZ190Y2dhX3Bhbl9jYW5fYXRsYXNfMjAxOA,-0.2962627807570565,-0.870651052244859,34.78318046,0,44,Male,LGG_IDHmut-non-codel,G2,low
VENHQS1GRy04MTg2OmxnZ190Y2dhX3Bhbl9jYW5fYXRsYXNfMjAxOA,-0.2928206385349208,-0.3054717697201059,16.01078344,0,42,Female,LGG_IDHmut-codel,G3,low
VENHQS1SWS1BODQwOmxnZ190Y2dhX3Bhbl9jYW5fYXRsYXNfMjAxOA,-0.2921720423616548,-1.0909600922160727,28.07640464,0,47,Male,LGG_IDHmut-codel,G3,low
VENHQS1WVi1BODI5OmxnZ190Y2dhX3Bhbl9jYW5fYXRsYXNfMjAxOA,-0.2857742042031137,-0.4133890603143732,37.05164875,0,44,Male,LGG_IDHmut-codel,G3,low
VENHQS1SOC1BNk1LOmxnZ190Y2dhX3Bhbl9jYW5fYXRsYXNfMjAxOA,-0.2767730055383444,-0.1657020249556875,88.83190321,0,40,Male,LGG_IDHmut-codel,G2,low
VENHQS1RSC1BODZYOmxnZ190Y2dhX3Bhbl9jYW5fYXRsYXNfMjAxOA,-0.2756137867578742,-1.0303734917043392,11.07933064,0,33,Male,LGG_IDHmut-codel,G2,low
VENHQS1EQi1BNjRROmxnZ190Y2dhX3Bhbl9jYW5fYXRsYXNfMjAxOA,-0.2716633362390035,-0.8336213985719848,5.983496071,0,31,Female,LGG_IDHmut-codel,G2,low
VENHQS1GRy04MTgyOmxnZ190Y2dhX3Bhbl9jYW5fYXRsYXNfMjAxOA,-0.269841687261894,-0.2558710258156382,13.67656245,0,35,Male,LGG_IDHmut-non-codel,G2,low
VENHQS1TOS1BN1I3OmxnZ190Y2dhX3Bhbl9jYW5fYXRsYXNfMjAxOA,-0.2671986340626921,0.7008949002601684,98.62905612,0,27,Male,LGG_IDHmut-non-codel,G2,low
VENHQS1GRy04MTg3OmxnZ190Y2dhX3Bhbl9jYW5fYXRsYXNfMjAxOA,-0.2671741856254354,-0.2661861473283367,20.0874511,0,31,Male,LGG_IDHmut-codel,G2,low
VENHQS1EVS1BNlMzOmxnZ190Y2dhX3Bhbl9jYW5fYXRsYXNfMjAxOA,-0.2617397958190531,-0.5620128203331645,21.56688694,0,60,Male,LGG_IDHmut-codel,G2,low
VENHQS1GRy04MTg1OmxnZ190Y2dhX3Bhbl9jYW5fYXRsYXNfMjAxOA,-0.2614901279754705,-1.0749306690377014,14.23546043,0,37,Male,LGG_IDHmut-non-codel,G3,low
VENHQS1EQi1BNFhEOmxnZ190Y2dhX3Bhbl9jYW5fYXRsYXNfMjAxOA,-0.2608341026154096,-0.4261235522408193,39.78038597,0,32,Male,LGG_IDHmut-non-codel,G3,low
VENHQS1EVS04MTY2OmxnZ190Y2dhX3Bhbl9jYW5fYXRsYXNfMjAxOA,-0.2604917633528667,-0.992601446661124,16.96419765,0,29,Female,LGG_IDHmut-non-codel,G2,low
VENHQS1IVC1BNzRMOmxnZ190Y2dhX3Bhbl9jYW5fYXRsYXNfMjAxOA,-0.2565219201186363,-0.598068868127074,11.04645429,0,22,Female,LGG_IDHmut-codel,G2,low
VENHQS1IVC03NDcwOmxnZ190Y2dhX3Bhbl9jYW5fYXRsYXNfMjAxOA,-0.2561987430033318,-0.4585019612223866,40.10914949,1,37,Male,LGG_IDHmut-non-codel,G3,low
VENHQS1IVC03NDc2OmxnZ190Y2dhX3Bhbl9jYW5fYXRsYXNfMjAxOA,-0.2551597857584996,-1.2765487343356905,6.542394056,0,26,Male,LGG_IDHmut-non-codel,G2,low
VENHQS1QNS1BNzdYOmxnZ190Y2dhX3Bhbl9jYW5fYXRsYXNfMjAxOA,-0.254874146582047,-0.1994871081054378,3.452016964,0,55,Female,LGG_IDHmut-codel,G2,low
VENHQS1EVS02Mzk3OmxnZ190Y2dhX3Bhbl9jYW5fYXRsYXNfMjAxOA,-0.2472640039689395,-0.5164305321970809,46.05976921,1,45,Male,LGG_IDHmut-codel,G3,low
VENHQS1TOS1BNlRTOmxnZ190Y2dhX3Bhbl9jYW5fYXRsYXNfMjAxOA,-0.2468607273412595,-0.3867787986119551,62.16918171,1,48,Female,LGG_IDHmut-non-codel,G3,low
VENHQS1EVS02NDAwOmxnZ190Y2dhX3Bhbl9jYW5fYXRsYXNfMjAxOA,-0.2468188819472753,-0.3916416328449863,1.216425026,1,66,Female,LGG_IDHmut-codel,G2,low
VENHQS1UUS1BN1JKOmxnZ190Y2dhX3Bhbl9jYW5fYXRsYXNfMjAxOA,-0.2391061131857834,0.0458206245090444,40.40503666,0,25,Female,LGG_IDHmut-non-codel,G2,low
VENHQS1TOS1BN0ozOmxnZ190Y2dhX3Bhbl9jYW5fYXRsYXNfMjAxOA,-0.235661674748994,-0.4504176226166829,20.67922543,0,52,Female,LGG_IDHmut-codel,G3,low
VENHQS1EVS1BN1RJOmxnZ190Y2dhX3Bhbl9jYW5fYXRsYXNfMjAxOA,-0.2260149460663908,-0.7058030343205367,38.89272446,1,32,Male,,G3,low
VENHQS1UTS1BODRNOmxnZ190Y2dhX3Bhbl9jYW5fYXRsYXNfMjAxOA,-0.2238861586335211,-0.3103846478483295,24.78876944,0,40,Male,LGG_IDHmut-codel,G3,low
VENHQS1FWi03MjY0OmxnZ190Y2dhX3Bhbl9jYW5fYXRsYXNfMjAxOA,-0.2225070638791098,-0.7986630490338245,39.4844988,0,47,Female,LGG_IDHmut-codel,G2,low
VENHQS1RSC1BNkNVOmxnZ190Y2dhX3Bhbl9jYW5fYXRsYXNfMjAxOA,-0.2156924165195661,-0.1988003780194479,14.82723477,0,52,Female,LGG_IDHmut-codel,G3,low
VENHQS1EQi1BNFhHOmxnZ190Y2dhX3Bhbl9jYW5fYXRsYXNfMjAxOA,-0.2120864651628408,-0.8702809169621046,72.95262518,0,34,Male,LGG_IDHmut-codel,G3,low
VENHQS1XWS1BODVFOmxnZ190Y2dhX3Bhbl9jYW5fYXRsYXNfMjAxOA,-0.2113254848475307,-0.6100919331339651,20.81073084,0,48,Female,LGG_IDHmut-non-codel,G2,low
VENHQS1EVS03MzA0OmxnZ190Y2dhX3Bhbl9jYW5fYXRsYXNfMjAxOA,-0.2090533264258867,0.4248700433921,23.3093336,1,43,Male,LGG_IDHmut-non-codel,G3,low
VENHQS1EVS02Mzk5OmxnZ190Y2dhX3Bhbl9jYW5fYXRsYXNfMjAxOA,-0.205484460977234,-0.8739117737254842,65.75270408,1,54,Male,LGG_IDHmut-non-codel,G2,low
VENHQS1IVC03ODg0OmxnZ190Y2dhX3Bhbl9jYW5fYXRsYXNfMjAxOA,-0.2034195352751301,-0.8766003688772789,11.27658875,0,44,Female,LGG_IDHmut-non-codel,G2,low
VENHQS1EQi1BNFhDOmxnZ190Y2dhX3Bhbl9jYW5fYXRsYXNfMjAxOA,-0.2025651314759102,0.0744973146210343,46.71729625,0,26,Male,LGG_IDHmut-non-codel,G2,low
VENHQS1EVS03MzAxOmxnZ190Y2dhX3Bhbl9jYW5fYXRsYXNfMjAxOA,-0.196713182653509,-1.0122073545004893,25.90656541,1,53,Male,LGG_IDHmut-non-codel,G2,low
VENHQS1EVS01ODQ5OmxnZ190Y2dhX3Bhbl9jYW5fYXRsYXNfMjAxOA,-0.1966819720642019,-0.2320720315703609,14.56422395,0,48,Male,LGG_IDHmut-codel,G2,low
VENHQS1EVS1BN1Q4OmxnZ190Y2dhX3Bhbl9jYW5fYXRsYXNfMjAxOA,-0.1958461945188064,-0.6596442316463681,139.0340928,1,35,Male,LGG_IDHmut-non-codel,G3,low
VENHQS1DUy01MzkwOmxnZ190Y2dhX3Bhbl9jYW5fYXRsYXNfMjAxOA,-0.1922145132443671,-0.6350535522852458,64.60729543,0,47,Female,LGG_IDHmut-codel,G2,low
VENHQS1IVC03NDY4OmxnZ190Y2dhX3Bhbl9jYW5fYXRsYXNfMjAxOA,-0.1921649693007949,-0.3333104381766348,6.673899464,0,30,Male,LGG_IDHmut-codel,G3,low
VENHQS1EQi01MjgxOmxnZ190Y2dhX3Bhbl9jYW5fYXRsYXNfMjAxOA,-0.1846553798258526,-0.3241012101539731,78.27859421,0,61,Male,LGG_IDHmut-non-codel,G3,low
VENHQS1QNS1BNzJXOmxnZ190Y2dhX3Bhbl9jYW5fYXRsYXNfMjAxOA,-0.180379281115931,-0.3660714082509249,10.4218036,0,35,Male,LGG_IDHmut-non-codel,G3,low
VENHQS1TOS1BN1IzOmxnZ190Y2dhX3Bhbl9jYW5fYXRsYXNfMjAxOA,-0.1772952106279851,-0.2822632293841447,99.0564487,0,28,Female,LGG_IDHmut-non-codel,G2,low
VENHQS1RSC1BNjVWOmxnZ190Y2dhX3Bhbl9jYW5fYXRsYXNfMjAxOA,-0.1770748119945873,-1.0305643049737498,12.62451918,0,43,Female,LGG_IDHmut-codel,G2,low
VENHQS1IVC1BNERWOmxnZ190Y2dhX3Bhbl9jYW5fYXRsYXNfMjAxOA,-0.1684826996552958,-0.4596908933755093,26.03807082,0,51,Female,LGG_IDHmut-codel,G3,low
VENHQS1RSC1BNlg5OmxnZ190Y2dhX3Bhbl9jYW5fYXRsYXNfMjAxOA,-0.1663180330034347,-0.9062858966492972,1.906828418,0,73,Female,LGG_IDHmut-non-codel,G2,low
VENHQS1EQi1BNFhBOmxnZ190Y2dhX3Bhbl9jYW5fYXRsYXNfMjAxOA,-0.166192060583986,-0.7115403765657203,18.83814972,0,30,Male,LGG_IDHmut-codel,G2,high
VENHQS1DUy02NjcwOmxnZ190Y2dhX3Bhbl9jYW5fYXRsYXNfMjAxOA,-0.1653788819792868,-1.0344337098286651,46.88167801,0,43,Male,LGG_IDHmut-codel,G3,high
VENHQS1IVC04MDEyOmxnZ190Y2dhX3Bhbl9jYW5fYXRsYXNfMjAxOA,-0.1634158111123204,-0.4073632748866044,9.402636683,0,30,Female,LGG_IDHmut-codel,G2,high
VENHQS1EVS1BNVRQOmxnZ190Y2dhX3Bhbl9jYW5fYXRsYXNfMjAxOA,-0.1591288002115983,-1.252218122106677,33.27086826,0,33,Male,LGG_IDHmut-non-codel,G3,high
VENHQS1EVS02NDA3OmxnZ190Y2dhX3Bhbl9jYW5fYXRsYXNfMjAxOA,-0.147346555921197,-0.7880057446830758,94.51951212,1,35,Female,LGG_IDHmut-non-codel,G2,high
VENHQS1IVy04MzE5OmxnZ190Y2dhX3Bhbl9jYW5fYXRsYXNfMjAxOA,-0.1446156504689781,-0.4256736026007602,39.74750962,1,34,Female,LGG_IDHmut-non-codel,G3,high
VENHQS1WTS1BOEM4OmxnZ190Y2dhX3Bhbl9jYW5fYXRsYXNfMjAxOA,-0.1431056096153652,-0.7248255283084977,45.9282638,0,50,Female,LGG_IDHmut-non-codel,G2,high
VENHQS1RSC1BNjVSOmxnZ190Y2dhX3Bhbl9jYW5fYXRsYXNfMjAxOA,-0.1388517985993647,-0.9058590845884816,15.15599829,0,38,Female,LGG_IDHmut-codel,G3,high
VENHQS1IVC03NDgzOmxnZ190Y2dhX3Bhbl9jYW5fYXRsYXNfMjAxOA,-0.1261590821642378,-1.2173442218166644,172.76523,0,14,Male,LGG_IDHmut-non-codel,G2,high
VENHQS1IVC03NjAyOmxnZ190Y2dhX3Bhbl9jYW5fYXRsYXNfMjAxOA,-0.1215745686019834,-0.7597911771006638,29.85172765,0,21,Male,LGG_IDHmut-non-codel,G2,high
VENHQS1DUy02NjY4OmxnZ190Y2dhX3Bhbl9jYW5fYXRsYXNfMjAxOA,-0.114368829194139,-0.7572509079986824,49.93917875,0,57,Female,LGG_IDHmut-codel,G2,high
VENHQS1EVS1BNVRSOmxnZ190Y2dhX3Bhbl9jYW5fYXRsYXNfMjAxOA,-0.1142155550254339,0.9175162591983458,29.85172765,0,51,Male,LGG_IDHmut-non-codel,G2,high
VENHQS1UTS1BODRGOmxnZ190Y2dhX3Bhbl9jYW5fYXRsYXNfMjAxOA,-0.1141423799455991,0.6829824088324792,59.04592826,0,48,Male,LGG_IDHmut-non-codel,G3,high
VENHQS1EVS1BN1RDOmxnZ190Y2dhX3Bhbl9jYW5fYXRsYXNfMjAxOA,-0.1052783592659201,-0.1983621079340001,37.38041227,0,32,Male,LGG_IDHmut-non-codel,G2,high
VENHQS1IVC03NjA0OmxnZ190Y2dhX3Bhbl9jYW5fYXRsYXNfMjAxOA,-0.1027430722864056,-0.8581339371362703,122.4644114,0,50,Male,LGG_IDHmut-non-codel,G2,high
VENHQS1UUS1BN1JSOmxnZ190Y2dhX3Bhbl9jYW5fYXRsYXNfMjAxOA,-0.0980619494972036,-0.7215596697660283,25.87368906,0,38,Male,LGG_IDHmut-non-codel,G2,high
VENHQS1TOS1BN1FZOmxnZ190Y2dhX3Bhbl9jYW5fYXRsYXNfMjAxOA,-0.0972622815657999,-1.0390309226591934,28.37229181,0,35,Female,LGG_IDHmut-codel,G2,high
VENHQS1GRy1BNjBKOmxnZ190Y2dhX3Bhbl9jYW5fYXRsYXNfMjAxOA,-0.0933348456577213,-0.0008547579124178,14.76148207,0,47,Female,LGG_IDHmut-non-codel,G2,high
VENHQS1TOS1BNlU2OmxnZ190Y2dhX3Bhbl9jYW5fYXRsYXNfMjAxOA,-0.0876287252878189,-0.9384741707985084,35.14482033,0,28,Male,LGG_IDHmut-non-codel,G3,high
VENHQS1EQi1BNzVQOmxnZ190Y2dhX3Bhbl9jYW5fYXRsYXNfMjAxOA,-0.0840700910478621,1.7393301444269176,16.1751652,0,25,Female,LGG_IDHwt,G2,high
VENHQS1XWS1BODVCOmxnZ190Y2dhX3Bhbl9jYW5fYXRsYXNfMjAxOA,-0.0745955093657125,-0.4909977710561719,45.79675839,0,24,Male,LGG_IDHmut-non-codel,G2,high
VENHQS1FMS01MzAzOmxnZ190Y2dhX3Bhbl9jYW5fYXRsYXNfMjAxOA,-0.0714343830458706,0.3132740217717508,67.46227439,1,38,Male,LGG_IDHmut-non-codel,G3,high
VENHQS1TOS1BN1FXOmxnZ190Y2dhX3Bhbl9jYW5fYXRsYXNfMjAxOA,-0.0668128882334042,-1.4099382097711413,15.05736923,0,54,Female,LGG_IDHmut-non-codel,G3,high
VENHQS1IVC03NjIwOmxnZ190Y2dhX3Bhbl9jYW5fYXRsYXNfMjAxOA,-0.0588599809130674,-0.1185550814507355,14.26833679,0,40,Male,LGG_IDHmut-codel,G3,high
VENHQS1WTS1BOENGOmxnZ190Y2dhX3Bhbl9jYW5fYXRsYXNfMjAxOA,-0.0551224342390603,1.9209636426544043,20.02169839,0,44,Female,LGG_IDHmut-non-codel,G3,high
VENHQS1WTS1BOENFOmxnZ190Y2dhX3Bhbl9jYW5fYXRsYXNfMjAxOA,-0.0546382629412999,-0.8249306917559445,39.15573528,0,25,Male,LGG_IDHmut-codel,G2,high
VENHQS1WVi1BODZNOmxnZ190Y2dhX3Bhbl9jYW5fYXRsYXNfMjAxOA,-0.0539512739161424,-1.129965813812464,16.01078344,0,36,Female,LGG_IDHmut-non-codel,G3,high
VENHQS1GRy1BNzBZOmxnZ190Y2dhX3Bhbl9jYW5fYXRsYXNfMjAxOA,-0.0415063527947117,-0.4763636011787978,28.53667357,0,20,Female,LGG_IDHmut-non-codel,G2,high
VENHQS1DUy02NjY2OmxnZ190Y2dhX3Bhbl9jYW5fYXRsYXNfMjAxOA,-0.0407260261737337,-0.9267508768693996,46.94743071,0,22,Male,LGG_IDHmut-non-codel,G3,high
VENHQS1EVS02NDEwOmxnZ190Y2dhX3Bhbl9jYW5fYXRsYXNfMjAxOA,-0.0373761212065305,-0.9985159785742695,7.956077194,0,56,Male,LGG_IDHmut-codel,G3,high
VENHQS1TOS1BN1FYOmxnZ190Y2dhX3Bhbl9jYW5fYXRsYXNfMjAxOA,-0.0364200210677267,0.100019160605478,18.54226255,0,36,Female,LGG_IDHmut-non-codel,G3,high
VENHQS1UUS1BN1JGOmxnZ190Y2dhX3Bhbl9jYW5fYXRsYXNfMjAxOA,-0.03086608423722,-0.2187553226804703,21.36962883,0,27,Female,LGG_IDHmut-non-codel,G3,high
VENHQS1EVS02NDA4OmxnZ190Y2dhX3Bhbl9jYW5fYXRsYXNfMjAxOA,-0.0215010621692144,0.442010222468729,114.0809416,1,23,Female,LGG_IDHmut-non-codel,G3,high
VENHQS1FMS1BN1lXOmxnZ190Y2dhX3Bhbl9jYW5fYXRsYXNfMjAxOA,-0.020651579429481,-0.3290900642700094,36.82151429,1,28,Male,LGG_IDHmut-non-codel,G2,high
VENHQS1IVC03ODU4OmxnZ190Y2dhX3Bhbl9jYW5fYXRsYXNfMjAxOA,-0.0191093446784261,-0.3141828023875052,50.62958214,0,28,Male,LGG_IDHmut-non-codel,G2,high
VENHQS1EQi01MjczOmxnZ190Y2dhX3Bhbl9jYW5fYXRsYXNfMjAxOA,-0.0176185289801149,-0.972604779756702,81.96074564,0,33,Male,LGG_IDHmut-non-codel,G3,high
VENHQS1UTS1BODRROmxnZ190Y2dhX3Bhbl9jYW5fYXRsYXNfMjAxOA,-0.0175452574086233,-0.7218359991701295,25.38054378,0,31,Male,LGG_IDHmut-non-codel,G2,high
VENHQS1TOS1BNldEOmxnZ190Y2dhX3Bhbl9jYW5fYXRsYXNfMjAxOA,-0.0111338061396922,-0.4513034619193872,75.25396982,0,58,Male,LGG_IDHmut-codel,G3,high
VENHQS1EQi1BNjRVOmxnZ190Y2dhX3Bhbl9jYW5fYXRsYXNfMjAxOA,-0.0013619094562553,-0.6847271437040456,27.81339383,0,38,Female,LGG_IDHmut-codel,G2,high
VENHQS1SWS1BODNYOmxnZ190Y2dhX3Bhbl9jYW5fYXRsYXNfMjAxOA,-9.593060623864016e-05,-0.3770533669930327,30.87089457,0,46,Female,LGG_IDHmut-codel,G2,high
VENHQS1EVS04MTY4OmxnZ190Y2dhX3Bhbl9jYW5fYXRsYXNfMjAxOA,0.0049205877619904,-0.9161763446342862,14.16970773,0,55,Female,LGG_IDHmut-codel,G3,high
VENHQS1TOS1BNlRXOmxnZ190Y2dhX3Bhbl9jYW5fYXRsYXNfMjAxOA,0.0082767638858014,-0.9876190363026458,41.09544005,0,40,Male,LGG_IDHmut-codel,G3,high
VENHQS1EQi1BNzVMOmxnZ190Y2dhX3Bhbl9jYW5fYXRsYXNfMjAxOA,0.0089984322610183,-0.34266655231552,11.2437124,0,36,Female,LGG_IDHmut-non-codel,G3,high
VENHQS1IVC03NjkwOmxnZ190Y2dhX3Bhbl9jYW5fYXRsYXNfMjAxOA,0.0187945738034569,-0.571112778490354,0.098629056,0,29,Male,LGG_IDHmut-non-codel,G3,high
VENHQS1IVC03NjE2OmxnZ190Y2dhX3Bhbl9jYW5fYXRsYXNfMjAxOA,0.0190585567864624,1.0242508093468774,0.230134464,1,75,Male,LGG_IDHmut-codel,G3,high
VENHQS1GRy04MTg4OmxnZ190Y2dhX3Bhbl9jYW5fYXRsYXNfMjAxOA,0.0194923502587724,-0.607134586192367,14.95874018,0,41,Male,LGG_IDHmut-non-codel,G2,high
VENHQS1UUS1BN1JIOmxnZ190Y2dhX3Bhbl9jYW5fYXRsYXNfMjAxOA,0.0393243905523074,-0.5611415339954979,15.97790709,0,39,Male,LGG_IDHmut-non-codel,G2,high
VENHQS1GRy01OTY1OmxnZ190Y2dhX3Bhbl9jYW5fYXRsYXNfMjAxOA,0.0400160932610287,-0.3273954373539428,36.82151429,1,39,Female,LGG_IDHmut-non-codel,G2,high
VENHQS1XWS1BODU5OmxnZ190Y2dhX3Bhbl9jYW5fYXRsYXNfMjAxOA,0.042114236830215,-0.8297855058902962,39.87901502,0,34,Female,LGG_IDHmut-non-codel,G2,high
VENHQS1ESC1BNjZHOmxnZ190Y2dhX3Bhbl9jYW5fYXRsYXNfMjAxOA,0.0448053563747321,-0.647272809598906,17.19433212,0,49,Female,LGG_IDHmut-non-codel,G3,high
VENHQS1TOS1BNlVCOmxnZ190Y2dhX3Bhbl9jYW5fYXRsYXNfMjAxOA,0.046847407510971,-0.6498377490641339,123.64796,0,52,Male,LGG_IDHmut-codel,G2,high
VENHQS1TOS1BN1FaOmxnZ190Y2dhX3Bhbl9jYW5fYXRsYXNfMjAxOA,0.0536167856442216,-0.2871000435414087,27.15586679,0,41,Male,LGG_IDHmut-codel,G2,high
VENHQS1TOS1BNlU1OmxnZ190Y2dhX3Bhbl9jYW5fYXRsYXNfMjAxOA,0.0672035961520986,-0.3182005147522772,32.61334122,0,33,Male,LGG_IDHmut-codel,G2,high
VENHQS1IVC03ODc5OmxnZ190Y2dhX3Bhbl9jYW5fYXRsYXNfMjAxOA,0.0693037027348014,-0.0712506561209609,3.682151429,0,31,Male,LGG_IDHmut-non-codel,G3,high
VENHQS1XWS1BODVEOmxnZ190Y2dhX3Bhbl9jYW5fYXRsYXNfMjAxOA,0.0706569649364464,-0.1564578097939714,37.70917579,0,60,Male,LGG_IDHmut-non-codel,G2,high
VENHQS1EVS01ODc0OmxnZ190Y2dhX3Bhbl9jYW5fYXRsYXNfMjAxOA,0.0757730469987162,-0.5143304652289451,15.15599829,0,62,Female,LGG_IDHmut-codel,G2,high
VENHQS1EVS02Mzk2OmxnZ190Y2dhX3Bhbl9jYW5fYXRsYXNfMjAxOA,0.0769312933760317,0.4568923587707278,75.15534076,1,31,Female,LGG_IDHmut-non-codel,G3,high
VENHQS1TOS1BNlU5OmxnZ190Y2dhX3Bhbl9jYW5fYXRsYXNfMjAxOA,0.0796222132508736,0.126675216066994,95.93319525,0,36,Male,LGG_IDHmut-non-codel,G3,high
VENHQS1RSC1BNlg1OmxnZ190Y2dhX3Bhbl9jYW5fYXRsYXNfMjAxOA,0.0920823276085757,-0.2344572144007914,16.33954696,0,58,Female,LGG_IDHmut-codel,G2,high
VENHQS1RSC1BNkNYOmxnZ190Y2dhX3Bhbl9jYW5fYXRsYXNfMjAxOA,0.0931640888174531,1.1911650771129454,12.23000296,1,66,Male,LGG_IDHwt,G2,high
VENHQS1RSC1BNlhBOmxnZ190Y2dhX3Bhbl9jYW5fYXRsYXNfMjAxOA,0.093938808295733,-0.4737292851420717,16.50392872,0,23,Female,LGG_IDHmut-non-codel,G2,high
VENHQS1EVS1BNVRVOmxnZ190Y2dhX3Bhbl9jYW5fYXRsYXNfMjAxOA,0.0958994958615003,-0.3971286082953831,26.16957622,0,62,Female,LGG_IDHmut-non-codel,G2,high
VENHQS1QNS1BNzMwOmxnZ190Y2dhX3Bhbl9jYW5fYXRsYXNfMjAxOA,0.098907304812564,0.189851830052235,10.94782523,0,22,Male,LGG_IDHmut-codel,G3,high
VENHQS1EQi01Mjc3OmxnZ190Y2dhX3Bhbl9jYW5fYXRsYXNfMjAxOA,0.1002590362681858,-0.4659895343204636,50.85971661,1,34,Male,LGG_IDHmut-non-codel,G3,high
VENHQS1QNS1BNzM3OmxnZ190Y2dhX3Bhbl9jYW5fYXRsYXNfMjAxOA,0.1040095733809402,-0.3263668412732483,12.23000296,0,47,Male,LGG_IDHmut-codel,G2,high
VENHQS1FMS01MzExOmxnZ190Y2dhX3Bhbl9jYW5fYXRsYXNfMjAxOA,0.1070653645222119,-0.1452814575897007,134.2670217,1,31,Male,LGG_IDHmut-codel,G3,high
VENHQS1IVy04MzIyOmxnZ190Y2dhX3Bhbl9jYW5fYXRsYXNfMjAxOA,0.1091531636259824,-0.4032992835432086,24.92027485,0,39,Male,LGG_IDHmut-codel,G2,high
VENHQS1QNS1BNzMxOmxnZ190Y2dhX3Bhbl9jYW5fYXRsYXNfMjAxOA,0.1189795837101934,-0.0203255902529061,9.008120459,0,59,Female,LGG_IDHmut-non-codel,G2,high
VENHQS1QNS1BNzgwOmxnZ190Y2dhX3Bhbl9jYW5fYXRsYXNfMjAxOA,0.1247873196451403,0.0855549653200222,2.367097347,0,44,Female,LGG_IDHmut-non-codel,G3,high
VENHQS1IVC03NjAxOmxnZ190Y2dhX3Bhbl9jYW5fYXRsYXNfMjAxOA,0.1316531343191375,1.0178832889490577,5.030081862,0,30,Female,LGG_IDHmut-non-codel,G3,high
VENHQS1TOS1BNlRWOmxnZ190Y2dhX3Bhbl9jYW5fYXRsYXNfMjAxOA,0.1338567741796747,-0.1068320119624025,18.77239702,0,50,Male,LGG_IDHmut-non-codel,G3,high
VENHQS1TOS1BNldROmxnZ190Y2dhX3Bhbl9jYW5fYXRsYXNfMjAxOA,0.1368312832681218,0.2166007638685122,14.07107867,0,57,Female,LGG_IDHmut-non-codel,G2,high
VENHQS1EQi1BNzVNOmxnZ190Y2dhX3Bhbl9jYW5fYXRsYXNfMjAxOA,0.1413191244701584,-0.1430794849954292,17.88473551,0,47,Male,LGG_IDHmut-non-codel,G2,high
VENHQS1IVC03NDY3OmxnZ190Y2dhX3Bhbl9jYW5fYXRsYXNfMjAxOA,0.1425298269485973,-0.5400887084081631,0.098629056,0,54,Male,LGG_IDHmut-codel,G2,high
VENHQS1EQi1BNjRQOmxnZ190Y2dhX3Bhbl9jYW5fYXRsYXNfMjAxOA,0.1448582782769137,-0.6640899890670322,30.11473847,0,40,Male,LGG_IDHmut-codel,G3,high
VENHQS1FMS1BN1lPOmxnZ190Y2dhX3Bhbl9jYW5fYXRsYXNfMjAxOA,0.1491923524317875,-0.2461079504223578,75.02383536,1,45,Male,LGG_IDHmut-codel,G3,high
VENHQS1FMS01MzAyOmxnZ190Y2dhX3Bhbl9jYW5fYXRsYXNfMjAxOA,0.1535904155429398,-0.2949525274542047,50.13643686,1,41,Male,LGG_IDHmut-non-codel,G3,high
VENHQS1IVC04MTExOmxnZ190Y2dhX3Bhbl9jYW5fYXRsYXNfMjAxOA,0.1597538700029646,-0.1797314613388317,0.230134464,0,32,Male,LGG_IDHmut-non-codel,G3,high
VENHQS1EVS04MTY3OmxnZ190Y2dhX3Bhbl9jYW5fYXRsYXNfMjAxOA,0.1604240007617905,-0.2057780609632224,15.48476181,0,69,Female,LGG_IDHmut-non-codel,G2,high
VENHQS1IVC03NDgxOmxnZ190Y2dhX3Bhbl9jYW5fYXRsYXNfMjAxOA,0.1612211658749136,-0.22376822070498,95.93319525,0,39,Male,LGG_IDHmut-codel,G2,high
VENHQS1EQi1BNjRTOmxnZ190Y2dhX3Bhbl9jYW5fYXRsYXNfMjAxOA,0.1664769837367213,-0.5500638851581843,27.45175395,0,20,Male,LGG_IDHmut-non-codel,G2,high
VENHQS1FMS1BN1lFOmxnZ190Y2dhX3Bhbl9jYW5fYXRsYXNfMjAxOA,0.1671862986749709,2.6055614931791533,29.12844791,1,32,Female,LGG_IDHmut-non-codel,G3,high
VENHQS1TOS1BNldMOmxnZ190Y2dhX3Bhbl9jYW5fYXRsYXNfMjAxOA,0.168622369674394,-0.669193178124743,31.10102903,0,52,Male,LGG_IDHmut-codel,G3,high
VENHQS1EQi01Mjc1OmxnZ190Y2dhX3Bhbl9jYW5fYXRsYXNfMjAxOA,0.178749061792972,-0.4325799608939309,47.93372127,0,36,Male,LGG_IDHmut-non-codel,G3,high
VENHQS1UUS1BN1JLOmxnZ190Y2dhX3Bhbl9jYW5fYXRsYXNfMjAxOA,0.1799554501630181,-0.1403392533979554,44.08718809,0,29,Male,LGG_IDHmut-non-codel,G2,high
VENHQS1UUS1BN1JVOmxnZ190Y2dhX3Bhbl9jYW5fYXRsYXNfMjAxOA,0.1829401362322691,-0.8430503874373956,33.92839531,0,51,Male,LGG_IDHmut-codel,G2,high
VENHQS1ESC1BN1VTOmxnZ190Y2dhX3Bhbl9jYW5fYXRsYXNfMjAxOA,0.1845980207893007,-0.4202078264831831,23.21070454,0,50,Male,LGG_IDHmut-codel,G2,high
VENHQS1EVS1BNVRXOmxnZ190Y2dhX3Bhbl9jYW5fYXRsYXNfMjAxOA,0.1849553029406951,-0.8394813960889986,24.98602755,0,33,Female,LGG_IDHmut-non-codel,G3,high
VENHQS1GRy1BNkoxOmxnZ190Y2dhX3Bhbl9jYW5fYXRsYXNfMjAxOA,0.1887889646344507,-0.7744902685841721,16.43817602,0,44,Female,LGG_IDHmut-codel,G2,high
VENHQS1EVS1BNzZPOmxnZ190Y2dhX3Bhbl9jYW5fYXRsYXNfMjAxOA,0.1889521139439821,-0.2026785165377617,17.16145577,0,30,Male,LGG_IDHmut-non-codel,G2,high
VENHQS1IVC1BNjE4OmxnZ190Y2dhX3Bhbl9jYW5fYXRsYXNfMjAxOA,0.1961650844431613,0.3284650055133204,16.83269224,0,37,Female,LGG_IDHmut-non-codel,G3,high
VENHQS1EVS04MTY1OmxnZ190Y2dhX3Bhbl9jYW5fYXRsYXNfMjAxOA,0.2000451754142047,2.2264041341822782,19.13403689,0,60,Female,LGG_IDHwt,G3,high
VENHQS1GRy1BNklaOmxnZ190Y2dhX3Bhbl9jYW5fYXRsYXNfMjAxOA,0.2098277197853439,-0.84543810310825,15.02449288,0,60,Male,LGG_IDHmut-codel,G2,high
VENHQS1EVS03MDA3OmxnZ190Y2dhX3Bhbl9jYW5fYXRsYXNfMjAxOA,0.2108916646864534,1.0262763327596407,62.95821416,1,33,Male,LGG_IDHmut-non-codel,G2,high
VENHQS1IVC03ODczOmxnZ190Y2dhX3Bhbl9jYW5fYXRsYXNfMjAxOA,0.2183616591038017,-0.3227121074174233,23.60522077,0,29,Male,LGG_IDHmut-non-codel,G2,high
VENHQS1GRy1BNzEwOmxnZ190Y2dhX3Bhbl9jYW5fYXRsYXNfMjAxOA,0.2197240649390271,-0.3037750543321216,36.65713253,0,50,Female,LGG_IDHmut-codel,G2,high
VENHQS1TOS1BNldOOmxnZ190Y2dhX3Bhbl9jYW5fYXRsYXNfMjAxOA,0.2264634434416701,0.3469644995639207,26.46546339,0,38,Female,LGG_IDHmut-codel,G3,high
VENHQS1SWS1BODQzOmxnZ190Y2dhX3Bhbl9jYW5fYXRsYXNfMjAxOA,0.2497504540908983,-0.6740135061047299,2.071210179,0,30,Male,LGG_IDHmut-non-codel,G3,high
VENHQS1ESC1BNjZCOmxnZ190Y2dhX3Bhbl9jYW5fYXRsYXNfMjAxOA,0.2547831218719695,0.2149073258303833,42.04885426,0,52,Male,LGG_IDHmut-non-codel,G3,high
VENHQS1RSC1BNjVYOmxnZ190Y2dhX3Bhbl9jYW5fYXRsYXNfMjAxOA,0.2662070490146636,0.0311081286068578,15.84640168,0,28,Female,LGG_IDHmut-codel,G3,high
VENHQS1IVC1BNzRKOmxnZ190Y2dhX3Bhbl9jYW5fYXRsYXNfMjAxOA,0.2722479185111486,-0.0289992610726921,10.52043265,0,33,Male,LGG_IDHmut-non-codel,G2,high
VENHQS1EQi1BNzVLOmxnZ190Y2dhX3Bhbl9jYW5fYXRsYXNfMjAxOA,0.2766036356453193,-0.7088568952753705,12.09849755,0,55,Female,LGG_IDHmut-codel,G3,high
VENHQS1IVC03NDcxOmxnZ190Y2dhX3Bhbl9jYW5fYXRsYXNfMjAxOA,0.2808174058068415,-0.4126727838303396,0.131505408,0,37,Female,LGG_IDHmut-codel,G3,high
VENHQS1EQi1BNjRWOmxnZ190Y2dhX3Bhbl9jYW5fYXRsYXNfMjAxOA,0.2818905314925385,-0.2919323180173612,29.22707696,0,54,Male,LGG_IDHmut-codel,G2,high
VENHQS1TOS1BNlRZOmxnZ190Y2dhX3Bhbl9jYW5fYXRsYXNfMjAxOA,0.2909489688321824,-0.8518785504502652,35.3749548,0,50,Male,LGG_IDHmut-codel,G2,high
VENHQS1SWS1BODNZOmxnZ190Y2dhX3Bhbl9jYW5fYXRsYXNfMjAxOA,0.2916359563509133,-0.271774549030482,5.457474439,0,45,Male,LGG_IDHmut-codel,G2,high
VENHQS1GRy01OTY0OmxnZ190Y2dhX3Bhbl9jYW5fYXRsYXNfMjAxOA,0.2945311955828064,0.1877630224954466,52.20764704,0,62,Male,LGG_IDHmut-codel,G2,high
VENHQS1QNS1BNzM1OmxnZ190Y2dhX3Bhbl9jYW5fYXRsYXNfMjAxOA,0.3067270206635363,-0.6313465719508733,9.599894796,0,38,Female,LGG_IDHmut-non-codel,G2,high
VENHQS1IVC03OTAyOmxnZ190Y2dhX3Bhbl9jYW5fYXRsYXNfMjAxOA,0.3071993360886245,-0.1053329872326623,31.42979255,0,30,Female,LGG_IDHmut-non-codel,G2,high
VENHQS1EVS1BNlM3OmxnZ190Y2dhX3Bhbl9jYW5fYXRsYXNfMjAxOA,0.3190589332354091,-0.3853580693967538,20.9751126,0,27,Female,LGG_IDHmut-non-codel,G3,high
VENHQS1TOS1BNlRYOmxnZ190Y2dhX3Bhbl9jYW5fYXRsYXNfMjAxOA,0.3273973943563707,0.1524504197454709,40.93105829,0,46,Male,LGG_IDHmut-codel,G3,high
VENHQS1IVC1BNVI5OmxnZ190Y2dhX3Bhbl9jYW5fYXRsYXNfMjAxOA,0.3308055256369085,-0.7963619079359388,0.065752704,0,48,Female,LGG_IDHmut-codel,G3,high
VENHQS1IVC1BNzRIOmxnZ190Y2dhX3Bhbl9jYW5fYXRsYXNfMjAxOA,0.3326404684927255,1.0810150939630896,2.432850051,0,62,Male,LGG_IDHwt,G3,high
VENHQS1IVC03ODYwOmxnZ190Y2dhX3Bhbl9jYW5fYXRsYXNfMjAxOA,0.333380256229844,1.0006823071372668,0.493145281,0,60,Female,LGG_IDHwt,G3,high
VENHQS1IVC03NDgyOmxnZ190Y2dhX3Bhbl9jYW5fYXRsYXNfMjAxOA,0.3411127415762226,-0.2005779451783919,106.9467732,0,18,Female,LGG_IDHmut-non-codel,G2,high
VENHQS1EVS03MDEyOmxnZ190Y2dhX3Bhbl9jYW5fYXRsYXNfMjAxOA,0.3454846398743584,2.6426567802307326,6.542394056,1,74,Female,LGG_IDHwt,G3,high
VENHQS1EVS03MjkwOmxnZ190Y2dhX3Bhbl9jYW5fYXRsYXNfMjAxOA,0.3541245582570647,3.478866040716656,10.35605089,1,45,Female,LGG_IDHwt,G3,high
VENHQS1EVS1BNVRUOmxnZ190Y2dhX3Bhbl9jYW5fYXRsYXNfMjAxOA,0.3555789733121219,0.553302164193439,24.42712957,0,70,Male,LGG_IDHwt,G3,high
VENHQS1EVS02MzkyOmxnZ190Y2dhX3Bhbl9jYW5fYXRsYXNfMjAxOA,0.3602847668898508,-0.0005744049975212,211.1648092,0,35,Female,LGG_IDHwt,G3,high
VENHQS1GRy03NjM2OmxnZ190Y2dhX3Bhbl9jYW5fYXRsYXNfMjAxOA,0.3958274699281505,-0.9330034411960496,17.88473551,0,48,Male,LGG_IDHmut-non-codel,G3,high
VENHQS1EVS02Mzk1OmxnZ190Y2dhX3Bhbl9jYW5fYXRsYXNfMjAxOA,0.3960677105981406,-0.3480033800785223,49.01864089,1,31,Male,LGG_IDHmut-non-codel,G2,high
VENHQS1TOS1BNldQOmxnZ190Y2dhX3Bhbl9jYW5fYXRsYXNfMjAxOA,0.4123878409413044,-0.4836367043067401,18.64089161,0,42,Male,LGG_IDHmut-codel,G3,high
VENHQS1DUy02NjY1OmxnZ190Y2dhX3Bhbl9jYW5fYXRsYXNfMjAxOA,0.4280548269950933,0.876263420398851,51.55012,0,51,Female,LGG_IDHmut-non-codel,G3,high
VENHQS1GRy03NjQzOmxnZ190Y2dhX3Bhbl9jYW5fYXRsYXNfMjAxOA,0.4296381562759696,-0.0251780083514318,20.0874511,0,49,Female,LGG_IDHwt,G2,high
VENHQS1RSC1BNjVTOmxnZ190Y2dhX3Bhbl9jYW5fYXRsYXNfMjAxOA,0.4369840166569624,0.5154208414627233,2.531479107,0,32,Female,LGG_IDHmut-non-codel,G2,high
VENHQS1IVC1BNjE0OmxnZ190Y2dhX3Bhbl9jYW5fYXRsYXNfMjAxOA,0.4423341129337171,-0.2280386635703447,2.695860867,0,47,Male,LGG_IDHmut-non-codel,G2,high
VENHQS1TOS1BN1IyOmxnZ190Y2dhX3Bhbl9jYW5fYXRsYXNfMjAxOA,0.4484556504698473,1.2669698070232434,10.38892725,1,69,Male,LGG_IDHwt,G3,high
VENHQS1EVS02NTQyOmxnZ190Y2dhX3Bhbl9jYW5fYXRsYXNfMjAxOA,0.4686752317861086,0.7811634546678372,2.399973699,0,25,Male,LGG_IDHmut-non-codel,G3,high
VENHQS1XWS1BODU4OmxnZ190Y2dhX3Bhbl9jYW5fYXRsYXNfMjAxOA,0.4815744354126799,0.947565171627635,43.95568268,0,32,Female,LGG_IDHmut-non-codel,G3,high
VENHQS1UUS1BOFhFOmxnZ190Y2dhX3Bhbl9jYW5fYXRsYXNfMjAxOA,0.4863067625481401,-0.3136427437349581,31.36403985,1,42,Female,LGG_IDHmut-non-codel,G2,high
VENHQS1GRy1BNE1YOmxnZ190Y2dhX3Bhbl9jYW5fYXRsYXNfMjAxOA,0.5052857338660257,0.4283430150634326,18.70664431,0,47,Male,LGG_IDHmut-non-codel,G2,high
VENHQS1IVC04MDEzOmxnZ190Y2dhX3Bhbl9jYW5fYXRsYXNfMjAxOA,0.5327471152745941,0.2936850162722468,63.54998849,1,37,Female,LGG_IDHmut-non-codel,G2,high
VENHQS1TOS1BNlUxOmxnZ190Y2dhX3Bhbl9jYW5fYXRsYXNfMjAxOA,0.5403395571824591,-0.7232587138373084,25.80793635,0,22,Female,LGG_IDHmut-non-codel,G3,high
VENHQS1GRy03NjM0OmxnZ190Y2dhX3Bhbl9jYW5fYXRsYXNfMjAxOA,0.5411338416665028,0.0934074738498467,15.3532564,0,28,Male,LGG_IDHmut-codel,G2,high
VENHQS1EVS1BNlM4OmxnZ190Y2dhX3Bhbl9jYW5fYXRsYXNfMjAxOA,0.5435342480406072,-0.4858195408196861,22.29016668,0,74,Female,LGG_IDHmut-codel,G3,high
VENHQS1FMS1BN1lOOmxnZ190Y2dhX3Bhbl9jYW5fYXRsYXNfMjAxOA,0.5442469666441226,2.6442105160237777,23.90110793,1,63,Female,LGG_IDHwt,G3,high
VENHQS1ESC01MTQyOmxnZ190Y2dhX3Bhbl9jYW5fYXRsYXNfMjAxOA,0.5454091668301438,0.1710415966071558,63.87875201,0,29,Male,LGG_IDHmut-non-codel,G3,high
VENHQS1ESC1BN1VUOmxnZ190Y2dhX3Bhbl9jYW5fYXRsYXNfMjAxOA,0.5455520519848585,0.8497218506935641,17.45734293,1,30,Male,LGG_IDHmut-non-codel,G3,high
VENHQS1GRy1BNzExOmxnZ190Y2dhX3Bhbl9jYW5fYXRsYXNfMjAxOA,0.554284449020942,-0.2161788860500502,48.68987737,1,33,Female,LGG_IDHmut-non-codel,G2,high
VENHQS1GRy1BNjBMOmxnZ190Y2dhX3Bhbl9jYW5fYXRsYXNfMjAxOA,0.5543485571428849,-0.1314045737815121,21.53401059,0,34,Female,LGG_IDHmut-non-codel,G2,high
VENHQS1EQi1BNFhFOmxnZ190Y2dhX3Bhbl9jYW5fYXRsYXNfMjAxOA,0.5705043018730127,-0.9238554972674052,37.44616497,0,27,Female,LGG_IDHmut-non-codel,G3,high
VENHQS1IVC03ODgyOmxnZ190Y2dhX3Bhbl9jYW5fYXRsYXNfMjAxOA,0.5721593193175016,3.497559641768372,3.715027781,1,66,Male,LGG_IDHwt,G3,high
VENHQS1EVS1BN1Q2OmxnZ190Y2dhX3Bhbl9jYW5fYXRsYXNfMjAxOA,0.5877746802045778,1.5770450706642856,17.98336457,1,73,Female,LGG_IDHmut-codel,G3,high
VENHQS1IVC04NTY0OmxnZ190Y2dhX3Bhbl9jYW5fYXRsYXNfMjAxOA,0.6052373839384941,-0.5456372346281922,15.71489628,0,47,Male,LGG_IDHwt,G3,high
VENHQS1ESC1BN1VSOmxnZ190Y2dhX3Bhbl9jYW5fYXRsYXNfMjAxOA,0.6082229646113757,-0.214545127912654,54.24598087,0,59,Female,LGG_IDHmut-codel,G3,high
VENHQS1ESC01MTQwOmxnZ190Y2dhX3Bhbl9jYW5fYXRsYXNfMjAxOA,0.6188330210358912,1.4209044271318725,19.95594569,1,38,Female,LGG_IDHwt,G3,high
VENHQS1RSC1BNlg0OmxnZ190Y2dhX3Bhbl9jYW5fYXRsYXNfMjAxOA,0.6221889305649743,0.1983714279765477,14.5313476,0,47,Male,LGG_IDHmut-codel,G3,high
VENHQS1UTS1BODRPOmxnZ190Y2dhX3Bhbl9jYW5fYXRsYXNfMjAxOA,0.6247151947363043,0.4076815994398749,33.23799191,1,61,Female,LGG_IDHmut-codel,G3,high
VENHQS1LVC1BNzRYOmxnZ190Y2dhX3Bhbl9jYW5fYXRsYXNfMjAxOA,0.627596991792678,-0.6151315615054994,14.39984219,0,26,Male,LGG_IDHmut-codel,G3,high
VENHQS1FMS1BN1lVOmxnZ190Y2dhX3Bhbl9jYW5fYXRsYXNfMjAxOA,0.6365049743384237,0.2749889595820355,0.756156097,1,42,Male,LGG_IDHmut-non-codel,G3,high
VENHQS1FMS1BN1lIOmxnZ190Y2dhX3Bhbl9jYW5fYXRsYXNfMjAxOA,0.6487796399491621,-0.3177208034195426,93.20445803,1,47,Female,LGG_IDHmut-non-codel,G3,high
VENHQS1FMS1BN1lTOmxnZ190Y2dhX3Bhbl9jYW5fYXRsYXNfMjAxOA,0.6544691182070705,-0.1018334468459992,15.32038005,1,71,Male,LGG_IDHmut-codel,G3,high
VENHQS1IVy1BNUtKOmxnZ190Y2dhX3Bhbl9jYW5fYXRsYXNfMjAxOA,0.6625898995972229,-0.5586433361713915,31.62705066,1,68,Male,LGG_IDHmut-codel,G3,high
VENHQS1JSy03Njc1OmxnZ190Y2dhX3Bhbl9jYW5fYXRsYXNfMjAxOA,0.6647215431708889,0.6297494743566472,19.00253148,1,43,Male,LGG_IDHmut-non-codel,G2,high
VENHQS1GRy1BNE1UOmxnZ190Y2dhX3Bhbl9jYW5fYXRsYXNfMjAxOA,0.681045634911672,-0.4537664049492547,38.26807378,0,27,Female,LGG_IDHmut-non-codel,G2,high
VENHQS1TOS1BNldHOmxnZ190Y2dhX3Bhbl9jYW5fYXRsYXNfMjAxOA,0.6921727916462828,-0.1189539869526709,85.54426801,0,31,Male,LGG_IDHmut-non-codel,G3,high
VENHQS1IVC04MTEwOmxnZ190Y2dhX3Bhbl9jYW5fYXRsYXNfMjAxOA,0.7022958795363702,1.7776167721170142,13.77519151,0,57,Male,LGG_IDHwt,G3,high
VENHQS1EQi01Mjc0OmxnZ190Y2dhX3Bhbl9jYW5fYXRsYXNfMjAxOA,0.7164840699371375,-0.6598183522136263,75.25396982,0,37,Female,LGG_IDHmut-codel,G3,high
VENHQS1ESC1BN1VVOmxnZ190Y2dhX3Bhbl9jYW5fYXRsYXNfMjAxOA,0.7208566104189429,0.4376285701105605,13.7094388,0,43,Male,LGG_IDHmut-non-codel,G3,high
VENHQS1IVC03NjkyOmxnZ190Y2dhX3Bhbl9jYW5fYXRsYXNfMjAxOA,0.7318652599617823,-0.2317485546164291,2.958871684,0,43,Male,LGG_IDHmut-codel,G2,high
VENHQS1EVS03Mjk4OmxnZ190Y2dhX3Bhbl9jYW5fYXRsYXNfMjAxOA,0.7384462180858244,0.0460504163762534,18.93677878,1,38,Female,LGG_IDHmut-non-codel,G3,high
VENHQS1RSC1BNlg4OmxnZ190Y2dhX3Bhbl9jYW5fYXRsYXNfMjAxOA,0.7394734895644725,-0.1341093953988806,16.73406319,0,56,Female,LGG_IDHmut-codel,G3,high
VENHQS1EVS02MzkzOmxnZ190Y2dhX3Bhbl9jYW5fYXRsYXNfMjAxOA,0.7752059147581739,0.3423189491622527,52.10901798,1,66,Male,LGG_IDHmut-codel,G3,high
VENHQS1UTS1BODRCOmxnZ190Y2dhX3Bhbl9jYW5fYXRsYXNfMjAxOA,0.7773062678151896,1.909777053240013,24.92027485,1,40,Male,LGG_IDHwt,G3,high
VENHQS1IVC1BNzRPOmxnZ190Y2dhX3Bhbl9jYW5fYXRsYXNfMjAxOA,0.796035207114335,-0.3547126029568927,0.098629056,0,34,Male,LGG_IDHmut-non-codel,G3,high
VENHQS1DUy00OTQzOmxnZ190Y2dhX3Bhbl9jYW5fYXRsYXNfMjAxOA,0.7988985187000144,0.6180698364308216,36.36124536,1,37,Male,LGG_IDHmut-non-codel,G3,high
VENHQS1SOC1BNk1POmxnZ190Y2dhX3Bhbl9jYW5fYXRsYXNfMjAxOA,0.8050222679500882,-0.7673321957566986,32.64621758,0,53,Female,LGG_IDHmut-codel,G2,high
VENHQS1FMS1BN1lLOmxnZ190Y2dhX3Bhbl9jYW5fYXRsYXNfMjAxOA,0.8073956669962361,0.5866319164536431,12.42726107,1,52,Male,LGG_IDHmut-non-codel,G3,high
VENHQS1DUy01Mzk3OmxnZ190Y2dhX3Bhbl9jYW5fYXRsYXNfMjAxOA,0.8149824662713021,0.935021229398344,6.378012296,1,54,Female,LGG_IDHwt,G3,high
VENHQS1UUS1BN1JNOmxnZ190Y2dhX3Bhbl9jYW5fYXRsYXNfMjAxOA,0.819723854558976,1.095898875797389,36.69000888,0,41,Female,LGG_IDHmut-non-codel,G3,high
VENHQS1EVS1BN1RCOmxnZ190Y2dhX3Bhbl9jYW5fYXRsYXNfMjAxOA,0.8286566042301861,0.2555535011566786,51.51724365,0,56,Male,LGG_IDHwt,G2,high
VENHQS1QNS1BNUVaOmxnZ190Y2dhX3Bhbl9jYW5fYXRsYXNfMjAxOA,0.8471118759452337,-0.1790102635845917,2.301344643,0,39,Male,LGG_IDHmut-non-codel,G3,high
VENHQS1IVC03ODU3OmxnZ190Y2dhX3Bhbl9jYW5fYXRsYXNfMjAxOA,0.862195133377508,2.1573497118512828,0.230134464,0,24,Female,LGG_IDHwt,G3,high
VENHQS1RSC1BNkNXOmxnZ190Y2dhX3Bhbl9jYW5fYXRsYXNfMjAxOA,0.8631182635696381,-0.2495218612714586,13.61080975,0,43,Male,LGG_IDHmut-non-codel,G3,high
VENHQS1IVC03NjA2OmxnZ190Y2dhX3Bhbl9jYW5fYXRsYXNfMjAxOA,0.8794275493116996,-0.3152147198967853,17.29296117,0,30,Female,LGG_IDHmut-non-codel,G2,high
VENHQS1FMS01MzA0OmxnZ190Y2dhX3Bhbl9jYW5fYXRsYXNfMjAxOA,0.8801808620618505,1.4398432728303052,41.1283164,1,42,Male,LGG_IDHmut-non-codel,G3,high
VENHQS1QNS1BNzJaOmxnZ190Y2dhX3Bhbl9jYW5fYXRsYXNfMjAxOA,0.8939923256507747,0.7791620992393554,11.63822862,0,64,Female,LGG_IDHmut-codel,G3,high
VENHQS1DUy01Mzk2OmxnZ190Y2dhX3Bhbl9jYW5fYXRsYXNfMjAxOA,0.8989847230274752,1.475234061948047,53.62133018,0,53,Female,LGG_IDHmut-codel,G3,high
VENHQS1EVS1BNVRTOmxnZ190Y2dhX3Bhbl9jYW5fYXRsYXNfMjAxOA,0.900427597334658,-0.6203079626838591,31.69280337,0,42,Male,LGG_IDHmut-non-codel,G2,high
VENHQS1EVS03MDEwOmxnZ190Y2dhX3Bhbl9jYW5fYXRsYXNfMjAxOA,0.9163280461917636,0.5594126612158306,14.99161653,1,58,Female,LGG_IDHmut-non-codel,G3,high
VENHQS1DUy00OTQxOmxnZ190Y2dhX3Bhbl9jYW5fYXRsYXNfMjAxOA,0.9249258964166956,1.6864478030610175,7.693066377,1,67,Male,LGG_IDHwt,G3,high
VENHQS1TOS1BN1I4OmxnZ190Y2dhX3Bhbl9jYW5fYXRsYXNfMjAxOA,0.9337910332218908,0.4914150804184894,31.59417431,1,44,Female,LGG_IDHmut-non-codel,G3,high
VENHQS1EQi1BNjRPOmxnZ190Y2dhX3Bhbl9jYW5fYXRsYXNfMjAxOA,0.9622706962804864,1.243897268310958,25.47917283,1,59,Male,LGG_IDHwt,G2,high
VENHQS1EVS04MTU4OmxnZ190Y2dhX3Bhbl9jYW5fYXRsYXNfMjAxOA,0.9842042152230094,3.6783542958638233,5.095834566,1,57,Female,LGG_IDHwt,G3,high
VENHQS1UTS1BODRDOmxnZ190Y2dhX3Bhbl9jYW5fYXRsYXNfMjAxOA,0.9901016351190822,-1.2786052027124817,16.1751652,1,32,Male,LGG_IDHwt,G2,high
VENHQS1IVy1BNUtLOmxnZ190Y2dhX3Bhbl9jYW5fYXRsYXNfMjAxOA,1.0028946811969977,2.6067686602102436,12.75602459,1,64,Male,LGG_IDHwt,G3,high
VENHQS1IVC1BNzRLOmxnZ190Y2dhX3Bhbl9jYW5fYXRsYXNfMjAxOA,1.0199926270287265,0.6243979783643675,15.3532564,0,58,Female,LGG_IDHmut-codel,G3,high
VENHQS1FMS1BN1lMOmxnZ190Y2dhX3Bhbl9jYW5fYXRsYXNfMjAxOA,1.0211704448633212,3.2111792252546216,16.1751652,1,46,Male,LGG_IDHwt,G3,high
VENHQS1UTS1BODRJOmxnZ190Y2dhX3Bhbl9jYW5fYXRsYXNfMjAxOA,1.0435931002865326,1.787130483774366,28.07640464,0,30,Male,LGG_IDHmut-non-codel,G3,high
VENHQS1EVS03MDA2OmxnZ190Y2dhX3Bhbl9jYW5fYXRsYXNfMjAxOA,1.0495523346387494,3.250597570884641,11.47384686,1,60,Female,LGG_IDHwt,G3,high
VENHQS1GRy1BNE1ZOmxnZ190Y2dhX3Bhbl9jYW5fYXRsYXNfMjAxOA,1.0539346890649544,-0.4404724418204001,23.70384982,0,44,Female,LGG_IDHmut-non-codel,G2,high
VENHQS1EQi1BNjRXOmxnZ190Y2dhX3Bhbl9jYW5fYXRsYXNfMjAxOA,1.0824635751481724,0.6764286651121214,14.39984219,1,65,Female,LGG_IDHmut-codel,G3,high
VENHQS1IVC1BNVJBOmxnZ190Y2dhX3Bhbl9jYW5fYXRsYXNfMjAxOA,1.135221946753445,1.2647654490414568,27.3531249,0,65,Female,LGG_IDHwt,G3,high
VENHQS1WTS1BOENEOmxnZ190Y2dhX3Bhbl9jYW5fYXRsYXNfMjAxOA,1.1588617640272665,1.1501940351396625,7.89032449,1,58,Male,LGG_IDHwt,G3,high
VENHQS1EVS03MjkyOmxnZ190Y2dhX3Bhbl9jYW5fYXRsYXNfMjAxOA,1.16264751368189,0.967349385505994,7.956077194,1,69,Male,LGG_IDHwt,G3,high
VENHQS1IVC1BNjFCOmxnZ190Y2dhX3Bhbl9jYW5fYXRsYXNfMjAxOA,1.1645662612272076,2.4985625430791747,17.52309564,0,22,Male,LGG_IDHmut-non-codel,G3,high
VENHQS1UTS1BODRKOmxnZ190Y2dhX3Bhbl9jYW5fYXRsYXNfMjAxOA,1.1804950107075776,0.4771496479407386,24.16411875,0,63,Male,LGG_IDHwt,G3,high
VENHQS1DUy02MTg4OmxnZ190Y2dhX3Bhbl9jYW5fYXRsYXNfMjAxOA,1.1819857485996248,1.8983936661398584,26.76135056,1,48,Male,LGG_IDHwt,G3,high
VENHQS1GRy1BNzBaOmxnZ190Y2dhX3Bhbl9jYW5fYXRsYXNfMjAxOA,1.211893768241216,0.9493606202037256,10.78344347,0,53,Female,LGG_IDHwt,G3,high
VENHQS1EVS02NDA1OmxnZ190Y2dhX3Bhbl9jYW5fYXRsYXNfMjAxOA,1.2159642705766218,2.2613144650561368,19.89019298,1,51,Female,LGG_IDHwt,G3,high
VENHQS1IVC1BNjE3OmxnZ190Y2dhX3Bhbl9jYW5fYXRsYXNfMjAxOA,1.2522529417795225,1.7785478453314925,16.14228885,0,47,Male,LGG_IDHwt,G2,high
VENHQS1EVS02NDAyOmxnZ190Y2dhX3Bhbl9jYW5fYXRsYXNfMjAxOA,1.2699488249082855,1.179057793015694,7.035539337,1,52,Male,LGG_IDHwt,G3,high
VENHQS1EVS02NDA0OmxnZ190Y2dhX3Bhbl9jYW5fYXRsYXNfMjAxOA,1.271844114915841,1.5097216389955448,133.7410001,1,24,Female,LGG_IDHwt,G3,high
VENHQS1RSC1BNkNTOmxnZ190Y2dhX3Bhbl9jYW5fYXRsYXNfMjAxOA,1.296306541760064,-0.0016691823809992,19.331295,0,41,Male,LGG_IDHwt,G3,high
VENHQS1EVS04MTYxOmxnZ190Y2dhX3Bhbl9jYW5fYXRsYXNfMjAxOA,1.2970448482783254,1.065621433107621,23.73672617,1,63,Female,LGG_IDHwt,G3,high
VENHQS1GRy01OTYzOmxnZ190Y2dhX3Bhbl9jYW5fYXRsYXNfMjAxOA,1.304978423065085,2.3926360568047875,25.47917283,1,23,Male,LGG_IDHwt,G3,high
VENHQS1FMS1BN1lROmxnZ190Y2dhX3Bhbl9jYW5fYXRsYXNfMjAxOA,1.3248937472973443,1.3119775969960594,51.87888352,1,58,Female,LGG_IDHwt,G3,high
VENHQS1GRy1BODdOOmxnZ190Y2dhX3Bhbl9jYW5fYXRsYXNfMjAxOA,1.3380063106797573,0.9175683671598908,18.64089161,0,37,Female,LGG_IDHmut-non-codel,G3,high
VENHQS1FMS1BN1lWOmxnZ190Y2dhX3Bhbl9jYW5fYXRsYXNfMjAxOA,1.338448955260497,1.6293323430347566,32.44895946,1,26,Female,LGG_IDHmut-non-codel,G3,high
VENHQS1TOS1BN0owOmxnZ190Y2dhX3Bhbl9jYW5fYXRsYXNfMjAxOA,1.3584832376419012,0.0049460443943451,20.02169839,0,30,Female,LGG_IDHmut-non-codel,G3,high
VENHQS1SWS1BODNaOmxnZ190Y2dhX3Bhbl9jYW5fYXRsYXNfMjAxOA,1.3653617869782129,1.1716219880614611,9.895781964,0,54,Female,LGG_IDHmut-non-codel,G3,high
VENHQS1EVS1BN1REOmxnZ190Y2dhX3Bhbl9jYW5fYXRsYXNfMjAxOA,1.3993525387913814,2.7657082388929117,7.495808265,1,52,Male,LGG_IDHwt,G3,high
VENHQS1TOS1BNlVBOmxnZ190Y2dhX3Bhbl9jYW5fYXRsYXNfMjAxOA,1.4507904845142767,2.378721590344903,5.851990663,1,66,Male,LGG_IDHwt,G3,high
VENHQS1FMS1BN1oyOmxnZ190Y2dhX3Bhbl9jYW5fYXRsYXNfMjAxOA,1.4565666722808897,0.2608329957023069,13.08478811,1,58,Female,LGG_IDHwt,G2,high
VENHQS1IVC03NDY5OmxnZ190Y2dhX3Bhbl9jYW5fYXRsYXNfMjAxOA,1.465120483421601,0.9777194042654996,11.53959957,1,30,Male,LGG_IDHwt,G3,high
VENHQS1EVS01ODQ3OmxnZ190Y2dhX3Bhbl9jYW5fYXRsYXNfMjAxOA,1.4751394858562974,1.1764408205816643,18.01624092,0,34,Female,LGG_IDHwt,G3,high
VENHQS1FMS1BN1lKOmxnZ190Y2dhX3Bhbl9jYW5fYXRsYXNfMjAxOA,1.4857607847917356,2.3835986184388003,19.46280041,1,55,Male,LGG_IDHwt,G3,high
VENHQS1TOS1BODlaOmxnZ190Y2dhX3Bhbl9jYW5fYXRsYXNfMjAxOA,1.4963684438716964,0.8648629718650557,20.48196732,0,40,Male,LGG_IDHmut-non-codel,G3,high
VENHQS1IVC1BNERTOmxnZ190Y2dhX3Bhbl9jYW5fYXRsYXNfMjAxOA,1.4996860786155404,0.5183171011750489,0.230134464,0,55,Female,LGG_IDHwt,G3,high
VENHQS1IVC04MTA0OmxnZ190Y2dhX3Bhbl9jYW5fYXRsYXNfMjAxOA,1.5757112465778105,2.8260399310288395,12.23000296,0,51,Female,LGG_IDHwt,G3,high
VENHQS1IVC03NDc3OmxnZ190Y2dhX3Bhbl9jYW5fYXRsYXNfMjAxOA,1.5967425292395323,3.0693593786724023,24.26274781,0,62,Male,LGG_IDHmut-non-codel,G3,high
VENHQS1GRy02Njg4OmxnZ190Y2dhX3Bhbl9jYW5fYXRsYXNfMjAxOA,1.606591934086591,1.6210964787692228,18.77239702,0,59,Female,LGG_IDHwt,G3,high
VENHQS1DUy01Mzk1OmxnZ190Y2dhX3Bhbl9jYW5fYXRsYXNfMjAxOA,1.6144014778402889,1.364482115492062,21.00798895,1,43,Male,LGG_IDHwt,G2,high
VENHQS1TOS1BN0lYOmxnZ190Y2dhX3Bhbl9jYW5fYXRsYXNfMjAxOA,1.673012413966926,2.13238083421075,26.92573232,1,57,Male,LGG_IDHwt,G3,high
VENHQS1ESC1BNjY5OmxnZ190Y2dhX3Bhbl9jYW5fYXRsYXNfMjAxOA,1.679603769891114,-0.028230108729404,30.21336753,1,70,Male,LGG_IDHmut-codel,G3,high
VENHQS1EVS1BNzZLOmxnZ190Y2dhX3Bhbl9jYW5fYXRsYXNfMjAxOA,1.6899001736310244,1.9632851589474876,11.40809416,1,87,Male,LGG_IDHwt,G2,high
VENHQS1FMS1BN1lNOmxnZ190Y2dhX3Bhbl9jYW5fYXRsYXNfMjAxOA,1.6965421116860648,1.366125556059318,21.30387612,1,63,Male,LGG_IDHwt,G3,high
VENHQS1EVS03MDEzOmxnZ190Y2dhX3Bhbl9jYW5fYXRsYXNfMjAxOA,1.7028977276957709,2.1319264383958623,8.843738699,1,59,Male,LGG_IDHwt,G3,high
VENHQS1EVS1BNVRZOmxnZ190Y2dhX3Bhbl9jYW5fYXRsYXNfMjAxOA,1.7031679118312613,1.9712568701312256,33.96127166,1,46,Female,LGG_IDHwt,G3,high
VENHQS1EVS01ODU0OmxnZ190Y2dhX3Bhbl9jYW5fYXRsYXNfMjAxOA,1.721615980635713,1.8020232585059217,8.449222474,0,57,Female,LGG_IDHwt,G3,high
VENHQS1TOS1BNlUwOmxnZ190Y2dhX3Bhbl9jYW5fYXRsYXNfMjAxOA,1.7591843123210489,1.7006028831203577,24.39425321,1,46,Male,LGG_IDHwt,G3,high
VENHQS1DUy02MTg2OmxnZ190Y2dhX3Bhbl9jYW5fYXRsYXNfMjAxOA,1.7919687078095312,0.4580144613403312,17.6874774,1,58,Male,LGG_IDHwt,G3,high
VENHQS1GRy1BNkozOmxnZ190Y2dhX3Bhbl9jYW5fYXRsYXNfMjAxOA,1.8320010047997224,0.9830327702928682,22.25729033,0,52,Female,LGG_IDHmut-non-codel,G3,high
VENHQS1TOS1BN0lTOmxnZ190Y2dhX3Bhbl9jYW5fYXRsYXNfMjAxOA,1.853825756294646,1.2975185906563416,7.923200842,1,33,Female,LGG_IDHmut-non-codel,G3,high
VENHQS1EVS02NDAzOmxnZ190Y2dhX3Bhbl9jYW5fYXRsYXNfMjAxOA,1.8699631098921357,2.694195736961845,11.63822862,1,60,Female,LGG_IDHwt,G3,high
VENHQS1EVS1BNzZMOmxnZ190Y2dhX3Bhbl9jYW5fYXRsYXNfMjAxOA,1.870841838427685,2.268385316080655,26.76135056,1,54,Male,LGG_IDHwt,G3,high
VENHQS1EVS1BN1RKOmxnZ190Y2dhX3Bhbl9jYW5fYXRsYXNfMjAxOA,1.937647406649184,2.2256198469613264,0.558897985,0,55,Male,LGG_IDHwt,G3,high
VENHQS1GRy1BODdROmxnZ190Y2dhX3Bhbl9jYW5fYXRsYXNfMjAxOA,1.9565663758964824,2.8468795047928,5.720485255,0,61,Female,LGG_IDHwt,G3,high
VENHQS1FMS1BN1lEOmxnZ190Y2dhX3Bhbl9jYW5fYXRsYXNfMjAxOA,2.0394617653943032,2.4675233785811854,14.30121314,1,57,Male,LGG_IDHwt,G3,high
VENHQS1GRy1BNE1XOmxnZ190Y2dhX3Bhbl9jYW5fYXRsYXNfMjAxOA,2.1170445777843176,1.6897959104293807,18.37788079,1,63,Male,LGG_IDHwt,G3,high
VENHQS1FMS1BN1lJOmxnZ190Y2dhX3Bhbl9jYW5fYXRsYXNfMjAxOA,2.1276402822464173,2.139499318384874,3.649275076,1,33,Female,LGG_IDHmut-non-codel,G3,high
VENHQS1EVS01ODUyOmxnZ190Y2dhX3Bhbl9jYW5fYXRsYXNfMjAxOA,2.172156974447734,2.2945810329180265,6.739652168,1,61,Female,LGG_IDHwt,G3,high
VENHQS1QNS1BNzJVOmxnZ190Y2dhX3Bhbl9jYW5fYXRsYXNfMjAxOA,2.192102442858098,3.0565920301340155,0.230134464,0,71,Female,LGG_IDHwt,G3,high
VENHQS1EVS02NDA2OmxnZ190Y2dhX3Bhbl9jYW5fYXRsYXNfMjAxOA,2.257148859110865,2.7791487825882513,16.83269224,1,59,Female,LGG_IDHwt,G3,high
VENHQS1RSC1BNlhDOmxnZ190Y2dhX3Bhbl9jYW5fYXRsYXNfMjAxOA,2.2835423074659573,1.618090546616588,16.70118684,0,48,Male,LGG_IDHwt,G3,high
VENHQS1WVy1BOEZJOmxnZ190Y2dhX3Bhbl9jYW5fYXRsYXNfMjAxOA,2.3928645469789234,2.1155412739442117,8.05470625,1,66,Male,LGG_IDHwt,G3,high
VENHQS1RSC1BNkNWOmxnZ190Y2dhX3Bhbl9jYW5fYXRsYXNfMjAxOA,2.4306415470492433,0.6171050803873458,14.5313476,0,51,Male,LGG_IDHwt,G3,high
VENHQS1IVC1BNVJDOmxnZ190Y2dhX3Bhbl9jYW5fYXRsYXNfMjAxOA,2.452069428680275,2.2805287151540767,5.325969031,1,70,Female,LGG_IDHwt,G3,high
VENHQS1TOS1BNldNOmxnZ190Y2dhX3Bhbl9jYW5fYXRsYXNfMjAxOA,2.5330457049026833,2.235902880705666,19.85731663,0,59,Female,LGG_IDHwt,G3,high
VENHQS1GRy1BNE1VOmxnZ190Y2dhX3Bhbl9jYW5fYXRsYXNfMjAxOA,2.629609786328126,3.099135032307457,10.71769077,0,58,Male,LGG_IDHwt,G3,high
VENHQS1LVC1BN1cxOmxnZ190Y2dhX3Bhbl9jYW5fYXRsYXNfMjAxOA,2.63462076555502,2.385824399363869,14.39984219,0,45,Female,LGG_IDHwt,G3,high
VENHQS1GRy02NjkyOmxnZ190Y2dhX3Bhbl9jYW5fYXRsYXNfMjAxOA,2.652812674626169,3.1180899331747014,18.44363349,1,63,Male,LGG_IDHwt,G3,high
VENHQS1UTS1BN0MzOmxnZ190Y2dhX3Bhbl9jYW5fYXRsYXNfMjAxOA,2.723851464864135,1.1772592165049072,54.7720025,1,43,Female,LGG_IDHwt,G3,high
VENHQS1IVC04MDExOmxnZ190Y2dhX3Bhbl9jYW5fYXRsYXNfMjAxOA,2.878315864719979,3.737458872491434,16.24091791,0,55,Male,LGG_IDHwt,G3,high
VENHQS1IVC1BNjFDOmxnZ190Y2dhX3Bhbl9jYW5fYXRsYXNfMjAxOA,3.085533966752879,2.724972233499755,17.65460105,1,66,Male,LGG_IDHwt,G3,high
