Gene,High_n,High_total,High_pct,Low_n,Low_total,Low_pct,Fisher_P,OR
IDH1,169,255,66.3,222,255,87.1,3.4859426659954635e-08,0.292
TP53,121,255,47.5,125,255,49.0,0.7903863949366087,0.939
ATRX,87,255,34.1,105,255,41.2,0.1201466129052589,0.74
EGFR,32,255,12.5,3,255,1.2,1.768430348058951e-07,12.054
PTEN,21,255,8.2,2,255,0.8,4.63506644588194e-05,11.353
NF1,22,255,8.6,9,255,3.5,0.024720761182936757,2.581
CIC,44,255,17.3,63,255,24.7,0.049959515142865014,0.636
FUBP1,17,255,6.7,29,255,11.4,0.08815569303919285,0.557
NOTCH1,14,255,5.5,23,255,9.0,0.17134660462462142,0.586
PIK3CA,22,255,8.6,20,255,7.8,0.87224625786551,1.109
