Patient_ID,MRG4_lp_cohort_z,MRG4_lp_discoverySD_scaled,MRG4_lp_cohort_z_perSD,OS_months,Death,Grade,WHO_II_III,Included_in_primary_validation,MRG4_risk_group_cohort_z,MRG4_cutpoint_cohort_z_within_172
CGGA_1001,-0.5412805846712935,13.134290064848235,-0.6215949466080944,125.40451745379876,0.0,WHO IV,False,False,,-0.571331
CGGA_1006,0.776373535839188,19.77498372047941,0.8915706201635933,8.344969199178644,1.0,WHO III,True,True,high,-0.571331
CGGA_1007,0.0612473798047414,10.831597927420528,0.0703351697026664,11.3347022587269,1.0,WHO IV,False,False,,-0.571331
CGGA_1011,-0.3721929593474583,7.215598260015469,-0.4274183653455577,3.5811088295687883,1.0,WHO IV,False,False,,-0.571331
CGGA_1015,1.3088195747739038,29.159462441836833,1.503020165031905,5.388090349075975,1.0,WHO IV,False,False,,-0.571331
CGGA_1019,1.9302832836558264,54.22648819962883,2.2166956817251866,6.965092402464066,1.0,WHO IV,False,False,,-0.571331
CGGA_1022,-0.3312115715063806,16.461112405230875,-0.3803562236238665,17.018480492813143,0.0,WHO II,True,True,high,-0.571331
CGGA_1023,1.0551900770952856,24.28852792978189,1.2117575213449558,22.373716632443532,1.0,WHO IV,False,False,,-0.571331
CGGA_1024,1.0428369341048702,32.50285601322898,1.1975714384241498,100.99383983572896,1.0,WHO IV,False,False,,-0.571331
CGGA_1026,3.4974603790431695,78.0401944305587,4.016408049986652,51.58110882956879,1.0,WHO IV,False,False,,-0.571331
CGGA_1034,-0.1651599010181193,21.595595571975785,-0.1896660674010698,24.739219712525667,1.0,WHO III,True,True,high,-0.571331
CGGA_1035,-0.277061006453681,15.814715559774069,-0.3181708828857136,18.628336755646817,1.0,WHO IV,False,False,,-0.571331
CGGA_1039,1.7297183919918016,23.353302057374037,1.986371286843987,23.88501026694045,1.0,WHO IV,False,False,,-0.571331
CGGA_1045,0.3912471842556643,18.050799134849974,0.4492998261810088,11.433264887063656,1.0,WHO IV,False,False,,-0.571331
CGGA_1049,0.0769705704791588,16.48768633649005,0.0883913426830968,26.57905544147844,1.0,WHO IV,False,False,,-0.571331
CGGA_1052,-0.3594853243678438,6.895868451135026,-0.4128251914716684,,,WHO II,True,False,,-0.571331
CGGA_1072,0.3362336197618909,12.229127140227368,0.3861234355018667,35.81108829568789,1.0,WHO IV,False,False,,-0.571331
CGGA_1077,0.545936286094199,22.56484585941887,0.6269414536865843,19.416837782340863,1.0,WHO IV,False,False,,-0.571331
CGGA_1078,-0.1946710419955049,13.925498883366094,-0.2235560250675207,10.349075975359344,1.0,WHO IV,False,False,,-0.571331
CGGA_1079,-0.0994909583964172,14.697336484768396,-0.1142532703440026,15.474332648870636,1.0,WHO III,True,True,high,-0.571331
CGGA_1081,0.109535642666997,16.836262734091445,0.1257883690704014,7.096509240246407,1.0,WHO III,True,True,high,-0.571331
CGGA_1083,0.1373312400957726,14.76993287826555,0.1577082335343598,14.784394250513348,1.0,WHO IV,False,False,,-0.571331
CGGA_1091,1.0421156976286805,35.41870324580827,1.1967431860138378,36.6652977412731,1.0,WHO IV,False,False,,-0.571331
CGGA_1109,-0.2380241827427867,21.911495514256803,-0.2733418366618249,44.28747433264887,1.0,WHO IV,False,False,,-0.571331
CGGA_1124,0.0008354537770603,12.90051477609714,0.0009594170946676,15.901437371663244,1.0,WHO IV,False,False,,-0.571331
CGGA_1139,-0.3935574386969656,15.837173055764032,-0.4519528725432089,39.29363449691992,1.0,WHO IV,False,False,,-0.571331
CGGA_1140,-0.5989599614115544,6.478114531245155,-0.687832698562607,30.258726899383984,1.0,WHO III,True,True,low,-0.571331
CGGA_1145,0.0681536760637078,14.862736993401423,0.078266211339711,7.852156057494867,1.0,WHO III,True,True,high,-0.571331
CGGA_1171,-0.5914788213752695,6.286614348208552,-0.6792415187325634,13.535934291581109,1.0,WHO IV,False,False,,-0.571331
CGGA_1177,1.182933469502044,43.459039212091085,1.358455277428035,14.75154004106776,1.0,WHO IV,False,False,,-0.571331
CGGA_1180,1.0561975140642732,20.149651459833315,1.2129144402271086,40.27926078028747,0.0,WHO IV,False,False,,-0.571331
CGGA_1188,0.1225369296319707,12.417804349261994,0.140718766549441,8.410677618069816,1.0,WHO IV,False,False,,-0.571331
CGGA_1214,0.5290058982761608,20.826532999150487,0.6074989615487985,19.84394250513347,1.0,WHO IV,False,False,,-0.571331
CGGA_1216,0.7487982674492926,32.353365876542284,0.8599037768148152,10.250513347022586,1.0,WHO IV,False,False,,-0.571331
CGGA_1218,-0.6347314067855192,6.967613144104275,-0.7289118547470598,9.396303901437372,1.0,WHO IV,False,False,,-0.571331
CGGA_1224,0.0436662691195831,16.434773532972223,0.0501454014620625,8.903490759753593,1.0,WHO IV,False,False,,-0.571331
CGGA_1234,0.096436164929887,14.045860224058584,0.1107452114268706,23.16221765913758,1.0,WHO IV,False,False,,-0.571331
CGGA_1237,3.119188377000759,60.448190436414215,3.582008643150955,9.724845995893224,1.0,WHO IV,False,False,,-0.571331
CGGA_1240,0.0180503370818533,18.381027209605612,0.020728617712136,0.6242299794661191,1.0,WHO IV,False,False,,-0.571331
CGGA_1251,0.290848076999003,11.046899435963466,0.3340036572770321,8.936344969199178,1.0,WHO IV,False,False,,-0.571331
CGGA_1258,1.45155352153837,38.56712453707261,1.666932750354174,3.7453798767967146,1.0,WHO IV,False,False,,-0.571331
CGGA_1263,-0.0040042853125996,16.067647759143696,-0.0045984348701524,25.363449691991782,1.0,WHO III,True,True,high,-0.571331
CGGA_1270,-0.0572838078275177,11.257343121247054,-0.0657834891485674,6.176591375770021,1.0,WHO IV,False,False,,-0.571331
CGGA_1271,0.0859898549891511,11.612566374686224,0.0987488944449737,17.182751540041068,1.0,WHO IV,False,False,,-0.571331
CGGA_1272,1.0689571575385788,15.632314674129908,1.2275673395343427,4.073921971252567,1.0,WHO IV,False,False,,-0.571331
CGGA_1280,0.314468265622389,15.54938429902063,0.3611285723432963,14.685831622176591,1.0,WHO III,True,True,high,-0.571331
CGGA_1281,-0.9126715980328992,3.348553924134334,-1.0480923744835575,95.5728952772074,0.0,WHO III,True,True,low,-0.571331
CGGA_1283,0.4250133705745617,18.040453544122947,0.4880761861252695,0.6570841889117043,1.0,WHO IV,False,False,,-0.571331
CGGA_1284,-0.2186378143874759,13.305033846471003,-0.2510789494569159,3.186858316221766,1.0,WHO III,True,True,high,-0.571331
CGGA_1285,0.1630199546694616,20.69567565023613,0.1872085991784735,2.595482546201232,1.0,WHO IV,False,False,,-0.571331
CGGA_1292,-0.563680588727053,4.222204300118018,-0.6473186280394475,95.31006160164272,0.0,WHO III,True,True,high,-0.571331
CGGA_1299,2.101029244394661,44.53659988776135,2.412776659603706,18.069815195071868,1.0,WHO IV,False,False,,-0.571331
CGGA_1301,-0.5559096679538348,10.760200918898162,-0.6383946702624331,7.852156057494867,1.0,WHO IV,False,False,,-0.571331
CGGA_1313,0.3421700616183478,20.741516272549433,0.3929407172653485,12.451745379876796,1.0,WHO IV,False,False,,-0.571331
CGGA_1320,2.3956360042623324,66.540331277603,2.7510967072025623,1.938398357289528,1.0,WHO IV,False,False,,-0.571331
CGGA_1332,2.493581490620406,45.628480609499675,2.8635751907975777,16.75564681724846,0.0,WHO IV,False,False,,-0.571331
CGGA_1338,1.031964781895195,23.693400404848525,1.1850860933671268,36.86242299794661,1.0,WHO IV,False,False,,-0.571331
CGGA_1340,-0.6409984237448909,5.4744319567377095,-0.7361087618273652,36.435318275154,1.0,WHO III,True,True,low,-0.571331
CGGA_1342,-0.0378280202679946,15.001661523411885,-0.0434408824270934,6.11088295687885,1.0,WHO IV,False,False,,-0.571331
CGGA_1343,1.822680661631297,38.22680436205203,2.093127151860318,3.0882956878850103,1.0,WHO IV,False,False,,-0.571331
CGGA_1346,1.384276797274816,37.520544336670355,1.589673611543631,9.3305954825462,1.0,WHO IV,False,False,,-0.571331
CGGA_1370,2.597795208849343,66.07058127441077,2.9832519766510472,10.677618069815194,0.0,WHO IV,False,False,,-0.571331
CGGA_1393,1.2484739467259236,41.38815571774517,1.4337205475935753,9.034907597535934,1.0,WHO IV,False,False,,-0.571331
CGGA_1408,0.1976319232595879,29.467399411081168,0.2269562372372927,44.747433264887064,1.0,WHO III,True,True,high,-0.571331
CGGA_1411,-0.5303923891176134,13.328103048240472,-0.6090911777209131,10.809034907597535,1.0,WHO III,True,True,high,-0.571331
CGGA_235,-0.7906268657667251,5.224995423480539,-0.9079388367710214,76.8788501026694,1.0,WHO II,True,True,low,-0.571331
CGGA_269,-0.9548061799411208,5.733256856649212,-1.096478819394565,96.32854209445586,0.0,WHO II,True,True,low,-0.571331
CGGA_272,0.2125054772472663,10.21452454860987,0.2440367057755426,7.129363449691992,1.0,WHO IV,False,False,,-0.571331
CGGA_274,1.695919050513878,28.616017669735847,1.9475568522303432,20.041067761806985,0.0,WHO IV,False,False,,-0.571331
CGGA_276,-0.1986055535717946,13.07653268174205,-0.2280743332840955,17.37987679671458,0.0,WHO II,True,True,high,-0.571331
CGGA_309,0.8473485450626048,24.2822656276208,0.9730767896404284,4.566735112936345,1.0,,False,False,,-0.571331
CGGA_318,-0.3735553043600712,9.876265065310216,-0.4289828529687212,7.293634496919918,1.0,WHO IV,False,False,,-0.571331
CGGA_323,-0.8645736204198202,5.816003440702391,-0.9928576945910296,142.5215605749487,0.0,WHO II,True,True,low,-0.571331
CGGA_330,-0.2784411688908769,16.56217671645854,-0.3197558316549001,36.82956878850103,1.0,WHO III,True,True,high,-0.571331
CGGA_413,-0.1487373283565507,10.11082399078184,-0.1708067392340814,6.012320328542095,0.0,WHO IV,False,False,,-0.571331
CGGA_426,-0.0931124602478375,19.35046158797005,-0.1069283406709497,51.252566735112936,1.0,WHO III,True,True,high,-0.571331
CGGA_448,0.2554155908002718,28.501753506558455,0.2933137544971874,11.630390143737166,1.0,WHO III,True,True,high,-0.571331
CGGA_483,0.6590114753386815,18.363436852523577,0.7567945616893549,9.100616016427104,1.0,WHO IV,False,False,,-0.571331
CGGA_488,0.1523693735869053,8.043632575915105,0.1749777016239692,14.291581108829568,1.0,WHO III,True,True,high,-0.571331
CGGA_493,-0.5246331270402721,9.837036383837466,-0.6024773653935395,78.25872689938399,1.0,WHO II,True,True,high,-0.571331
CGGA_494,-0.8465196861420273,7.069642122377215,-0.9721249459366774,145.70841889117042,0.0,WHO IV,False,False,,-0.571331
CGGA_495,0.6029873365481626,29.006550780434814,0.6924576492885433,9.69199178644764,1.0,,False,False,,-0.571331
CGGA_499,-0.1880751188927502,12.729110555109196,-0.2159814092675144,4.008213552361396,1.0,WHO IV,False,False,,-0.571331
CGGA_525,0.4071555484899015,20.73543023890805,0.4675686484828614,4.5338809034907595,1.0,WHO IV,False,False,,-0.571331
CGGA_541,-1.050258385609754,5.232387036436075,-1.2060940732323688,143.7700205338809,0.0,WHO II,True,True,low,-0.571331
CGGA_564,-0.1580574368928242,10.863465806717954,-0.1815097508181838,22.308008213552363,1.0,WHO III,True,True,high,-0.571331
CGGA_565,-0.2613478467506419,15.554051673911127,-0.30012622925642,118.43942505133472,0.0,WHO III,True,True,high,-0.571331
CGGA_578,-0.0337775095445932,13.970812224417474,-0.0387893632923784,11.893223819301848,1.0,WHO III,True,True,high,-0.571331
CGGA_599,0.0103081585145025,17.88073198784072,0.0118376668642957,13.73305954825462,1.0,WHO III,True,True,high,-0.571331
CGGA_604,0.7132049113493718,28.338495233053248,0.8190291345108263,12.517453798767969,1.0,WHO IV,False,False,,-0.571331
CGGA_616,0.4028710320271829,21.067152074264143,0.4626484022052263,31.277207392197127,1.0,WHO III,True,True,high,-0.571331
CGGA_624,0.2048187906405409,19.028819104421153,0.2352094806981787,4.008213552361396,1.0,WHO IV,False,False,,-0.571331
CGGA_630,-0.7640159464757497,5.143561253007973,-0.8773794311239275,141.27310061601642,0.0,WHO III,True,True,low,-0.571331
CGGA_633,-0.7889489913349116,4.921622369159657,-0.9060120019696372,59.53182751540041,1.0,WHO II,True,True,low,-0.571331
CGGA_638,-0.8117173573120107,6.673521779790386,-0.9321587022849332,78.39014373716633,0.0,WHO II,True,True,low,-0.571331
CGGA_643,0.6656509666528867,11.841564927983924,0.7644192102835116,10.874743326488709,1.0,WHO III,True,True,high,-0.571331
CGGA_658,-0.1667480746456686,20.861550080605443,-0.1914898917339164,12.2217659137577,1.0,WHO IV,False,False,,-0.571331
CGGA_659,-1.057321106425568,5.13930818060564,-1.2142047494560133,23.98357289527721,0.0,WHO II,True,True,low,-0.571331
CGGA_661,0.1486643914035699,18.889837970675018,0.1707229800107178,,1.0,WHO III,True,False,,-0.571331
CGGA_669,-1.0179616131143627,3.5029557812736445,-1.169005156423949,19.942505133470227,1.0,WHO IV,False,False,,-0.571331
CGGA_676,0.493735395073338,33.76120658835044,0.5669950765470609,12.35318275154004,1.0,WHO IV,False,False,,-0.571331
CGGA_678,1.1651730821853337,47.72759373951577,1.3380596317712194,12.681724845995891,1.0,WHO III,True,True,high,-0.571331
CGGA_679,0.459799946842026,17.60518763896902,0.5280243398740024,8.640657084188911,1.0,WHO IV,False,False,,-0.571331
CGGA_680,-0.6428844269362316,4.880920826339464,-0.7382746072063123,77.96303901437372,1.0,WHO IV,False,False,,-0.571331
CGGA_681,0.2845764498910211,14.461142843809428,0.3268014560015155,3.6139630390143735,1.0,,False,False,,-0.571331
CGGA_700,-1.3103710616946438,4.988362069800866,-1.504801859142079,5.585215605749487,0.0,WHO IV,False,False,,-0.571331
CGGA_727,0.168901079718601,16.266679040178147,0.1939623563137592,33.609856262833674,1.0,WHO III,True,True,high,-0.571331
CGGA_731,0.8026940608985401,29.19454275797994,0.921796543339649,16.525667351129364,1.0,WHO IV,False,False,,-0.571331
CGGA_732,0.8407319741277447,20.183594400058073,0.9654784623154594,,,WHO III,True,False,,-0.571331
CGGA_766,-0.3775261192956986,8.952068566711148,-0.4335428511800016,134.80082135523614,0.0,WHO II,True,True,high,-0.571331
CGGA_773,-0.9544467929114544,6.006462686431538,-1.0960661070826077,14.55441478439425,1.0,WHO IV,False,False,,-0.571331
CGGA_782,0.3596718395346399,22.923201410714913,0.4130393814656004,9.494866529774129,1.0,WHO IV,False,False,,-0.571331
CGGA_789,-0.1787351352484818,14.32610127423299,-0.2052555735381483,11.3347022587269,1.0,WHO IV,False,False,,-0.571331
CGGA_791,0.348241850047748,12.876536898537772,0.3999134281134212,8.279260780287474,1.0,WHO III,True,True,high,-0.571331
CGGA_796,-0.1097005695776074,16.818936768550515,-0.1259777675766445,18.365503080082135,0.0,WHO II,True,True,high,-0.571331
CGGA_802,0.9745062767566254,37.97458004342703,1.1191019855952224,22.373716632443532,1.0,WHO IV,False,False,,-0.571331
CGGA_804,0.0281103475532475,19.111454044316556,0.0322813167169241,20.17248459958932,0.0,WHO IV,False,False,,-0.571331
CGGA_807,-0.8391775511445785,7.134931344951141,-0.9636933964945334,132.73100616016427,0.0,WHO II,True,True,low,-0.571331
CGGA_808,0.0458770717234511,21.584279162817765,0.0526842394795889,38.340862422997944,0.0,WHO IV,False,False,,-0.571331
CGGA_837,0.1610992414208282,15.701091539746312,0.1850028935185175,14.193018480492814,1.0,WHO IV,False,False,,-0.571331
CGGA_842,-0.17562525921903,12.221494120042015,-0.201684258994031,6.702258726899384,1.0,WHO IV,False,False,,-0.571331
CGGA_848,1.0058940749475878,26.43191905422594,1.1551470559213737,7.852156057494867,0.0,WHO IV,False,False,,-0.571331
CGGA_850,1.6869522227793683,39.53291684512228,1.937259540697802,18.529774127310063,0.0,WHO IV,False,False,,-0.571331
CGGA_859,-0.1918224959519792,15.988553949023617,-0.2202848162416744,12.714579055441478,1.0,WHO IV,False,False,,-0.571331
CGGA_871,-1.133961457260933,4.721824743230411,-1.3022168750238725,130.23408624229978,0.0,WHO II,True,True,low,-0.571331
CGGA_876,0.2064861890196329,18.07506069537732,0.2371242850266131,5.223819301848049,1.0,WHO IV,False,False,,-0.571331
CGGA_878,1.77829959019284,50.66030847341789,2.042160886835404,28.35318275154004,1.0,WHO IV,False,False,,-0.571331
CGGA_902,0.9450791221156568,18.03330482924188,1.0853084760257097,6.3408624229979464,1.0,WHO IV,False,False,,-0.571331
CGGA_D02,0.8952526455791376,17.64527680298946,1.0280888252577152,15.901437371663244,1.0,WHO IV,False,False,,-0.571331
CGGA_D03,0.5741726576362374,25.030470408073487,0.659367493633571,13.897330595482549,1.0,WHO IV,False,False,,-0.571331
CGGA_D06,-0.6383217639563515,5.353516125119593,-0.733034943468712,,1.0,WHO III,True,False,,-0.571331
CGGA_D09,1.4464993894815434,37.59784033608815,1.661128694130873,7.655030800821355,1.0,WHO IV,False,False,,-0.571331
CGGA_D11,0.8117777042626999,31.18116915785037,0.932228003421264,27.170431211498972,1.0,WHO III,True,True,high,-0.571331
CGGA_D16,1.127785829924784,35.00316347065627,1.2951249178153648,8.574948665297741,1.0,WHO III,True,True,high,-0.571331
CGGA_D18,0.0102100216416338,13.807307306646305,0.0117249685965605,,,WHO III,True,False,,-0.571331
CGGA_D26,0.7169354459824007,25.231948801118428,0.8233132000060729,8.640657084188911,1.0,WHO IV,False,False,,-0.571331
CGGA_D32,2.510710844939616,56.97529556328516,2.8832461717730853,11.761806981519507,1.0,WHO IV,False,False,,-0.571331
CGGA_D35,0.6606621546931388,24.45553088780607,0.7586901662505716,21.71663244353183,1.0,WHO IV,False,False,,-0.571331
CGGA_D36,0.2397143079889027,22.22605967799231,0.2752827400340721,1.1170431211498972,1.0,WHO IV,False,False,,-0.571331
CGGA_D37,0.2623162429462258,20.023592191750065,0.3012383145566068,31.704312114989733,1.0,WHO IV,False,False,,-0.571331
CGGA_D44,-0.0431063777959669,17.26856295243812,-0.0495024343443321,10.283367556468171,1.0,WHO III,True,True,high,-0.571331
CGGA_D51,-0.4102321325815944,15.396934910476745,-0.4711017312838499,4.435318275154004,1.0,WHO IV,False,False,,-0.571331
CGGA_D57,-0.2528000241411268,10.245251503261771,-0.2903100941703932,25.166324435318277,1.0,WHO IV,False,False,,-0.571331
CGGA_D58,-0.5950146560342073,7.829439144123073,-0.6833019949777482,5.946611909650924,1.0,WHO III,True,True,low,-0.571331
CGGA_342,0.1150052686432391,18.73133320850513,0.1320695695474758,16.427104722792606,1.0,WHO IV,False,False,,-0.571331
CGGA_719,1.4340383719981689,20.23765987474779,1.6468187304694857,3.3182751540041067,1.0,WHO IV,False,False,,-0.571331
CGGA_J030,-1.0697740084565603,3.37050572704069,-1.2285053935069563,111.34291581108828,0.0,WHO II,True,True,low,-0.571331
CGGA_J130,-0.7513051815286,6.537508337940709,-0.8627826628628424,102.37371663244352,0.0,WHO II,True,True,low,-0.571331
CGGA_1005,-0.8313420464810085,3.703356267678121,-0.9546952719710812,125.3388090349076,0.0,WHO II,True,True,low,-0.571331
CGGA_1013,-0.709446305281338,5.083596118911702,-0.8147128323851937,56.6735112936345,1.0,WHO II,True,True,low,-0.571331
CGGA_1020,-0.407428690208226,9.387687980393034,-0.4678823185398088,36.79671457905544,1.0,WHO II,True,True,high,-0.571331
CGGA_1027,-0.5998517765562718,5.239830847672512,-0.6888568398360309,88.31211498973306,0.0,WHO III,True,True,low,-0.571331
CGGA_1031,-1.042906704918854,4.012224833174046,-1.197651561721791,80.72279260780287,1.0,WHO II,True,True,low,-0.571331
CGGA_1046,-0.8803532006975839,3.134792963981075,-1.0109786241754726,116.9281314168378,0.0,WHO II,True,True,low,-0.571331
CGGA_1050,-0.9235301963855432,5.476118637971379,-1.0605621545835575,,0.0,WHO II,True,False,,-0.571331
CGGA_1060,0.8797986171955839,12.31308318149644,1.0103417524455829,7.457905544147844,1.0,WHO IV,False,False,,-0.571331
CGGA_1061,-0.1117683386423805,5.52576685059875,-0.1283523489634792,17.478439425051334,1.0,WHO III,True,True,high,-0.571331
CGGA_1068,0.6384815755642393,16.054780059663035,0.7332184676716588,2.2340862422997945,1.0,WHO IV,False,False,,-0.571331
CGGA_1094,0.3176827026261299,9.764390963881745,0.3648199624546354,8.279260780287474,1.0,WHO III,True,True,high,-0.571331
CGGA_1105,-0.113527277516757,15.378300730687052,-0.1303722764219321,20.008213552361397,1.0,WHO IV,False,False,,-0.571331
CGGA_1113,0.5927224998830302,26.41618307683997,0.6806697323014994,41.5605749486653,1.0,WHO III,True,True,high,-0.571331
CGGA_1129,0.95574714221395,15.891407886869104,1.097559400169681,5.519507186858316,1.0,WHO IV,False,False,,-0.571331
CGGA_1136,-0.378321806986635,8.60191283307829,-0.4344566017592224,7.753593429158111,1.0,WHO IV,False,False,,-0.571331
CGGA_1146,-0.4909794894828207,5.229683131787515,-0.5638302540189541,82.06981519507187,0.0,WHO III,True,True,high,-0.571331
CGGA_1160,0.0369292062882065,11.036090769334567,0.0424087038424574,13.9958932238193,1.0,WHO III,True,True,high,-0.571331
CGGA_1170,1.4222980258152538,16.339303500733468,1.6333363701827937,11.367556468172484,1.0,WHO IV,False,False,,-0.571331
CGGA_1175,0.7388299654784768,13.975804572767206,0.8484563938737008,14.48870636550308,1.0,WHO IV,False,False,,-0.571331
CGGA_1189,-0.9382727684488212,4.622906054568323,-1.0774922063054464,101.25667351129364,0.0,WHO III,True,True,low,-0.571331
CGGA_1190,-1.259555377682647,4.462718893398632,-1.4464462238490217,101.25667351129364,0.0,WHO III,True,True,low,-0.571331
CGGA_1215,0.0458310146476344,13.24160302799937,0.0526313485272918,0.9527720739219712,1.0,WHO III,True,True,high,-0.571331
CGGA_1219,-0.5750484683633159,3.730901342006424,-0.6603732557790353,69.65092402464066,1.0,WHO IV,False,False,,-0.571331
CGGA_1227,1.5642800447221534,47.20160889511604,1.7963854577744705,39.3264887063655,1.0,WHO IV,False,False,,-0.571331
CGGA_1231,-0.6542349674108107,6.981126193753462,-0.751309323026673,74.87474332648871,1.0,WHO III,True,True,low,-0.571331
CGGA_1287,-0.3006792600892343,8.497358481820173,-0.3452935758536937,17.51129363449692,1.0,WHO IV,False,False,,-0.571331
CGGA_1307,0.067345633830485,8.652489091738401,0.0773382730706482,31.704312114989733,0.0,WHO III,True,True,high,-0.571331
CGGA_1314,1.2255468381391343,16.176880211060126,1.4073915506898016,5.650924024640657,1.0,WHO IV,False,False,,-0.571331
CGGA_1322,-0.1201651411222365,6.642277492285305,-0.137995055790502,8.31211498973306,1.0,WHO III,True,True,high,-0.571331
CGGA_1324,-0.5131267547523045,6.985249851799302,-0.5892636956803805,27.860369609856264,1.0,WHO IV,False,False,,-0.571331
CGGA_1329,-0.0304281658617852,6.81445431275096,-0.0349430492610863,10.71047227926078,1.0,WHO III,True,True,high,-0.571331
CGGA_1330,0.1094570131701499,10.458920209664589,0.1256980726524647,93.50308008213553,0.0,WHO II,True,True,high,-0.571331
CGGA_1374,-0.412254616213206,6.116647893101729,-0.4734243078561665,4.632443531827516,1.0,WHO III,True,True,high,-0.571331
CGGA_1375,2.293341756554825,18.650443617842864,2.6336241998879366,3.02258726899384,1.0,WHO IV,False,False,,-0.571331
CGGA_1381,0.3133563414027138,12.594026768237825,0.3598516625565154,1.51129363449692,1.0,WHO IV,False,False,,-0.571331
CGGA_1384,-0.538524208349144,4.8938270390667595,-0.6184295835019361,6.275154004106776,1.0,WHO IV,False,False,,-0.571331
CGGA_1388,-0.5195011222120466,4.497936180490714,-0.596583881759482,15.93429158110883,1.0,WHO III,True,True,high,-0.571331
CGGA_1394,-0.0733235785108652,11.97406986582387,-0.0842032157817998,4.566735112936345,1.0,WHO IV,False,False,,-0.571331
CGGA_1406,-0.550499939961335,5.645351048394018,-0.6321822553377332,70.76796714579055,1.0,WHO II,True,True,high,-0.571331
CGGA_1409,-0.6613917144155297,3.8275107448672343,-0.7595279768972667,89.59342915811088,0.0,WHO IV,False,False,,-0.571331
CGGA_1412,-0.4995399363435885,10.287965968569315,-0.5736608865227817,9.724845995893224,1.0,WHO IV,False,False,,-0.571331
CGGA_171,-0.7062941931509261,4.28963098772181,-0.8110930148138763,,,WHO II,True,False,,-0.571331
CGGA_236,-0.2943909273574941,16.01489336510135,-0.3380721902002369,23.195071868583163,0.0,WHO II,True,True,high,-0.571331
CGGA_241,-1.1635189778095267,5.079781005679937,-1.3361600939893714,157.9958932238193,0.0,WHO II,True,True,low,-0.571331
CGGA_245,0.0575201563712214,8.902089508871683,0.0660549067175045,10.4476386036961,1.0,WHO III,True,True,high,-0.571331
CGGA_251,-0.5833944834169731,8.436858290534824,-0.669957639421428,42.6776180698152,0.0,WHO II,True,True,low,-0.571331
CGGA_252,-0.618078996571041,4.452820357813118,-0.7097885860925032,5.420944558521561,0.0,WHO II,True,True,low,-0.571331
CGGA_254,-0.2603694827589461,11.240372127600535,-0.2990026971542097,157.47022587268995,0.0,WHO II,True,True,high,-0.571331
CGGA_256,-0.9415742736536022,4.299722287685437,-1.0812835836605723,5.190965092402464,0.0,WHO II,True,True,low,-0.571331
CGGA_261,-0.8434932046153895,5.690284068096183,-0.9686493998405556,135.68788501026694,0.0,WHO II,True,True,low,-0.571331
CGGA_267,-0.5014525183443636,5.7471944507458765,-0.5758572544331092,45.14168377823409,1.0,WHO II,True,True,high,-0.571331
CGGA_273,-0.7908667107340976,4.0624494053895335,-0.908214269557473,86.57084188911705,1.0,WHO II,True,True,low,-0.571331
CGGA_283,-0.8491262533915698,4.171792228790605,-0.9751182715356248,114.00410677618068,1.0,WHO II,True,True,low,-0.571331
CGGA_300,-0.2982288699741103,11.417442238815656,-0.342479600706766,72.24640657084188,1.0,WHO II,True,True,high,-0.571331
CGGA_314,-0.7272331157096725,7.842813377836595,-0.8351388217733833,84.36960985626284,1.0,WHO III,True,True,low,-0.571331
CGGA_333,-0.7199208252101855,4.983541653970401,-0.8267415451088752,58.57905544147844,0.0,WHO II,True,True,low,-0.571331
CGGA_337,-1.2625042099686847,4.373685962853005,-1.4498325992323342,33.1170431211499,1.0,WHO III,True,True,low,-0.571331
CGGA_374,0.4707096547133223,10.75354708328089,0.5405528130426577,16.197125256673512,1.0,WHO IV,False,False,,-0.571331
CGGA_400,-0.7197983512758979,5.970005863215549,-0.8266008986848202,43.40041067761807,1.0,WHO III,True,True,low,-0.571331
CGGA_431,0.4634157034076751,12.67368259838163,0.5321765967127312,148.33675564681724,0.0,WHO III,True,True,high,-0.571331
CGGA_446,-0.6034042410115927,3.837590403685468,-0.692936413380634,148.10677618069815,0.0,WHO II,True,True,low,-0.571331
CGGA_458,-0.4902977666937962,6.663844448434685,-0.56304737827457,13.765913757700206,1.0,WHO II,True,True,high,-0.571331
CGGA_479,-0.5610064274011611,8.472408755493356,-0.6442476788614004,146.03696098562628,0.0,WHO II,True,True,high,-0.571331
CGGA_485,-0.8442637009249397,2.64248853814396,-0.969534221180836,80.06570841889118,0.0,WHO II,True,True,low,-0.571331
CGGA_490,-0.6586733625092904,5.673009317390082,-0.7564062802100543,124.97741273100615,0.0,WHO III,True,True,low,-0.571331
CGGA_491,-0.628803223812933,4.63709378713631,-0.7221040573076495,35.285420944558524,1.0,WHO IV,False,False,,-0.571331
CGGA_501,-0.7854149628370869,6.030320799434954,-0.9019535998809112,145.44558521560575,0.0,WHO II,True,True,low,-0.571331
CGGA_502,-0.7994781719185264,2.249649260238836,-0.9181034858100812,145.01848049281315,0.0,WHO II,True,True,low,-0.571331
CGGA_510,-1.0110775141528878,2.6745446579912384,-1.1610996056844902,144.6570841889117,0.0,WHO III,True,True,low,-0.571331
CGGA_538,-0.7176293800226935,5.771678608199391,-0.8241100988879851,,,WHO II,True,False,,-0.571331
CGGA_543,-0.5772150597372958,5.825791353909157,-0.6628613225739092,143.60574948665297,0.0,WHO II,True,True,low,-0.571331
CGGA_545,-0.6145487002159757,5.845101740132625,-0.70573446991601,18.234086242299796,1.0,WHO IV,False,False,,-0.571331
CGGA_551,-1.022918360205208,2.588450911300129,-1.1746973778531635,143.3429158110883,0.0,WHO II,True,True,low,-0.571331
CGGA_560,-0.7860789411454091,4.447767732542319,-0.9027160982464512,143.04722792607802,0.0,WHO III,True,True,low,-0.571331
CGGA_580,-0.7322487289505627,5.184660153379877,-0.8408986438194137,45.79876796714579,1.0,WHO II,True,True,low,-0.571331
CGGA_591,-0.7683298289028045,2.9667197403381107,-0.8823334006415062,54.340862422997944,1.0,WHO III,True,True,low,-0.571331
CGGA_598,-0.6998918754288375,4.648004435724172,-0.8037407312564557,120.80492813141684,1.0,WHO III,True,True,low,-0.571331
CGGA_601,-0.8780349767991886,3.269582630330756,-1.0083164258606676,37.223819301848046,1.0,WHO II,True,True,low,-0.571331
CGGA_603,-0.4531392869702946,5.711335240681929,-0.5203753817650435,5.519507186858316,0.0,WHO III,True,True,high,-0.571331
CGGA_605,1.1129511758815294,32.03167734192401,1.2780891211341183,141.27310061601642,0.0,WHO III,True,True,high,-0.571331
CGGA_607,-0.6432422603590084,4.154291023397509,-0.7386855353896327,45.634496919917865,0.0,WHO II,True,True,low,-0.571331
CGGA_632,0.2634560226374311,12.753147909490982,0.302547212965978,18.924024640657084,1.0,WHO II,True,True,high,-0.571331
CGGA_635,-0.6765234687140761,5.489574212182716,-0.776904957102466,140.05749486652977,0.0,WHO II,True,True,low,-0.571331
CGGA_641,-0.6271804935162791,7.880768740782696,-0.7202405488414805,112.06570841889118,1.0,WHO III,True,True,low,-0.571331
CGGA_642,-0.653787577903089,5.939360332306607,-0.7507955505673594,139.5975359342916,0.0,WHO II,True,True,low,-0.571331
CGGA_655,-0.4274039442081784,9.073117873409004,-0.4908214693152312,139.00616016427105,0.0,WHO II,True,True,high,-0.571331
CGGA_662,-0.4413240695299892,7.022139733719256,-0.5068070409415321,9.3305954825462,1.0,WHO II,True,True,high,-0.571331
CGGA_666,-0.6892820610477816,5.435031580818458,-0.7915566493025108,82.10266940451746,1.0,WHO II,True,True,low,-0.571331
CGGA_671,-1.0914554693445515,3.3407827783162847,-1.2534039154652872,138.4804928131417,0.0,WHO II,True,True,low,-0.571331
CGGA_675,-1.1992990774817918,3.5102945713046423,-1.3772491885832965,138.31622176591375,0.0,WHO II,True,True,low,-0.571331
CGGA_685,-0.1392443914990431,5.6947976129749405,-0.1599052553342296,106.41478439425052,1.0,WHO II,True,True,high,-0.571331
CGGA_689,-0.9162319355118048,4.495497031989902,-1.0521809892386038,137.7905544147844,0.0,WHO II,True,True,low,-0.571331
CGGA_694,-0.2803792536061172,9.888901353921158,-0.3219814863323598,39.227926078028744,1.0,WHO II,True,True,high,-0.571331
CGGA_698,-0.4519343812099731,4.5742918562130015,-0.5189916939828377,60.813141683778234,1.0,WHO II,True,True,high,-0.571331
CGGA_704,-0.0408487676699621,9.192752715538242,-0.0469098435781437,84.50102669404518,1.0,WHO II,True,True,high,-0.571331
CGGA_710,-0.4312776857443448,7.582409482170973,-0.4952699905286959,21.683778234086244,1.0,WHO IV,False,False,,-0.571331
CGGA_715,-1.1410573787944749,4.177572994192714,-1.31036567823553,112.65708418891172,0.0,WHO II,True,True,low,-0.571331
CGGA_725,-0.6403244472670343,8.223057020618688,-0.7353347817796182,136.24640657084188,0.0,WHO II,True,True,low,-0.571331
CGGA_747,2.5178831528483197,30.98058016210575,2.891482695450126,31.86858316221766,1.0,WHO IV,False,False,,-0.571331
CGGA_752,-0.5167410441863138,5.0228233010017265,-0.593414267696784,120.9034907597536,0.0,WHO II,True,True,high,-0.571331
CGGA_757,-0.6020114824412213,8.105958596570302,-0.6913369994838402,34.39835728952772,1.0,WHO II,True,True,low,-0.571331
CGGA_760,-0.937948078976516,4.975944304671796,-1.0771193399198469,135.03080082135523,0.0,WHO II,True,True,low,-0.571331
CGGA_761,-0.1026419768788704,10.191556333452422,-0.1178718319935971,60.4517453798768,1.0,WHO IV,False,False,,-0.571331
CGGA_762,-0.9084523809083228,5.105932971215864,-1.0432471165571686,134.86652977412732,0.0,WHO II,True,True,low,-0.571331
CGGA_785,-0.8006846264437137,5.4254752373181985,-0.919488952160448,115.5482546201232,1.0,WHO II,True,True,low,-0.571331
CGGA_812,-0.5778829741557601,5.458110120026915,-0.6636283410834243,132.56673511293636,0.0,WHO II,True,True,low,-0.571331
CGGA_815,-0.7845538860937876,7.458294196103419,-0.9009647579245686,72.9034907597536,1.0,WHO II,True,True,low,-0.571331
CGGA_818,-0.7076012689223468,5.066135062116991,-0.8125940324327556,132.30390143737165,0.0,WHO II,True,True,low,-0.571331
CGGA_822,0.0011022976458439,9.553866809957183,0.0012658548370632,73.49486652977413,1.0,WHO IV,False,False,,-0.571331
CGGA_834,1.3387941203411071,23.00249456393053,1.537442286532462,131.84394250513347,0.0,WHO II,True,True,high,-0.571331
CGGA_835,-0.3604412332119563,5.893415777463547,-0.4139229365668102,16.985626283367555,0.0,WHO II,True,True,high,-0.571331
CGGA_838,-0.5125557541477715,6.453433686514533,-0.5886079709041012,131.7782340862423,0.0,WHO II,True,True,high,-0.571331
CGGA_843,-0.7598824453199743,7.737333927454021,-0.8726326075669936,131.5811088295688,0.0,WHO II,True,True,low,-0.571331
CGGA_856,-0.445527828124994,5.939059679159968,-0.5116345466260415,42.61190965092403,0.0,WHO II,True,True,high,-0.571331
CGGA_858,-1.0877973982558664,3.014413778876442,-1.249203065541138,130.8911704312115,0.0,WHO II,True,True,low,-0.571331
CGGA_864,-0.5561370627126062,6.81287264677402,-0.6386558054979106,130.6611909650924,0.0,WHO II,True,True,high,-0.571331
CGGA_884,-0.6579154316426988,3.308421210176991,-0.7555358887533983,37.15811088295688,1.0,WHO II,True,True,low,-0.571331
CGGA_892,-0.8359870099993907,5.589202683517043,-0.960029447871661,14.718685831622176,0.0,WHO II,True,True,low,-0.571331
CGGA_893,-0.7008386065239648,5.174223462930578,-0.8048279368226506,103.81930184804928,1.0,WHO II,True,True,low,-0.571331
CGGA_898,-0.762389202626823,6.0729269670854436,-0.875511313580911,54.63655030800821,1.0,WHO II,True,True,low,-0.571331
CGGA_899,-0.2013770027527937,12.103387916279477,-0.2312570057361961,7.589322381930184,1.0,WHO IV,False,False,,-0.571331
CGGA_904,-0.0083019705249045,9.235238010588631,-0.0095338038557282,25.429158110882955,1.0,WHO II,True,True,high,-0.571331
CGGA_905,-0.6529846675251247,4.458541698089578,-0.749873505610168,104.27926078028749,1.0,WHO II,True,True,low,-0.571331
CGGA_908,-0.2044067516618432,8.164846034295689,-0.2347363040237934,80.03285420944559,1.0,WHO II,True,True,high,-0.571331
CGGA_909,-0.9488655377221228,3.803719577331982,-1.0896567140253537,128.78850102669404,0.0,WHO II,True,True,low,-0.571331
CGGA_D04,-0.9229222848639204,3.661618162205462,-1.0598640421063563,121.46201232032854,0.0,WHO II,True,True,low,-0.571331
CGGA_D07,-0.5654473541748829,5.3138271163858075,-0.6493475433660149,121.26488706365502,0.0,WHO II,True,True,high,-0.571331
CGGA_D14,-0.1353235516724879,6.954370294618165,-0.1554026474601148,,,WHO III,True,False,,-0.571331
CGGA_D15,-0.8400702360634553,4.7102291011986495,-0.9647185365978388,120.54209445585217,0.0,WHO II,True,True,low,-0.571331
CGGA_D20,-0.8842286002705276,5.313189048218652,-1.0154290494426044,77.7659137577002,1.0,WHO II,True,True,low,-0.571331
CGGA_D21,-0.0472386645875727,9.208210229975377,-0.0542478633516507,39.68788501026694,1.0,WHO III,True,True,high,-0.571331
CGGA_D24,-0.1030671677404222,5.366813533128065,-0.1183601120065317,27.498973305954827,1.0,WHO III,True,True,high,-0.571331
CGGA_D27,-0.9834046194625728,4.068847644429457,-1.129320650398363,119.91786447638604,0.0,WHO III,True,True,low,-0.571331
CGGA_D29,-0.6558641942277456,7.26321338966753,-0.753180291956586,119.68788501026694,0.0,WHO II,True,True,low,-0.571331
CGGA_D33,-0.5860374912662412,8.149095607394171,-0.6729928126189819,3.811088295687885,1.0,WHO III,True,True,low,-0.571331
CGGA_D34,3.0794046079619797,25.82179651188915,3.5363218210260743,4.829568788501026,1.0,WHO IV,False,False,,-0.571331
CGGA_D38,0.5021454027799364,21.172466011271972,0.5766529479716037,22.636550308008218,1.0,WHO IV,False,False,,-0.571331
CGGA_D39,0.5231536992431377,10.73491326773964,0.6007784224264113,,,WHO II,True,False,,-0.571331
CGGA_D40,-1.1064721531245143,2.752180317628482,-1.2706487511693152,116.8624229979466,0.0,WHO II,True,True,low,-0.571331
CGGA_D45,-1.3297544729251702,3.080134759754732,-1.527061350448679,28.123203285420946,0.0,WHO III,True,True,low,-0.571331
CGGA_D46,1.2006649324294665,25.030935341064477,1.3788177069401664,9.856262833675563,1.0,WHO III,True,True,high,-0.571331
CGGA_D47,-0.0608605683340387,12.705038790321954,-0.0698909637542398,34.431211498973305,1.0,WHO II,True,True,high,-0.571331
CGGA_D48,0.3452648699232371,12.371589542250687,0.3964947283596282,7.260780287474333,1.0,WHO III,True,True,high,-0.571331
CGGA_D52,-1.1096182680828688,5.17162793253135,-1.2742616817176162,115.94250513347022,0.0,WHO III,True,True,low,-0.571331
CGGA_D56,0.351062079747212,29.17366451410984,0.4031521190606043,2.102669404517454,1.0,WHO III,True,True,high,-0.571331
CGGA_D59,-0.248469507196015,8.81521625530523,-0.2853370219311277,,,WHO IV,False,False,,-0.571331
CGGA_277,-0.4572904857385688,8.255788168151728,-0.5251425288783876,155.69609856262835,0.0,WHO III,True,True,high,-0.571331
CGGA_518,0.3375751228246372,10.309864215499156,0.3876639886794184,6.965092402464066,1.0,WHO IV,False,False,,-0.571331
CGGA_J023,1.5019523175731262,13.93345274564992,1.724809640487525,33.7741273100616,1.0,WHO III,True,True,high,-0.571331
CGGA_J024,-0.9906517570545794,2.7419962070662716,-1.137643106869438,112.0328542094456,0.0,WHO II,True,True,low,-0.571331
CGGA_J042,-0.740080893808427,5.232602649996231,-0.8498929329820417,46.29158110882957,1.0,WHO II,True,True,low,-0.571331
CGGA_J100,-0.1874418644793408,7.829875018435226,-0.2152541935600978,,,WHO IV,False,False,,-0.571331
CGGA_1004,-0.1820866284601802,16.684002736772207,-0.2091043560420472,29.53593429158111,1.0,WHO II,True,True,high,-0.571331
CGGA_1008,1.106811211492452,31.904034318255853,1.2710381184846848,10.349075975359344,1.0,WHO IV,False,False,,-0.571331
CGGA_1053,0.5542676468730424,16.604020206589205,0.6365090086759118,12.15605749486653,1.0,WHO IV,False,False,,-0.571331
CGGA_1059,0.5387670476699327,10.301182436671343,0.6187084549392547,0.6899383983572895,1.0,WHO II,True,True,high,-0.571331
CGGA_1070,1.260272048662166,37.959393525758415,1.4472692333414463,10.940451745379876,1.0,WHO IV,False,False,,-0.571331
CGGA_1071,0.7215852889167665,23.954507895871743,0.8286529793227067,106.84188911704312,1.0,WHO II,True,True,high,-0.571331
CGGA_1073,1.255636182730776,33.30919530294664,1.44194550491351,8.870636550308008,1.0,WHO IV,False,False,,-0.571331
CGGA_1074,-0.0684301683622527,12.191859288487391,-0.0785837291307029,2.8254620123203287,1.0,WHO IV,False,False,,-0.571331
CGGA_1095,0.8332207241466799,11.648751979426509,0.9568527048743805,91.26899383983572,1.0,,False,False,,-0.571331
CGGA_1099,1.0975110939084909,20.676278258486636,1.260358064078961,4.008213552361396,1.0,WHO IV,False,False,,-0.571331
CGGA_1114,0.3958561930100168,15.435235533430092,0.4545927124062144,15.1129363449692,1.0,WHO IV,False,False,,-0.571331
CGGA_1116,-0.0180592076202394,8.419262579104018,-0.020738804447058,8.147843942505133,1.0,WHO IV,False,False,,-0.571331
CGGA_1118,-0.0364307762067529,8.715540063762374,-0.0418363174893477,13.075975359342916,1.0,WHO III,True,True,high,-0.571331
CGGA_1119,2.4801370943338803,20.550553918108488,2.8481359361326875,13.86447638603696,1.0,WHO IV,False,False,,-0.571331
CGGA_1197,-0.2156995180050595,13.117908653331105,-0.2477046732780353,30.94866529774127,1.0,WHO IV,False,False,,-0.571331
CGGA_1246,-0.6312279294053366,4.313716774048871,-0.7248885369027669,97.64271047227926,0.0,WHO III,True,True,low,-0.571331
CGGA_1275,0.6554404084309114,22.60984130275152,0.7526936254896622,6.012320328542095,1.0,WHO IV,False,False,,-0.571331
CGGA_1450,-1.085951771849488,10.783138031937408,-1.2470835879910094,31.44147843942505,1.0,WHO IV,False,False,,-0.571331
CGGA_1460,0.1469584918836614,21.464079331080047,0.1687639618027393,6.86652977412731,1.0,WHO IV,False,False,,-0.571331
CGGA_1475,0.251882017847342,9.802462484407371,0.2892558755463913,5.979466119096509,1.0,WHO IV,False,False,,-0.571331
CGGA_243,-0.3006954902897543,4.701774421614539,-0.3453122142658432,97.8069815195072,0.0,WHO II,True,True,high,-0.571331
CGGA_247,2.316685991923572,26.331912464456583,2.6604322161896024,20.008213552361397,1.0,WHO III,True,True,high,-0.571331
CGGA_738,-0.6659222407054307,4.262327367671926,-0.764730735553367,135.75359342915812,0.0,WHO II,True,True,low,-0.571331
CGGA_759,0.1307083213033582,12.236188332666226,0.1501026164667153,41.49486652977413,1.0,WHO IV,False,False,,-0.571331
CGGA_D30,-0.2982479251331101,9.90599035956153,-0.3425014832402921,7.063655030800821,1.0,WHO IV,False,False,,-0.571331
