Patient_ID,MRG_risk_score,Risk_group,OS_months,Death,Age,Sex,Molecular_subtype,WHO_grade
TCGA-P5-A5F6,-1.925862020997283,低风险,1.28217773,0,26,Male,LGG_IDHwt,G2
TCGA-HW-7491,-1.8848694328126117,低风险,68.31705954,0,35,Male,LGG_IDHmut-codel,G2
TCGA-DB-5280,-1.8090483138936244,低风险,36.55850347,0,43,Male,LGG_IDHmut-non-codel,G2
TCGA-F6-A8O3,-1.5843658472202418,低风险,0.230134464,0,34,Male,LGG_IDHmut-codel,G2
TCGA-DU-7294,-1.5842512299715474,低风险,94.322254,0,53,Female,LGG_IDHmut-codel,G2
TCGA-DU-7008,-1.5541343508347287,低风险,156.2284249,0,41,Female,LGG_IDHmut-non-codel,G2
TCGA-TQ-A7RO,-1.5482051514941628,低风险,31.19965809,0,29,Male,LGG_IDHmut-codel,G2
TCGA-DH-5141,-1.4435115633778968,低风险,31.82430878,0,32,Male,LGG_IDHmut-codel,G3
TCGA-FG-7637,-1.4392824548037255,低风险,40.07627314,0,49,Male,,G2
TCGA-E1-5318,-1.4317823419534332,低风险,78.2128415,1,42,Female,LGG_IDHmut-codel,G2
TCGA-S9-A7QW,-1.4099382097711413,低风险,15.05736923,0,54,Female,LGG_IDHmut-non-codel,G3
TCGA-DB-A4XF,-1.3621293598890192,低风险,33.56675543,0,41,Female,LGG_IDHmut-non-codel,G3
TCGA-TM-A7C5,-1.3615132721922083,低风险,49.31452806,0,30,Male,LGG_IDHmut-codel,G2
TCGA-P5-A5F0,-1.3135712702337778,低风险,9.435513036,0,33,Male,LGG_IDHmut-codel,G2
TCGA-HT-7475,-1.3119862717995825,低风险,17.42446658,0,67,Male,LGG_IDHmut-non-codel,G3
TCGA-TM-A84C,-1.2786052027124817,低风险,16.1751652,1,32,Male,LGG_IDHwt,G2
TCGA-HT-7476,-1.2765487343356905,低风险,6.542394056,0,26,Male,LGG_IDHmut-non-codel,G2
TCGA-TQ-A7RV,-1.2645132728587067,低风险,61.41302561,0,27,Male,LGG_IDHmut-non-codel,G2
TCGA-TM-A84H,-1.2576082037951388,低风险,30.44350199,0,44,Female,LGG_IDHmut-non-codel,G3
TCGA-DU-A5TP,-1.252218122106677,低风险,33.27086826,0,33,Male,LGG_IDHmut-non-codel,G3
TCGA-DB-A64R,-1.228388958827529,低风险,31.3969162,0,24,Female,LGG_IDHmut-codel,G2
TCGA-HT-7483,-1.2173442218166644,低风险,172.76523,0,14,Male,LGG_IDHmut-non-codel,G2
TCGA-S9-A6WE,-1.175681015314805,低风险,135.2204359,0,34,Male,LGG_IDHmut-codel,G2
TCGA-VM-A8CB,-1.1438357274939697,低风险,0.098629056,0,33,Male,LGG_IDHmut-codel,G3
TCGA-FG-6691,-1.1328780733064898,低风险,41.32557451,0,23,Female,LGG_IDHmut-non-codel,G2
TCGA-VV-A86M,-1.129965813812464,低风险,16.01078344,0,36,Female,LGG_IDHmut-non-codel,G3
TCGA-DU-7309,-1.1169647213582463,低风险,2.761613571,0,41,Female,LGG_IDHmut-non-codel,G3
TCGA-P5-A5EV,-1.108146235718199,低风险,0.230134464,0,39,Male,LGG_IDHmut-non-codel,G2
TCGA-RY-A840,-1.0909600922160727,低风险,28.07640464,0,47,Male,LGG_IDHmut-codel,G3
TCGA-HT-7677,-1.077754653004169,低风险,16.24091791,0,53,Male,LGG_IDHmut-codel,G3
TCGA-FG-8185,-1.0749306690377014,低风险,14.23546043,0,37,Male,LGG_IDHmut-non-codel,G3
TCGA-HT-A5RB,-1.074297031856726,低风险,0.098629056,0,24,Male,LGG_IDHmut-non-codel,G2
TCGA-S9-A7QY,-1.0390309226591934,低风险,28.37229181,0,35,Female,LGG_IDHmut-codel,G2
TCGA-CS-6670,-1.0344337098286651,低风险,46.88167801,0,43,Male,LGG_IDHmut-codel,G3
TCGA-QH-A65V,-1.0305643049737498,低风险,12.62451918,0,43,Female,LGG_IDHmut-codel,G2
TCGA-QH-A86X,-1.0303734917043392,低风险,11.07933064,0,33,Male,LGG_IDHmut-codel,G2
TCGA-P5-A5F4,-1.0265958258136854,低风险,7.594437321,0,35,Female,LGG_IDHmut-non-codel,G3
TCGA-WY-A85A,-1.0221980607720351,低风险,43.39678469,0,20,Male,LGG_IDHmut-non-codel,G2
TCGA-QH-A6CZ,-1.019306331324114,低风险,9.172502219,0,38,Male,LGG_IDHmut-codel,G2
TCGA-FG-6690,-1.0130606780736024,低风险,42.54199954,0,70,Male,LGG_IDHmut-non-codel,G2
TCGA-DU-7301,-1.0122073545004893,低风险,25.90656541,1,53,Male,LGG_IDHmut-non-codel,G2
TCGA-S9-A6WH,-1.0110281844858169,低风险,38.56396094,0,73,Female,LGG_IDHmut-codel,G2
TCGA-DU-6410,-0.9985159785742695,低风险,7.956077194,0,56,Male,LGG_IDHmut-codel,G3
TCGA-TQ-A7RQ,-0.997244708796699,低风险,26.13669987,0,38,Female,LGG_IDHmut-codel,G2
TCGA-RY-A845,-0.9969306963921524,低风险,19.59430582,0,40,Female,LGG_IDHmut-non-codel,G2
TCGA-DU-8166,-0.992601446661124,低风险,16.96419765,0,29,Female,LGG_IDHmut-non-codel,G2
TCGA-HW-7493,-0.9890858591498156,低风险,69.27047375,0,40,Female,,G2
TCGA-S9-A6TW,-0.9876190363026458,低风险,41.09544005,0,40,Male,LGG_IDHmut-codel,G3
TCGA-P5-A77W,-0.9875526994487348,低风险,19.19978959,0,37,Female,LGG_IDHmut-codel,G3
TCGA-HT-8109,-0.9834618179180796,低风险,5.556103495,0,64,Male,LGG_IDHmut-codel,G3
TCGA-DB-5273,-0.972604779756702,低风险,81.96074564,0,33,Male,LGG_IDHmut-non-codel,G3
TCGA-HT-A616,-0.9505478037444108,低风险,1.808199362,0,36,Female,LGG_IDHmut-non-codel,G2
TCGA-E1-5305,-0.945435438995604,低风险,79.98816451,1,34,Male,LGG_IDHmut-non-codel,G3
TCGA-DB-A4XH,-0.9389082051266036,低风险,31.62705066,0,53,Female,LGG_IDHmut-codel,G2
TCGA-S9-A6U6,-0.9384741707985084,低风险,35.14482033,0,28,Male,LGG_IDHmut-non-codel,G3
TCGA-FG-7636,-0.9330034411960496,低风险,17.88473551,0,48,Male,LGG_IDHmut-non-codel,G3
TCGA-S9-A7R4,-0.9277493566709472,低风险,30.04898577,0,46,Male,LGG_IDHmut-non-codel,G3
TCGA-CS-6666,-0.9267508768693996,低风险,46.94743071,0,22,Male,LGG_IDHmut-non-codel,G3
TCGA-DB-A4XE,-0.9238554972674052,低风险,37.44616497,0,27,Female,LGG_IDHmut-non-codel,G3
TCGA-HW-8320,-0.9217895871127884,低风险,40.01052043,0,36,Male,LGG_IDHmut-non-codel,G3
TCGA-DU-8168,-0.9161763446342862,低风险,14.16970773,0,55,Female,LGG_IDHmut-codel,G3
TCGA-QH-A6X9,-0.9062858966492972,低风险,1.906828418,0,73,Female,LGG_IDHmut-non-codel,G2
TCGA-QH-A65R,-0.9058590845884816,低风险,15.15599829,0,38,Female,LGG_IDHmut-codel,G3
TCGA-HT-8108,-0.905403066769916,低风险,2.498602755,0,26,Female,LGG_IDHmut-non-codel,G2
TCGA-W9-A837,-0.902447181104542,低风险,51.05697472,0,47,Male,LGG_IDHmut-codel,G2
TCGA-HT-7472,-0.8922322461290909,低风险,0.032876352,0,38,Male,LGG_IDHmut-non-codel,G2
TCGA-DH-5143,-0.8916140691557388,低风险,46.05976921,0,30,Male,LGG_IDHmut-non-codel,G3
TCGA-HW-7495,-0.88027829955662,低风险,35.4407075,0,45,Female,LGG_IDHmut-codel,G2
TCGA-HT-7884,-0.8766003688772789,低风险,11.27658875,0,44,Female,LGG_IDHmut-non-codel,G2
TCGA-DU-6399,-0.8739117737254842,低风险,65.75270408,1,54,Male,LGG_IDHmut-non-codel,G2
TCGA-P5-A5F2,-0.8736050389540888,低风险,7.956077194,0,36,Female,LGG_IDHmut-non-codel,G2
TCGA-TM-A7CA,-0.870651052244859,低风险,34.78318046,0,44,Male,LGG_IDHmut-non-codel,G2
TCGA-DB-A4XG,-0.8702809169621046,低风险,72.95262518,0,34,Male,LGG_IDHmut-codel,G3
TCGA-CS-4944,-0.8663558383314316,低风险,60.09797153,0,50,Male,LGG_IDHmut-non-codel,G2
TCGA-DH-A66F,-0.8653015902625155,低风险,17.19433212,0,49,Male,LGG_IDHmut-codel,G2
TCGA-FG-7638,-0.8627375268145794,低风险,22.5531775,0,31,Female,LGG_IDHmut-codel,G3
TCGA-P5-A5EW,-0.8584855980136337,低风险,6.706775816,0,20,Female,LGG_IDHmut-non-codel,G2
TCGA-DU-5872,-0.8584817386953248,低风险,17.49021929,0,43,Female,LGG_IDHmut-non-codel,G2
TCGA-HT-7604,-0.8581339371362703,低风险,122.4644114,0,50,Male,LGG_IDHmut-non-codel,G2
TCGA-TM-A7C4,-0.8568306109305509,低风险,48.3282375,0,39,Female,LGG_IDHmut-non-codel,G2
TCGA-S9-A6TY,-0.8518785504502652,低风险,35.3749548,0,50,Male,LGG_IDHmut-codel,G2
TCGA-DB-A4XB,-0.8485562909686662,低风险,30.21336753,0,38,Male,LGG_IDHmut-non-codel,G3
TCGA-DH-A66D,-0.8468656408981281,低风险,27.81339383,0,43,Female,LGG_IDHmut-non-codel,G3
TCGA-FG-A6IZ,-0.84543810310825,低风险,15.02449288,0,60,Male,LGG_IDHmut-codel,G2
TCGA-TQ-A7RU,-0.8430503874373956,低风险,33.92839531,0,51,Male,LGG_IDHmut-codel,G2
TCGA-DU-A5TW,-0.8394813960889986,低风险,24.98602755,0,33,Female,LGG_IDHmut-non-codel,G3
TCGA-DB-A64Q,-0.8336213985719848,低风险,5.983496071,0,31,Female,LGG_IDHmut-codel,G2
TCGA-WY-A859,-0.8297855058902962,低风险,39.87901502,0,34,Female,LGG_IDHmut-non-codel,G2
TCGA-VM-A8CE,-0.8249306917559445,低风险,39.15573528,0,25,Male,LGG_IDHmut-codel,G2
TCGA-DU-8164,-0.8230727126172447,低风险,21.40250518,0,51,Male,LGG_IDHmut-codel,G2
TCGA-F6-A8O4,-0.8225202523721197,低风险,0.197258112,0,44,Male,LGG_IDHmut-non-codel,G2
TCGA-HT-7855,-0.8141319084736452,低风险,19.23266594,0,39,Male,LGG_IDHmut-non-codel,G3
TCGA-HT-7479,-0.8115351129990953,低风险,40.33928395,0,44,Male,LGG_IDHmut-non-codel,G3
TCGA-DU-6394,-0.8097864846155385,低风险,22.42167209,1,53,Male,LGG_IDHmut-codel,G3
TCGA-DU-7011,-0.806525333189449,低风险,105.2043265,1,25,Male,LGG_IDHmut-non-codel,G2
TCGA-HT-7877,-0.805915196742715,低风险,0.131505408,0,20,Female,LGG_IDHmut-codel,G2
TCGA-HT-7480,-0.8041378222490786,低风险,75.18821712,0,33,Male,LGG_IDHmut-codel,G2
TCGA-EZ-7264,-0.7986630490338245,低风险,39.4844988,0,47,Female,LGG_IDHmut-codel,G2
TCGA-FG-8191,-0.7982683166086506,低风险,32.61334122,0,30,Male,LGG_IDHmut-non-codel,G3
TCGA-FG-A60K,-0.796824816126098,低风险,17.81898281,0,34,Female,LGG_IDHmut-codel,G2
TCGA-HT-A5R9,-0.7963619079359388,低风险,0.065752704,0,48,Female,LGG_IDHmut-codel,G3
TCGA-DU-6407,-0.7880057446830758,低风险,94.51951212,1,35,Female,LGG_IDHmut-non-codel,G2
TCGA-FG-A6J1,-0.7744902685841721,低风险,16.43817602,0,44,Female,LGG_IDHmut-codel,G2
TCGA-DU-7018,-0.7737601916706822,低风险,30.67363645,1,57,Female,LGG_IDHmut-codel,G3
TCGA-DB-A64X,-0.7714656684670542,低风险,18.5093862,0,56,Female,LGG_IDHmut-non-codel,G3
TCGA-DU-6401,-0.7688634442125885,低风险,87.45109643,1,31,Female,LGG_IDHmut-non-codel,G2
TCGA-E1-5319,-0.7676716841862591,低风险,95.57155538,1,48,Female,LGG_IDHmut-codel,G2
TCGA-R8-A6MO,-0.7673321957566986,低风险,32.64621758,0,53,Female,LGG_IDHmut-codel,G2
TCGA-HT-7478,-0.763844258072593,低风险,6.378012296,0,36,Male,LGG_IDHmut-non-codel,G2
TCGA-HT-7602,-0.7597911771006638,低风险,29.85172765,0,21,Male,LGG_IDHmut-non-codel,G2
TCGA-CS-6668,-0.7572509079986824,低风险,49.93917875,0,57,Female,LGG_IDHmut-codel,G2
TCGA-P5-A72X,-0.7565558648475101,低风险,13.24916987,0,21,Male,LGG_IDHmut-non-codel,G3
TCGA-DU-7299,-0.754582851401361,低风险,44.02143538,1,33,Male,LGG_IDHmut-non-codel,G3
TCGA-TQ-A7RG,-0.7404022899004388,低风险,19.69293487,0,36,Male,LGG_IDHmut-codel,G2
TCGA-QH-A65Z,-0.7391846014892332,低风险,14.03820232,0,54,Male,LGG_IDHmut-codel,G2
TCGA-HT-7609,-0.7388619178654062,低风险,45.9940165,0,34,Male,LGG_IDHmut-non-codel,G3
TCGA-VM-A8C8,-0.7248255283084977,低风险,45.9282638,0,50,Female,LGG_IDHmut-non-codel,G2
TCGA-S9-A6U1,-0.7232587138373084,低风险,25.80793635,0,22,Female,LGG_IDHmut-non-codel,G3
TCGA-TM-A84Q,-0.7218359991701295,低风险,25.38054378,0,31,Male,LGG_IDHmut-non-codel,G2
TCGA-TQ-A7RR,-0.7215596697660283,低风险,25.87368906,0,38,Male,LGG_IDHmut-non-codel,G2
TCGA-DU-5855,-0.7145198120941817,低风险,6.805404872,0,49,Female,LGG_IDHmut-non-codel,G3
TCGA-DB-A4XA,-0.7115403765657203,低风险,18.83814972,0,30,Male,LGG_IDHmut-codel,G2
TCGA-DH-5144,-0.7115166167710251,低风险,24.59151133,0,56,Female,LGG_IDHmut-codel,G3
TCGA-S9-A6U2,-0.7097659938125359,低风险,29.85172765,0,48,Female,LGG_IDHmut-codel,G2
TCGA-DB-A75K,-0.7088568952753705,低风险,12.09849755,0,55,Female,LGG_IDHmut-codel,G3
TCGA-HT-7610,-0.7062210882843215,低风险,56.08705658,0,25,Female,LGG_IDHmut-non-codel,G2
TCGA-DU-A7TI,-0.7058030343205367,低风险,38.89272446,1,32,Male,,G3
TCGA-DB-5278,-0.7047228646678007,低风险,91.13324786,0,17,Male,LGG_IDHmut-codel,G2
TCGA-S9-A7J2,-0.7016544673094808,低风险,2.038333827,0,25,Male,LGG_IDHmut-codel,G3
TCGA-S9-A7R1,-0.6957461996503058,低风险,169.8392346,1,35,Male,LGG_IDHmut-codel,G2
TCGA-P5-A5F1,-0.6854067203841301,低风险,5.884867015,0,30,Male,LGG_IDHmut-non-codel,G2
TCGA-DB-A64U,-0.6847271437040456,低风险,27.81339383,0,38,Female,LGG_IDHmut-codel,G2
TCGA-TM-A84G,-0.6830867599454864,低风险,40.63517112,0,54,Female,LGG_IDHmut-codel,G3
TCGA-S9-A7J1,-0.6796514402596149,低风险,8.186211658,0,43,Male,LGG_IDHmut-codel,G2
TCGA-RY-A843,-0.6740135061047299,低风险,2.071210179,0,30,Male,LGG_IDHmut-non-codel,G3
TCGA-CS-5394,-0.670536445790418,低风险,0.263010816,0,40,Male,LGG_IDHmut-non-codel,G3
TCGA-S9-A6WL,-0.669193178124743,低风险,31.10102903,0,52,Male,LGG_IDHmut-codel,G3
TCGA-VM-A8CH,-0.6687745374348436,低风险,23.47371536,0,24,Female,LGG_IDHmut-non-codel,G2
TCGA-QH-A6X3,-0.6660873478879819,低风险,10.29029819,0,27,Male,LGG_IDHmut-non-codel,G2
TCGA-DB-A4X9,-0.6641462283635399,低风险,46.42140908,0,33,Female,LGG_IDHmut-non-codel,G2
TCGA-DB-A64P,-0.6640899890670322,低风险,30.11473847,0,40,Male,LGG_IDHmut-codel,G3
TCGA-DB-5274,-0.6598183522136263,低风险,75.25396982,0,37,Female,LGG_IDHmut-codel,G3
TCGA-DU-A7T8,-0.6596442316463681,低风险,139.0340928,1,35,Male,LGG_IDHmut-non-codel,G3
TCGA-S9-A6UB,-0.6498377490641339,低风险,123.64796,0,52,Male,LGG_IDHmut-codel,G2
TCGA-DH-A66G,-0.647272809598906,低风险,17.19433212,0,49,Female,LGG_IDHmut-non-codel,G3
TCGA-S9-A6TU,-0.6459087220611408,低风险,87.12233291,0,38,Male,LGG_IDHmut-non-codel,G2
TCGA-FG-7641,-0.6397711957398248,低风险,20.61347273,0,31,Male,LGG_IDHmut-codel,G2
TCGA-CS-5390,-0.6350535522852458,低风险,64.60729543,0,47,Female,LGG_IDHmut-codel,G2
TCGA-P5-A735,-0.6313465719508733,低风险,9.599894796,0,38,Female,LGG_IDHmut-non-codel,G2
TCGA-S9-A7IZ,-0.624402184637798,低风险,19.98882204,0,48,Female,LGG_IDHmut-non-codel,G3
TCGA-DU-A5TS,-0.6203079626838591,低风险,31.69280337,0,42,Male,LGG_IDHmut-non-codel,G2
TCGA-KT-A74X,-0.6151315615054994,低风险,14.39984219,0,26,Male,LGG_IDHmut-codel,G3
TCGA-HT-7695,-0.6132848199107755,低风险,14.5313476,0,29,Female,LGG_IDHmut-codel,G2
TCGA-WY-A85E,-0.6100919331339651,低风险,20.81073084,0,48,Female,LGG_IDHmut-non-codel,G2
TCGA-HT-8558,-0.6090294450469519,低风险,13.74231515,0,29,Female,,G2
TCGA-FG-8188,-0.607134586192367,低风险,14.95874018,0,41,Male,LGG_IDHmut-non-codel,G2
TCGA-HW-A5KL,-0.6038723781066687,低风险,28.86543709,0,42,Female,LGG_IDHmut-non-codel,G2
TCGA-VW-A7QS,-0.6017090337080675,低风险,23.21070454,0,35,Female,LGG_IDHmut-codel,G3
TCGA-TQ-A7RI,-0.6001228262486373,低风险,2.038333827,0,37,Female,LGG_IDHmut-codel,G2
TCGA-HT-A74L,-0.598068868127074,低风险,11.04645429,0,22,Female,LGG_IDHmut-codel,G2
TCGA-HW-7490,-0.5969010547758706,低风险,45.59950028,0,41,Male,LGG_IDHmut-non-codel,G2
TCGA-E1-5322,-0.5968348997070807,低风险,130.7821284,1,38,Female,LGG_IDHmut-non-codel,G2
TCGA-HW-7487,-0.5927914794175478,低风险,45.43511852,0,39,Male,LGG_IDHmut-codel,G2
TCGA-HT-7681,-0.589542612790514,低风险,44.67896242,0,29,Female,LGG_IDHmut-codel,G2
TCGA-HT-7676,-0.5782660552346666,低风险,0.16438176,0,26,Male,LGG_IDHmut-non-codel,G2
TCGA-HT-7690,-0.571112778490354,低风险,0.098629056,0,29,Male,LGG_IDHmut-non-codel,G3
TCGA-DU-5853,-0.5685077116085296,低风险,13.38067528,0,29,Male,LGG_IDHmut-non-codel,G2
TCGA-TM-A84T,-0.5665997540590829,低风险,23.80247888,0,19,Male,LGG_IDHmut-non-codel,G2
TCGA-DU-A6S3,-0.5620128203331645,低风险,21.56688694,0,60,Male,LGG_IDHmut-codel,G2
TCGA-TQ-A7RH,-0.5611415339954979,低风险,15.97790709,0,39,Male,LGG_IDHmut-non-codel,G2
TCGA-HW-A5KJ,-0.5586433361713915,低风险,31.62705066,1,68,Male,LGG_IDHmut-codel,G3
TCGA-DB-A64S,-0.5500638851581843,低风险,27.45175395,0,20,Male,LGG_IDHmut-non-codel,G2
TCGA-HT-7474,-0.549649977011894,低风险,3.747904133,0,52,Male,LGG_IDHmut-non-codel,G2
TCGA-DU-7009,-0.5472766423868433,低风险,154.3544728,1,32,Female,LGG_IDHmut-codel,G2
TCGA-HT-8564,-0.5456372346281922,低风险,15.71489628,0,47,Male,LGG_IDHwt,G3
TCGA-HT-7467,-0.5400887084081631,低风险,0.098629056,0,54,Male,LGG_IDHmut-codel,G2
TCGA-IK-8125,-0.5364358600953247,低风险,42.772134,0,62,Male,LGG_IDHmut-codel,G3
TCGA-DU-7015,-0.5328998178916843,低风险,90.77160798,0,41,Female,LGG_IDHmut-non-codel,G2
TCGA-HT-7880,-0.5280173092586107,低风险,5.325969031,0,30,Male,LGG_IDHmut-non-codel,G2
TCGA-R8-A6ML,-0.5192288108117998,低风险,94.02636683,0,52,Male,LGG_IDHmut-codel,G3
TCGA-DU-7300,-0.5187970622115532,低风险,62.00479995,1,53,Female,LGG_IDHmut-codel,G3
TCGA-DU-6397,-0.5164305321970809,低风险,46.05976921,1,45,Male,LGG_IDHmut-codel,G3
TCGA-DU-5874,-0.5143304652289451,低风险,15.15599829,0,62,Female,LGG_IDHmut-codel,G2
TCGA-TQ-A7RW,-0.4942314180421722,低风险,26.99148503,1,32,Male,LGG_IDHmut-non-codel,G2
TCGA-WY-A85B,-0.4909977710561719,低风险,45.79675839,0,24,Male,LGG_IDHmut-non-codel,G2
TCGA-DU-7306,-0.489047885896386,低风险,41.98310156,0,67,Male,LGG_IDHmut-non-codel,G2
TCGA-S9-A6WO,-0.4890139127916363,低风险,18.60801526,0,29,Male,LGG_IDHmut-non-codel,G2
TCGA-DU-A6S8,-0.4858195408196861,低风险,22.29016668,0,74,Female,LGG_IDHmut-codel,G3
TCGA-HW-A5KM,-0.4843953718655899,低风险,20.71210179,0,35,Male,LGG_IDHmut-non-codel,G2
TCGA-S9-A6WP,-0.4836367043067401,低风险,18.64089161,0,42,Male,LGG_IDHmut-codel,G3
TCGA-HT-7875,-0.4819856799685449,低风险,0.32876352,0,56,Male,LGG_IDHmut-codel,G2
TCGA-FG-A70Y,-0.4763636011787978,低风险,28.53667357,0,20,Female,LGG_IDHmut-non-codel,G2
TCGA-RY-A847,-0.4747350308310407,低风险,30.67363645,0,45,Male,LGG_IDHmut-codel,G2
TCGA-QH-A6XA,-0.4737292851420717,低风险,16.50392872,0,23,Female,LGG_IDHmut-non-codel,G2
TCGA-QH-A6CY,-0.4692753746691939,低风险,13.41355163,0,38,Male,LGG_IDHmut-codel,G3
TCGA-DB-5277,-0.4659895343204636,低风险,50.85971661,1,34,Male,LGG_IDHmut-non-codel,G3
TCGA-HT-A4DV,-0.4596908933755093,低风险,26.03807082,0,51,Female,LGG_IDHmut-codel,G3
TCGA-HT-7470,-0.4585019612223866,低风险,40.10914949,1,37,Male,LGG_IDHmut-non-codel,G3
TCGA-HT-7687,-0.4577598544303523,低风险,0.098629056,0,74,Male,LGG_IDHmut-codel,G3
TCGA-FG-A4MT,-0.4537664049492547,低风险,38.26807378,0,27,Female,LGG_IDHmut-non-codel,G2
TCGA-TM-A7CF,-0.4532247029244434,低风险,65.39106421,0,41,Female,LGG_IDHmut-non-codel,G2
TCGA-S9-A6WD,-0.4513034619193872,低风险,75.25396982,0,58,Male,LGG_IDHmut-codel,G3
TCGA-S9-A7J3,-0.4504176226166829,低风险,20.67922543,0,52,Female,LGG_IDHmut-codel,G3
TCGA-DU-A7TA,-0.4454334886913353,低风险,84.32784298,0,32,Male,LGG_IDHmut-non-codel,G2
TCGA-E1-A7Z4,-0.4454123416653076,低风险,145.0504652,1,35,Male,LGG_IDHmut-non-codel,G2
TCGA-FG-A4MY,-0.4404724418204001,低风险,23.70384982,0,44,Female,LGG_IDHmut-non-codel,G2
TCGA-FG-5962,-0.4393344436573524,低风险,47.76933951,0,54,Male,LGG_IDHmut-codel,G3
TCGA-DB-5275,-0.4325799608939309,低风险,47.93372127,0,36,Male,LGG_IDHmut-non-codel,G3
TCGA-WH-A86K,-0.4271685160537619,低风险,13.31492258,0,65,Male,LGG_IDHmut-non-codel,G2
TCGA-FG-8189,-0.4262760015513954,低风险,22.52030115,0,33,Female,LGG_IDHmut-non-codel,G2
TCGA-DB-A4XD,-0.4261235522408193,低风险,39.78038597,0,32,Male,LGG_IDHmut-non-codel,G3
TCGA-HW-8319,-0.4256736026007602,低风险,39.74750962,1,34,Female,LGG_IDHmut-non-codel,G3
TCGA-DU-7019,-0.4224651980416256,低风险,26.30108163,0,39,Male,LGG_IDHmut-non-codel,
TCGA-DH-A7US,-0.4202078264831831,低风险,23.21070454,0,50,Male,LGG_IDHmut-codel,G2
TCGA-TQ-A7RN,-0.4178639777011261,低风险,33.73113719,0,32,Male,LGG_IDHmut-codel,G2
TCGA-VV-A829,-0.4133890603143732,低风险,37.05164875,0,44,Male,LGG_IDHmut-codel,G3
TCGA-HT-7471,-0.4126727838303396,低风险,0.131505408,0,37,Female,LGG_IDHmut-codel,G3
TCGA-HT-8012,-0.4073632748866044,低风险,9.402636683,0,30,Female,LGG_IDHmut-codel,G2
TCGA-HW-8322,-0.4032992835432086,低风险,24.92027485,0,39,Male,LGG_IDHmut-codel,G2
TCGA-CS-4938,-0.4010528811091172,低风险,117.5000822,0,31,Female,LGG_IDHmut-non-codel,G2
TCGA-DU-A5TU,-0.3971286082953831,低风险,26.16957622,0,62,Female,LGG_IDHmut-non-codel,G2
TCGA-DU-8162,-0.3932810766196887,低风险,14.59710031,1,61,Female,LGG_IDHwt,G3
TCGA-DU-6400,-0.3916416328449863,低风险,1.216425026,1,66,Female,LGG_IDHmut-codel,G2
TCGA-S9-A6TS,-0.3867787986119551,低风险,62.16918171,1,48,Female,LGG_IDHmut-non-codel,G3
TCGA-DU-A6S7,-0.3853580693967538,低风险,20.9751126,0,27,Female,LGG_IDHmut-non-codel,G3
TCGA-S9-A6WI,-0.3834953212671765,低风险,84.98537002,0,56,Female,LGG_IDHmut-non-codel,G2
TCGA-P5-A781,-0.3834102068509268,低风险,4.405431173,0,34,Female,LGG_IDHmut-codel,G3
TCGA-RY-A83X,-0.3770533669930327,低风险,30.87089457,0,46,Female,LGG_IDHmut-codel,G2
TCGA-QH-A870,-0.3672293843175005,低风险,12.98615906,0,38,Female,LGG_IDHmut-non-codel,G3
TCGA-P5-A72W,-0.3660714082509249,低风险,10.4218036,0,35,Male,LGG_IDHmut-non-codel,G3
TCGA-E1-5307,-0.3572572202496111,低风险,57.92813229,1,62,Female,LGG_IDHmut-non-codel,G3
TCGA-HT-A74O,-0.3547126029568927,低风险,0.098629056,0,34,Male,LGG_IDHmut-non-codel,G3
TCGA-DU-6395,-0.3480033800785223,低风险,49.01864089,1,31,Male,LGG_IDHmut-non-codel,G2
TCGA-HT-7881,-0.3449031332127698,低风险,35.47358385,0,38,Male,LGG_IDHmut-codel,G2
TCGA-DU-8163,-0.3444267723180343,低风险,20.67922543,0,29,Male,LGG_IDHmut-non-codel,G3
TCGA-DU-A76R,-0.3440041461977496,低风险,21.30387612,1,51,Male,LGG_IDHmut-codel,G3
TCGA-DB-A75L,-0.34266655231552,低风险,11.2437124,0,36,Female,LGG_IDHmut-non-codel,G3
TCGA-HT-7856,-0.3340011946892556,低风险,39.08998258,0,35,Male,LGG_IDHmut-codel,G3
TCGA-HT-7468,-0.3333104381766348,低风险,6.673899464,0,30,Male,LGG_IDHmut-codel,G3
TCGA-HT-A5R5,-0.3301977045779022,低风险,0.131505408,0,33,Female,LGG_IDHmut-non-codel,G2
TCGA-E1-A7YW,-0.3290900642700094,低风险,36.82151429,1,28,Male,LGG_IDHmut-non-codel,G2
TCGA-FG-5965,-0.3273954373539428,低风险,36.82151429,1,39,Female,LGG_IDHmut-non-codel,G2
TCGA-P5-A737,-0.3263668412732483,低风险,12.23000296,0,47,Male,LGG_IDHmut-codel,G2
TCGA-HW-7486,-0.3259291922527983,低风险,56.58020186,0,37,Male,LGG_IDHmut-codel,G2
TCGA-DB-5281,-0.3241012101539731,低风险,78.27859421,0,61,Male,LGG_IDHmut-non-codel,G3
TCGA-HT-7873,-0.3227121074174233,低风险,23.60522077,0,29,Male,LGG_IDHmut-non-codel,G2
TCGA-FN-7833,-0.3186636142327385,低风险,27.51750666,0,25,Male,LGG_IDHmut-non-codel,G3
TCGA-S9-A6U5,-0.3182005147522772,低风险,32.61334122,0,33,Male,LGG_IDHmut-codel,G2
TCGA-E1-A7YH,-0.3177208034195426,低风险,93.20445803,1,47,Female,LGG_IDHmut-non-codel,G3
TCGA-HT-7606,-0.3152147198967853,低风险,17.29296117,0,30,Female,LGG_IDHmut-non-codel,G2
TCGA-HT-7858,-0.3141828023875052,低风险,50.62958214,0,28,Male,LGG_IDHmut-non-codel,G2
TCGA-TQ-A8XE,-0.3136427437349581,低风险,31.36403985,1,42,Female,LGG_IDHmut-non-codel,G2
TCGA-HT-7603,-0.3124871718400198,低风险,23.17782819,0,29,Male,LGG_IDHmut-non-codel,G2
TCGA-TM-A84M,-0.3103846478483295,低风险,24.78876944,0,40,Male,LGG_IDHmut-codel,G3
TCGA-FG-8186,-0.3054717697201059,低风险,16.01078344,0,42,Female,LGG_IDHmut-codel,G3
TCGA-FG-A710,-0.3037750543321216,高风险,36.65713253,0,50,Female,LGG_IDHmut-codel,G2
TCGA-HT-8113,-0.303636210818773,高风险,29.58871684,0,49,Female,LGG_IDHmut-non-codel,G2
TCGA-DU-5870,-0.3008184369167381,高风险,182.3322484,0,34,Female,LGG_IDHmut-codel,G2
TCGA-E1-5302,-0.2949525274542047,高风险,50.13643686,1,41,Male,LGG_IDHmut-non-codel,G3
TCGA-HT-A5R7,-0.2931052813585387,高风险,20.21895651,0,33,Female,LGG_IDHmut-non-codel,G3
TCGA-DB-A64V,-0.2919323180173612,高风险,29.22707696,0,54,Male,LGG_IDHmut-codel,G2
TCGA-S9-A7QZ,-0.2871000435414087,高风险,27.15586679,0,41,Male,LGG_IDHmut-codel,G2
TCGA-CS-5393,-0.2845121777068584,高风险,40.17490219,0,39,Male,LGG_IDHmut-non-codel,G3
TCGA-HW-7489,-0.2838100654397099,高风险,41.48995627,1,38,Male,LGG_IDHmut-non-codel,G2
TCGA-DB-5270,-0.2828701540383224,高风险,122.7274222,0,38,Female,LGG_IDHmut-non-codel,G3
TCGA-S9-A7R3,-0.2822632293841447,高风险,99.0564487,0,28,Female,LGG_IDHmut-non-codel,G2
TCGA-HT-8010,-0.2726690018494363,高风险,1.643817602,0,64,Female,LGG_IDHmut-codel,G2
TCGA-RY-A83Y,-0.271774549030482,高风险,5.457474439,0,45,Male,LGG_IDHmut-codel,G2
TCGA-FG-8187,-0.2661861473283367,高风险,20.0874511,0,31,Male,LGG_IDHmut-codel,G2
TCGA-HT-7694,-0.2570907667648518,高风险,6.904033928,0,60,Male,LGG_IDHmut-codel,G3
TCGA-FG-8182,-0.2558710258156382,高风险,13.67656245,0,35,Male,LGG_IDHmut-non-codel,G2
TCGA-HT-7874,-0.2549575373400597,高风险,37.15027781,0,41,Female,LGG_IDHmut-codel,G3
TCGA-HT-8107,-0.250119972277313,高风险,0.460268929,0,62,Male,LGG_IDHwt,G2
TCGA-QH-A6CW,-0.2495218612714586,高风险,13.61080975,0,43,Male,LGG_IDHmut-non-codel,G3
TCGA-E1-A7YO,-0.2461079504223578,高风险,75.02383536,1,45,Male,LGG_IDHmut-codel,G3
TCGA-WY-A85C,-0.2380092770381772,高风险,46.88167801,0,36,Male,LGG_IDHmut-non-codel,G2
TCGA-DU-7014,-0.2370863366967576,高风险,117.4014531,1,59,Male,,G2
TCGA-QH-A6X5,-0.2344572144007914,高风险,16.33954696,0,58,Female,LGG_IDHmut-codel,G2
TCGA-DU-5849,-0.2320720315703609,高风险,14.56422395,0,48,Male,LGG_IDHmut-codel,G2
TCGA-HT-7692,-0.2317485546164291,高风险,2.958871684,0,43,Male,LGG_IDHmut-codel,G2
TCGA-E1-A7Z3,-0.2308955013018504,高风险,73.47864681,1,31,Female,LGG_IDHmut-non-codel,G2
TCGA-DU-A6S6,-0.2304441592356498,高风险,95.11128645,0,35,Female,LGG_IDHmut-codel,G2
TCGA-HT-A614,-0.2280386635703447,高风险,2.695860867,0,47,Male,LGG_IDHmut-non-codel,G2
TCGA-TM-A84R,-0.2259306762481479,高风险,18.60801526,0,46,Male,LGG_IDHmut-codel,G2
TCGA-FG-6689,-0.2249938447440305,高风险,14.92586383,0,30,Male,LGG_IDHmut-non-codel,G2
TCGA-HT-7481,-0.22376822070498,高风险,95.93319525,0,39,Male,LGG_IDHmut-codel,G2
TCGA-HT-7485,-0.2231193673066838,高风险,4.010914949,0,42,Male,LGG_IDHmut-non-codel,G2
TCGA-TQ-A7RF,-0.2187553226804703,高风险,21.36962883,0,27,Female,LGG_IDHmut-non-codel,G3
TCGA-HT-A615,-0.2167632915173489,高风险,16.9313213,0,38,Female,LGG_IDHmut-codel,G2
TCGA-FG-A711,-0.2161788860500502,高风险,48.68987737,1,33,Female,LGG_IDHmut-non-codel,G2
TCGA-HT-7611,-0.2161476545270959,高风险,57.59936877,0,36,Male,LGG_IDHmut-non-codel,G2
TCGA-DH-A7UR,-0.214545127912654,高风险,54.24598087,0,59,Female,LGG_IDHmut-codel,G3
TCGA-TQ-A7RP,-0.2136641759466789,高风险,30.04898577,0,66,Male,LGG_IDHwt,G2
TCGA-DU-8167,-0.2057780609632224,高风险,15.48476181,0,69,Female,LGG_IDHmut-non-codel,G2
TCGA-DU-A76O,-0.2026785165377617,高风险,17.16145577,0,30,Male,LGG_IDHmut-non-codel,G2
TCGA-DU-5851,-0.2019194770419894,高风险,17.45734293,0,40,Female,LGG_IDHmut-non-codel,G3
TCGA-S9-A7IY,-0.2012386535598067,高风险,23.50659171,0,39,Male,LGG_IDHmut-codel,G3
TCGA-HT-7482,-0.2005779451783919,高风险,106.9467732,0,18,Female,LGG_IDHmut-non-codel,G2
TCGA-DB-5279,-0.2003374837219701,高风险,44.51458066,0,59,Male,LGG_IDHmut-codel,G2
TCGA-P5-A77X,-0.1994871081054378,高风险,3.452016964,0,55,Female,LGG_IDHmut-codel,G2
TCGA-QH-A6CU,-0.1988003780194479,高风险,14.82723477,0,52,Female,LGG_IDHmut-codel,G3
TCGA-DU-A7TC,-0.1983621079340001,高风险,37.38041227,0,32,Male,LGG_IDHmut-non-codel,G2
TCGA-CS-6290,-0.1892434368885766,高风险,37.38041227,1,31,Male,LGG_IDHmut-non-codel,G3
TCGA-HT-7689,-0.1797644162236754,高风险,14.95874018,0,58,Female,LGG_IDHmut-non-codel,G2
TCGA-HT-8111,-0.1797314613388317,高风险,0.230134464,0,32,Male,LGG_IDHmut-non-codel,G3
TCGA-P5-A5EZ,-0.1790102635845917,高风险,2.301344643,0,39,Male,LGG_IDHmut-non-codel,G3
TCGA-DU-5871,-0.176871210414665,高风险,18.93677878,0,37,Female,LGG_IDHmut-non-codel,G2
TCGA-DU-A7TG,-0.1659136640810739,高风险,44.41595161,1,40,Male,LGG_IDHmut-non-codel,G2
TCGA-R8-A6MK,-0.1657020249556875,高风险,88.83190321,0,40,Male,LGG_IDHmut-codel,G2
TCGA-HT-7605,-0.1632293077195248,高风险,4.569812934,0,38,Male,LGG_IDHmut-codel,G2
TCGA-TM-A84S,-0.1600737802557064,高风险,14.92586383,0,36,Male,LGG_IDHmut-codel,G3
TCGA-WY-A85D,-0.1564578097939714,高风险,37.70917579,0,60,Male,LGG_IDHmut-non-codel,G2
TCGA-VM-A8CA,-0.1478192257472487,高风险,13.51218069,0,54,Male,LGG_IDHmut-non-codel,G2
TCGA-E1-5311,-0.1452814575897007,高风险,134.2670217,1,31,Male,LGG_IDHmut-codel,G3
TCGA-DB-A75M,-0.1430794849954292,高风险,17.88473551,0,47,Male,LGG_IDHmut-non-codel,G2
TCGA-TQ-A7RK,-0.1403392533979554,高风险,44.08718809,0,29,Male,LGG_IDHmut-non-codel,G2
TCGA-HT-8019,-0.1402199382351814,高风险,33.00785745,0,34,Female,,G3
TCGA-QH-A6X8,-0.1341093953988806,高风险,16.73406319,0,56,Female,LGG_IDHmut-codel,G3
TCGA-FG-A60L,-0.1314045737815121,高风险,21.53401059,0,34,Female,LGG_IDHmut-non-codel,G2
TCGA-S9-A6TZ,-0.1243582329934434,高风险,36.82151429,0,39,Female,LGG_IDHmut-non-codel,G2
TCGA-S9-A6WG,-0.1189539869526709,高风险,85.54426801,0,31,Male,LGG_IDHmut-non-codel,G3
TCGA-HT-7620,-0.1185550814507355,高风险,14.26833679,0,40,Male,LGG_IDHmut-codel,G3
TCGA-S9-A89V,-0.1114123601087356,高风险,18.70664431,0,70,Male,LGG_IDHwt,G3
TCGA-S9-A7IQ,-0.1089102929342505,高风险,36.13111089,0,45,Female,LGG_IDHmut-codel,G2
TCGA-S9-A6TV,-0.1068320119624025,高风险,18.77239702,0,50,Male,LGG_IDHmut-non-codel,G3
TCGA-P5-A733,-0.1062595338501302,高风险,13.61080975,0,52,Female,LGG_IDHmut-non-codel,G2
TCGA-HT-7902,-0.1053329872326623,高风险,31.42979255,0,30,Female,LGG_IDHmut-non-codel,G2
TCGA-E1-A7YS,-0.1018334468459992,高风险,15.32038005,1,71,Male,LGG_IDHmut-codel,G3
TCGA-E1-A7YY,-0.0901962520831754,高风险,146.1353848,1,27,Female,LGG_IDHmut-non-codel,G2
TCGA-HT-8114,-0.0805431185797678,高风险,34.19140612,0,36,Male,LGG_IDHmut-non-codel,G3
TCGA-HT-7879,-0.0712506561209609,高风险,3.682151429,0,31,Male,LGG_IDHmut-non-codel,G3
TCGA-HT-7688,-0.0537074730930697,高风险,31.69280337,0,59,Male,LGG_IDHmut-non-codel,G3
TCGA-P5-A5EY,-0.0524295219913532,高风险,2.367097347,0,21,Male,LGG_IDHwt,G2
TCGA-CS-6667,-0.0491323831227641,高风险,48.29536115,0,39,Female,LGG_IDHmut-non-codel,G2
TCGA-S9-A6U8,-0.0361086917324159,高风险,98.2345399,1,24,Male,LGG_IDHmut-non-codel,G2
TCGA-HT-A74J,-0.0289992610726921,高风险,10.52043265,0,33,Male,LGG_IDHmut-non-codel,G2
TCGA-DH-A669,-0.028230108729404,高风险,30.21336753,1,70,Male,LGG_IDHmut-codel,G3
TCGA-FG-7643,-0.0251780083514318,高风险,20.0874511,0,49,Female,LGG_IDHwt,G2
TCGA-P5-A731,-0.0203255902529061,高风险,9.008120459,0,59,Female,LGG_IDHmut-non-codel,G2
TCGA-QH-A6CS,-0.0016691823809992,高风险,19.331295,0,41,Male,LGG_IDHwt,G3
TCGA-FG-A60J,-0.0008547579124178,高风险,14.76148207,0,47,Female,LGG_IDHmut-non-codel,G2
TCGA-DU-6392,-0.0005744049975212,高风险,211.1648092,0,35,Female,LGG_IDHwt,G3
TCGA-DB-A64L,0.0015701891542295,高风险,24.1969951,0,67,Female,LGG_IDHmut-codel,G2
TCGA-S9-A7J0,0.0049460443943451,高风险,20.02169839,0,30,Female,LGG_IDHmut-non-codel,G3
TCGA-HT-7608,0.0132894659269157,高风险,22.06003222,0,61,Male,LGG_IDHmut-codel,G2
TCGA-CS-6669,0.0281219667741022,高风险,49.11726995,0,26,Female,LGG_IDHwt,G2
TCGA-QH-A65X,0.0311081286068578,高风险,15.84640168,0,28,Female,LGG_IDHmut-codel,G3
TCGA-DU-A6S2,0.0329825490383955,高风险,25.54492554,0,37,Female,LGG_IDHmut-codel,G2
TCGA-TQ-A7RJ,0.0458206245090444,高风险,40.40503666,0,25,Female,LGG_IDHmut-non-codel,G2
TCGA-DU-7298,0.0460504163762534,高风险,18.93677878,1,38,Female,LGG_IDHmut-non-codel,G3
TCGA-HT-A61A,0.0498212815594445,高风险,6.378012296,0,20,Female,,G2
TCGA-HT-7684,0.0514905916186874,高风险,6.049248775,0,58,Male,LGG_IDHmut-non-codel,G3
TCGA-TM-A84L,0.0708660210086269,高风险,40.83242923,1,31,Male,LGG_IDHmut-non-codel,G2
TCGA-DB-A4XC,0.0744973146210343,高风险,46.71729625,0,26,Male,LGG_IDHmut-non-codel,G2
TCGA-E1-A7Z6,0.0805646343617465,高风险,32.35033041,1,41,Female,LGG_IDHmut-non-codel,G2
TCGA-P5-A780,0.0855549653200222,高风险,2.367097347,0,44,Female,LGG_IDHmut-non-codel,G3
TCGA-FG-7634,0.0934074738498467,高风险,15.3532564,0,28,Male,LGG_IDHmut-codel,G2
TCGA-S9-A7QX,0.100019160605478,高风险,18.54226255,0,36,Female,LGG_IDHmut-non-codel,G3
TCGA-HW-8321,0.1029912920266041,高风险,42.54199954,0,31,Male,LGG_IDHmut-non-codel,G3
TCGA-S9-A6U9,0.126675216066994,高风险,95.93319525,0,36,Male,LGG_IDHmut-non-codel,G3
TCGA-HT-7693,0.1300246081126004,高风险,17.52309564,0,51,Female,LGG_IDHmut-non-codel,G2
TCGA-FG-8181,0.1351890807361022,高风险,28.33941546,0,23,Male,LGG_IDHwt,G3
TCGA-S9-A6TX,0.1524504197454709,高风险,40.93105829,0,46,Male,LGG_IDHmut-codel,G3
TCGA-FG-A713,0.1538867810119278,高风险,20.44909097,0,74,Female,LGG_IDHmut-codel,G2
TCGA-DU-7302,0.155478452974956,高风险,60.29522964,0,48,Female,LGG_IDHmut-codel,G3
TCGA-HT-7607,0.1695671766949437,高风险,3.156129796,1,61,Female,LGG_IDHmut-codel,G2
TCGA-DH-5142,0.1710415966071558,高风险,63.87875201,0,29,Male,LGG_IDHmut-non-codel,G3
TCGA-FG-5964,0.1877630224954466,高风险,52.20764704,0,62,Male,LGG_IDHmut-codel,G2
TCGA-P5-A730,0.189851830052235,高风险,10.94782523,0,22,Male,LGG_IDHmut-codel,G3
TCGA-QH-A6X4,0.1983714279765477,高风险,14.5313476,0,47,Male,LGG_IDHmut-codel,G3
TCGA-HT-8015,0.2065562876978501,高风险,0.098629056,0,21,Male,LGG_IDHwt,G2
TCGA-DH-A66B,0.2149073258303833,高风险,42.04885426,0,52,Male,LGG_IDHmut-non-codel,G3
TCGA-S9-A6WQ,0.2166007638685122,高风险,14.07107867,0,57,Female,LGG_IDHmut-non-codel,G2
TCGA-CS-4942,0.2234432380954462,高风险,43.88992997,1,44,Female,LGG_IDHmut-non-codel,G3
TCGA-HT-8018,0.2504930108172645,高风险,37.87355755,1,40,Female,LGG_IDHmut-non-codel,G2
TCGA-DU-A7TB,0.2555535011566786,高风险,51.51724365,0,56,Male,LGG_IDHwt,G2
TCGA-E1-A7Z2,0.2608329957023069,高风险,13.08478811,1,58,Female,LGG_IDHwt,G2
TCGA-E1-A7YU,0.2749889595820355,高风险,0.756156097,1,42,Male,LGG_IDHmut-non-codel,G3
TCGA-HT-8013,0.2936850162722468,高风险,63.54998849,1,37,Female,LGG_IDHmut-non-codel,G2
TCGA-E1-5303,0.3132740217717508,高风险,67.46227439,1,38,Male,LGG_IDHmut-non-codel,G3
TCGA-DB-5276,0.3244140108861346,高风险,72.91974883,0,32,Male,LGG_IDHmut-non-codel,G3
TCGA-HT-A618,0.3284650055133204,高风险,16.83269224,0,37,Female,LGG_IDHmut-non-codel,G3
TCGA-DU-6393,0.3423189491622527,高风险,52.10901798,1,66,Male,LGG_IDHmut-codel,G3
TCGA-S9-A6WN,0.3469644995639207,高风险,26.46546339,0,38,Female,LGG_IDHmut-codel,G3
TCGA-HT-8105,0.3745685314818766,高风险,6.246506888,0,54,Male,LGG_IDHmut-codel,G3
TCGA-HT-7686,0.3818887471936775,高风险,42.73925765,0,29,Female,LGG_IDHmut-non-codel,G3
TCGA-TM-A84O,0.4076815994398749,高风险,33.23799191,1,61,Female,LGG_IDHmut-codel,G3
TCGA-DU-7304,0.4248700433921,高风险,23.3093336,1,43,Male,LGG_IDHmut-non-codel,G3
TCGA-FG-A4MX,0.4283430150634326,高风险,18.70664431,0,47,Male,LGG_IDHmut-non-codel,G2
TCGA-DH-A7UU,0.4376285701105605,高风险,13.7094388,0,43,Male,LGG_IDHmut-non-codel,G3
TCGA-DU-6408,0.442010222468729,高风险,114.0809416,1,23,Female,LGG_IDHmut-non-codel,G3
TCGA-DU-6396,0.4568923587707278,高风险,75.15534076,1,31,Female,LGG_IDHmut-non-codel,G3
TCGA-CS-6186,0.4580144613403312,高风险,17.6874774,1,58,Male,LGG_IDHwt,G3
TCGA-DH-A7UV,0.4727350664882642,高风险,18.60801526,0,49,Male,LGG_IDHmut-non-codel,G3
TCGA-TM-A84J,0.4771496479407386,高风险,24.16411875,0,63,Male,LGG_IDHwt,G3
TCGA-S9-A7R8,0.4914150804184894,高风险,31.59417431,1,44,Female,LGG_IDHmut-non-codel,G3
TCGA-QH-A65S,0.5154208414627233,高风险,2.531479107,0,32,Female,LGG_IDHmut-non-codel,G2
TCGA-HT-A4DS,0.5183171011750489,高风险,0.230134464,0,55,Female,LGG_IDHwt,G3
TCGA-HT-7473,0.5403599079661748,高风险,16.53680508,0,28,Male,LGG_IDHmut-non-codel,G2
TCGA-DU-A5TT,0.553302164193439,高风险,24.42712957,0,70,Male,LGG_IDHwt,G3
TCGA-DU-7010,0.5594126612158306,高风险,14.99161653,1,58,Female,LGG_IDHmut-non-codel,G3
TCGA-E1-A7YK,0.5866319164536431,高风险,12.42726107,1,52,Male,LGG_IDHmut-non-codel,G3
TCGA-HT-7691,0.596109395287373,高风险,0.098629056,0,31,Female,LGG_IDHwt,G2
TCGA-QH-A6CV,0.6171050803873458,高风险,14.5313476,0,51,Male,LGG_IDHwt,G3
TCGA-CS-4943,0.6180698364308216,高风险,36.36124536,1,37,Male,LGG_IDHmut-non-codel,G3
TCGA-HT-A74K,0.6243979783643675,高风险,15.3532564,0,58,Female,LGG_IDHmut-codel,G3
TCGA-IK-7675,0.6297494743566472,高风险,19.00253148,1,43,Male,LGG_IDHmut-non-codel,G2
TCGA-DB-A64W,0.6764286651121214,高风险,14.39984219,1,65,Female,LGG_IDHmut-codel,G3
TCGA-TM-A84F,0.6829824088324792,高风险,59.04592826,0,48,Male,LGG_IDHmut-non-codel,G3
TCGA-DB-A75O,0.689333885402077,高风险,30.73938916,0,29,Male,LGG_IDHmut-non-codel,G3
TCGA-S9-A7R7,0.7008949002601684,高风险,98.62905612,0,27,Male,LGG_IDHmut-non-codel,G2
TCGA-HT-7854,0.7378668994014109,高风险,39.4844988,0,62,Male,LGG_IDHwt,G2
TCGA-P5-A736,0.7617220491672198,高风险,7.561560969,0,44,Female,LGG_IDHmut-non-codel,G3
TCGA-P5-A72Z,0.7791620992393554,高风险,11.63822862,0,64,Female,LGG_IDHmut-codel,G3
TCGA-DU-6542,0.7811634546678372,高风险,2.399973699,0,25,Male,LGG_IDHmut-non-codel,G3
TCGA-DH-A7UT,0.8497218506935641,高风险,17.45734293,1,30,Male,LGG_IDHmut-non-codel,G3
TCGA-S9-A89Z,0.8648629718650557,高风险,20.48196732,0,40,Male,LGG_IDHmut-non-codel,G3
TCGA-CS-6665,0.876263420398851,高风险,51.55012,0,51,Female,LGG_IDHmut-non-codel,G3
TCGA-DU-A5TR,0.9175162591983458,高风险,29.85172765,0,51,Male,LGG_IDHmut-non-codel,G2
TCGA-FG-A87N,0.9175683671598908,高风险,18.64089161,0,37,Female,LGG_IDHmut-non-codel,G3
TCGA-CS-5397,0.935021229398344,高风险,6.378012296,1,54,Female,LGG_IDHwt,G3
TCGA-WY-A858,0.947565171627635,高风险,43.95568268,0,32,Female,LGG_IDHmut-non-codel,G3
TCGA-FG-A70Z,0.9493606202037256,高风险,10.78344347,0,53,Female,LGG_IDHwt,G3
TCGA-DU-7292,0.967349385505994,高风险,7.956077194,1,69,Male,LGG_IDHwt,G3
TCGA-HT-7469,0.9777194042654996,高风险,11.53959957,1,30,Male,LGG_IDHwt,G3
TCGA-FG-A6J3,0.9830327702928682,高风险,22.25729033,0,52,Female,LGG_IDHmut-non-codel,G3
TCGA-HT-7860,1.0006823071372668,高风险,0.493145281,0,60,Female,LGG_IDHwt,G3
TCGA-HT-7601,1.0178832889490577,高风险,5.030081862,0,30,Female,LGG_IDHmut-non-codel,G3
TCGA-HT-7616,1.0242508093468774,高风险,0.230134464,1,75,Male,LGG_IDHmut-codel,G3
TCGA-DU-7007,1.0262763327596407,高风险,62.95821416,1,33,Male,LGG_IDHmut-non-codel,G2
TCGA-DU-8161,1.065621433107621,高风险,23.73672617,1,63,Female,LGG_IDHwt,G3
TCGA-HT-A74H,1.0810150939630896,高风险,2.432850051,0,62,Male,LGG_IDHwt,G3
TCGA-TQ-A7RM,1.095898875797389,高风险,36.69000888,0,41,Female,LGG_IDHmut-non-codel,G3
TCGA-VM-A8CD,1.1501940351396625,高风险,7.89032449,1,58,Male,LGG_IDHwt,G3
TCGA-HT-7680,1.162867599085102,高风险,0.756156097,0,32,Female,LGG_IDHwt,G2
TCGA-RY-A83Z,1.1716219880614611,高风险,9.895781964,0,54,Female,LGG_IDHmut-non-codel,G3
TCGA-DU-5847,1.1764408205816643,高风险,18.01624092,0,34,Female,LGG_IDHwt,G3
TCGA-TM-A7C3,1.1772592165049072,高风险,54.7720025,1,43,Female,LGG_IDHwt,G3
TCGA-DU-6402,1.179057793015694,高风险,7.035539337,1,52,Male,LGG_IDHwt,G3
TCGA-QH-A6CX,1.1911650771129454,高风险,12.23000296,1,66,Male,LGG_IDHwt,G2
TCGA-DB-A64O,1.243897268310958,高风险,25.47917283,1,59,Male,LGG_IDHwt,G2
TCGA-HT-A5RA,1.2647654490414568,高风险,27.3531249,0,65,Female,LGG_IDHwt,G3
TCGA-S9-A7R2,1.2669698070232434,高风险,10.38892725,1,69,Male,LGG_IDHwt,G3
TCGA-S9-A7IS,1.2975185906563416,高风险,7.923200842,1,33,Female,LGG_IDHmut-non-codel,G3
TCGA-E1-A7YQ,1.3119775969960594,高风险,51.87888352,1,58,Female,LGG_IDHwt,G3
TCGA-CS-5395,1.364482115492062,高风险,21.00798895,1,43,Male,LGG_IDHwt,G2
TCGA-E1-A7YM,1.366125556059318,高风险,21.30387612,1,63,Male,LGG_IDHwt,G3
TCGA-DH-5140,1.4209044271318725,高风险,19.95594569,1,38,Female,LGG_IDHwt,G3
TCGA-E1-5304,1.4398432728303052,高风险,41.1283164,1,42,Male,LGG_IDHmut-non-codel,G3
TCGA-HT-8106,1.4714714799263788,高风险,0.098629056,0,53,Male,LGG_IDHmut-non-codel,G3
TCGA-CS-5396,1.475234061948047,高风险,53.62133018,0,53,Female,LGG_IDHmut-codel,G3
TCGA-DU-6404,1.5097216389955448,高风险,133.7410001,1,24,Female,LGG_IDHwt,G3
TCGA-DU-A7T6,1.5770450706642856,高风险,17.98336457,1,73,Female,LGG_IDHmut-codel,G3
TCGA-QH-A6XC,1.618090546616588,高风险,16.70118684,0,48,Male,LGG_IDHwt,G3
TCGA-FG-6688,1.6210964787692228,高风险,18.77239702,0,59,Female,LGG_IDHwt,G3
TCGA-E1-A7YV,1.6293323430347566,高风险,32.44895946,1,26,Female,LGG_IDHmut-non-codel,G3
TCGA-CS-4941,1.6864478030610175,高风险,7.693066377,1,67,Male,LGG_IDHwt,G3
TCGA-FG-A4MW,1.6897959104293807,高风险,18.37788079,1,63,Male,LGG_IDHwt,G3
TCGA-S9-A6U0,1.7006028831203577,高风险,24.39425321,1,46,Male,LGG_IDHwt,G3
TCGA-DB-A75P,1.7393301444269176,高风险,16.1751652,0,25,Female,LGG_IDHwt,G2
TCGA-HT-8110,1.7776167721170142,高风险,13.77519151,0,57,Male,LGG_IDHwt,G3
TCGA-HT-A617,1.7785478453314925,高风险,16.14228885,0,47,Male,LGG_IDHwt,G2
TCGA-P5-A5EX,1.786974528880513,高风险,7.988953546,0,41,Female,LGG_IDHmut-codel,G3
TCGA-TM-A84I,1.787130483774366,高风险,28.07640464,0,30,Male,LGG_IDHmut-non-codel,G3
TCGA-DU-5854,1.8020232585059217,高风险,8.449222474,0,57,Female,LGG_IDHwt,G3
TCGA-HT-8563,1.8225569043906824,高风险,28.27366275,0,30,Female,LGG_IDHmut-non-codel,G3
TCGA-CS-6188,1.8983936661398584,高风险,26.76135056,1,48,Male,LGG_IDHwt,G3
TCGA-TM-A84B,1.909777053240013,高风险,24.92027485,1,40,Male,LGG_IDHwt,G3
TCGA-VM-A8C9,1.9150510312682276,高风险,43.19952658,0,37,Female,LGG_IDHwt,G2
TCGA-VM-A8CF,1.9209636426544043,高风险,20.02169839,0,44,Female,LGG_IDHmut-non-codel,G3
TCGA-DU-A76K,1.9632851589474876,高风险,11.40809416,1,87,Male,LGG_IDHwt,G2
TCGA-DU-A5TY,1.9712568701312256,高风险,33.96127166,1,46,Female,LGG_IDHwt,G3
TCGA-VW-A8FI,2.1155412739442117,高风险,8.05470625,1,66,Male,LGG_IDHwt,G3
TCGA-DU-7013,2.1319264383958623,高风险,8.843738699,1,59,Male,LGG_IDHwt,G3
TCGA-S9-A7IX,2.13238083421075,高风险,26.92573232,1,57,Male,LGG_IDHwt,G3
TCGA-E1-A7YI,2.139499318384874,高风险,3.649275076,1,33,Female,LGG_IDHmut-non-codel,G3
TCGA-HT-7857,2.1573497118512828,高风险,0.230134464,0,24,Female,LGG_IDHwt,G3
TCGA-DU-A7TJ,2.2256198469613264,高风险,0.558897985,0,55,Male,LGG_IDHwt,G3
TCGA-DU-8165,2.2264041341822782,高风险,19.13403689,0,60,Female,LGG_IDHwt,G3
TCGA-S9-A6WM,2.235902880705666,高风险,19.85731663,0,59,Female,LGG_IDHwt,G3
TCGA-DU-6405,2.2613144650561368,高风险,19.89019298,1,51,Female,LGG_IDHwt,G3
TCGA-DU-A76L,2.268385316080655,高风险,26.76135056,1,54,Male,LGG_IDHwt,G3
TCGA-HT-A5RC,2.2805287151540767,高风险,5.325969031,1,70,Female,LGG_IDHwt,G3
TCGA-DU-5852,2.2945810329180265,高风险,6.739652168,1,61,Female,LGG_IDHwt,G3
TCGA-S9-A6UA,2.378721590344903,高风险,5.851990663,1,66,Male,LGG_IDHwt,G3
TCGA-E1-A7YJ,2.3835986184388003,高风险,19.46280041,1,55,Male,LGG_IDHwt,G3
TCGA-KT-A7W1,2.385824399363869,高风险,14.39984219,0,45,Female,LGG_IDHwt,G3
TCGA-FG-5963,2.3926360568047875,高风险,25.47917283,1,23,Male,LGG_IDHwt,G3
TCGA-E1-A7YD,2.4675233785811854,高风险,14.30121314,1,57,Male,LGG_IDHwt,G3
TCGA-HT-A61B,2.4985625430791747,高风险,17.52309564,0,22,Male,LGG_IDHmut-non-codel,G3
TCGA-E1-A7YE,2.6055614931791533,高风险,29.12844791,1,32,Female,LGG_IDHmut-non-codel,G3
TCGA-HW-A5KK,2.6067686602102436,高风险,12.75602459,1,64,Male,LGG_IDHwt,G3
TCGA-DU-7012,2.6426567802307326,高风险,6.542394056,1,74,Female,LGG_IDHwt,G3
TCGA-E1-A7YN,2.6442105160237777,高风险,23.90110793,1,63,Female,LGG_IDHwt,G3
TCGA-DU-6403,2.694195736961845,高风险,11.63822862,1,60,Female,LGG_IDHwt,G3
TCGA-HT-A61C,2.724972233499755,高风险,17.65460105,1,66,Male,LGG_IDHwt,G3
TCGA-DU-A7TD,2.7657082388929117,高风险,7.495808265,1,52,Male,LGG_IDHwt,G3
TCGA-DU-6406,2.7791487825882513,高风险,16.83269224,1,59,Female,LGG_IDHwt,G3
TCGA-HT-8104,2.8260399310288395,高风险,12.23000296,0,51,Female,LGG_IDHwt,G3
TCGA-FG-A87Q,2.8468795047928,高风险,5.720485255,0,61,Female,LGG_IDHwt,G3
TCGA-P5-A72U,3.0565920301340155,高风险,0.230134464,0,71,Female,LGG_IDHwt,G3
TCGA-HT-7477,3.0693593786724023,高风险,24.26274781,0,62,Male,LGG_IDHmut-non-codel,G3
TCGA-FG-A4MU,3.099135032307457,高风险,10.71769077,0,58,Male,LGG_IDHwt,G3
TCGA-FG-6692,3.1180899331747014,高风险,18.44363349,1,63,Male,LGG_IDHwt,G3
TCGA-E1-A7YL,3.2111792252546216,高风险,16.1751652,1,46,Male,LGG_IDHwt,G3
TCGA-DU-7006,3.250597570884641,高风险,11.47384686,1,60,Female,LGG_IDHwt,G3
TCGA-DU-7290,3.478866040716656,高风险,10.35605089,1,45,Female,LGG_IDHwt,G3
TCGA-HT-7882,3.497559641768372,高风险,3.715027781,1,66,Male,LGG_IDHwt,G3
TCGA-DU-8158,3.6783542958638233,高风险,5.095834566,1,57,Female,LGG_IDHwt,G3
TCGA-HT-8011,3.737458872491434,高风险,16.24091791,0,55,Male,LGG_IDHwt,G3
