Patient_ID,IDH1,TP53,ATRX,EGFR,PTEN,NF1,CIC,FUBP1,NOTCH1,PIK3CA,N_genes_mutated,Risk_group,ModelA_score_25gene
TCGA-CS-4938,1,1,1,0,0,0,0,0,0,0,3,低风险,-0.401053
TCGA-CS-4944,1,0,0,0,0,0,0,0,0,0,1,低风险,-0.866356
TCGA-CS-4941,0,0,0,0,0,0,0,0,0,0,0,高风险,1.686448
TCGA-CS-4942,1,1,1,0,0,0,0,0,0,0,3,高风险,0.223443
TCGA-CS-4943,1,1,1,0,0,0,0,0,0,0,3,高风险,0.61807
TCGA-CS-5394,1,0,0,0,0,0,1,1,0,0,3,低风险,-0.670536
TCGA-CS-5395,0,0,0,0,1,0,0,0,0,0,1,高风险,1.364482
TCGA-CS-5396,1,1,0,0,0,0,0,0,0,0,2,高风险,1.475234
TCGA-CS-5397,0,0,0,0,0,1,0,0,0,0,1,高风险,0.935021
TCGA-CS-5390,1,0,0,0,0,0,0,1,1,0,3,低风险,-0.635054
TCGA-CS-5393,1,1,0,0,0,0,0,0,0,0,2,高风险,-0.284512
TCGA-CS-6186,0,0,0,0,0,0,0,0,0,0,0,高风险,0.458014
TCGA-CS-6188,0,0,0,0,0,0,0,0,0,0,0,高风险,1.898394
TCGA-CS-6290,1,1,0,0,0,0,0,0,0,0,2,高风险,-0.189243
TCGA-CS-6665,1,1,0,0,0,0,0,0,0,0,2,高风险,0.876263
TCGA-CS-6666,1,1,1,0,0,0,0,0,0,0,3,低风险,-0.926751
TCGA-CS-6667,1,1,0,0,0,0,0,0,0,0,2,高风险,-0.049132
TCGA-CS-6668,1,0,0,0,0,0,1,0,0,0,2,低风险,-0.757251
TCGA-CS-6669,0,0,0,0,0,0,0,0,0,0,0,高风险,0.028122
TCGA-CS-6670,1,0,0,0,0,0,1,0,0,0,2,低风险,-1.034434
TCGA-DB-5274,1,0,0,0,0,0,1,1,0,0,3,低风险,-0.659818
TCGA-DB-5275,1,1,1,0,0,0,0,0,0,0,3,低风险,-0.43258
TCGA-DB-5276,1,1,1,0,0,0,0,0,0,0,3,高风险,0.324414
TCGA-DB-5277,1,1,0,0,0,0,0,0,0,0,2,低风险,-0.46599
TCGA-DB-5278,1,0,0,0,0,0,1,0,0,0,2,低风险,-0.704723
TCGA-DB-5279,1,0,0,0,0,0,0,0,0,0,1,高风险,-0.200337
TCGA-DB-5270,1,1,1,0,0,0,0,0,0,0,3,高风险,-0.28287
TCGA-DB-5273,1,1,1,0,0,0,0,0,0,0,3,低风险,-0.972605
TCGA-DB-5280,1,1,1,0,0,0,0,0,0,0,3,低风险,-1.809048
TCGA-DB-5281,1,1,1,0,0,0,0,0,0,0,3,低风险,-0.324101
TCGA-DB-A4X9,1,0,1,0,0,0,0,0,0,0,2,低风险,-0.664146
TCGA-DB-A4XA,1,0,0,0,0,0,1,0,0,0,2,低风险,-0.71154
TCGA-DB-A4XB,1,1,0,0,0,0,0,0,0,0,2,低风险,-0.848556
TCGA-DB-A4XC,1,1,1,0,0,0,0,0,0,0,3,高风险,0.074497
TCGA-DB-A4XD,1,1,1,0,0,0,0,0,0,0,3,低风险,-0.426124
TCGA-DB-A4XE,1,1,1,0,0,0,0,0,0,0,3,低风险,-0.923855
TCGA-DB-A4XF,1,1,0,0,0,0,0,0,0,0,2,低风险,-1.362129
TCGA-DB-A4XG,0,0,0,0,0,1,0,0,1,0,2,低风险,-0.870281
TCGA-DB-A4XH,1,0,0,0,0,0,0,0,0,0,1,低风险,-0.938908
TCGA-DB-A64L,1,0,0,0,0,0,1,1,1,0,4,高风险,0.00157
TCGA-DB-A64O,0,0,0,0,0,1,0,0,0,0,1,高风险,1.243897
TCGA-DB-A64P,1,0,0,0,0,0,1,0,0,0,2,低风险,-0.66409
TCGA-DB-A64Q,1,0,0,0,0,0,1,1,0,1,4,低风险,-0.833621
TCGA-DB-A64R,1,0,0,0,0,0,1,0,0,0,2,低风险,-1.228389
TCGA-DB-A64S,1,1,1,0,0,0,0,0,0,0,3,低风险,-0.550064
TCGA-DB-A64U,1,0,0,0,0,0,1,0,0,0,2,低风险,-0.684727
TCGA-DB-A64V,1,0,0,0,0,0,1,1,0,1,4,高风险,-0.291932
TCGA-DB-A64W,1,0,0,0,0,0,1,0,0,1,3,高风险,0.676429
TCGA-DB-A64X,1,1,0,0,0,0,0,0,0,0,2,低风险,-0.771466
TCGA-DB-A75K,1,0,0,0,0,1,1,1,1,0,5,低风险,-0.708857
TCGA-DB-A75L,1,1,0,0,0,0,0,0,1,0,3,低风险,-0.342667
TCGA-DB-A75M,1,1,1,0,0,0,0,0,0,0,3,高风险,-0.143079
TCGA-DB-A75O,1,1,1,0,0,0,0,0,0,0,3,高风险,0.689334
TCGA-DB-A75P,0,0,0,0,0,0,0,0,0,0,0,高风险,1.73933
TCGA-DH-5144,1,0,1,0,0,0,1,1,1,0,5,低风险,-0.711517
TCGA-DH-5140,0,1,0,0,0,1,0,0,0,0,2,高风险,1.420904
TCGA-DH-5141,0,0,0,0,0,0,1,0,0,0,1,低风险,-1.443512
TCGA-DH-5142,1,1,1,0,0,0,0,0,0,0,3,高风险,0.171042
TCGA-DH-5143,1,1,0,0,0,0,0,0,0,0,2,低风险,-0.891614
TCGA-DH-A7UR,0,0,0,0,0,0,1,1,0,0,2,高风险,-0.214545
TCGA-DH-A7US,1,0,0,0,0,0,1,0,0,0,2,低风险,-0.420208
TCGA-DH-A7UT,1,1,0,0,0,0,0,0,0,0,2,高风险,0.849722
TCGA-DH-A7UU,1,1,0,0,1,0,0,0,0,0,3,高风险,0.437629
TCGA-DH-A7UV,1,1,1,0,1,0,0,0,0,0,4,高风险,0.472735
TCGA-DH-A669,1,0,0,0,0,0,0,0,0,0,1,高风险,-0.02823
TCGA-DH-A66B,1,1,1,0,0,0,0,0,1,0,4,高风险,0.214907
TCGA-DH-A66D,1,1,1,0,0,0,0,0,0,0,3,低风险,-0.846866
TCGA-DH-A66F,1,0,0,0,0,0,1,0,0,0,2,低风险,-0.865302
TCGA-DH-A66G,1,1,1,0,0,0,0,0,0,0,3,低风险,-0.647273
TCGA-DU-5847,0,0,0,0,1,1,0,0,0,0,2,高风险,1.176441
TCGA-DU-5849,0,0,0,0,0,0,0,1,0,0,1,高风险,-0.232072
TCGA-DU-5854,0,0,0,0,0,0,0,0,0,0,0,高风险,1.802023
TCGA-DU-5855,1,1,1,0,0,0,0,0,0,0,3,低风险,-0.71452
TCGA-DU-5851,1,1,1,0,0,0,0,0,0,0,3,高风险,-0.201919
TCGA-DU-5852,0,0,1,1,0,0,0,0,0,0,2,高风险,2.294581
TCGA-DU-5853,1,1,1,0,0,0,0,0,0,0,3,低风险,-0.568508
TCGA-DU-5874,1,0,0,0,0,0,0,0,0,0,1,低风险,-0.51433
TCGA-DU-5870,1,0,0,0,0,0,1,0,0,0,2,高风险,-0.300818
TCGA-DU-5871,1,1,1,0,0,0,0,0,0,0,3,高风险,-0.176871
TCGA-DU-5872,1,1,1,0,0,0,0,0,0,0,3,低风险,-0.858482
TCGA-DU-6394,1,0,0,0,0,1,0,1,1,0,4,低风险,-0.809786
TCGA-DU-6395,1,1,1,0,0,0,0,0,0,0,3,低风险,-0.348003
TCGA-DU-6396,1,1,1,0,0,0,0,0,0,0,3,高风险,0.456892
TCGA-DU-6397,1,0,0,0,0,1,0,1,0,0,3,低风险,-0.516431
TCGA-DU-6399,1,1,1,0,0,0,0,0,0,0,3,低风险,-0.873912
TCGA-DU-6392,0,1,1,1,1,1,1,0,1,1,8,高风险,-0.000574
TCGA-DU-6393,1,0,0,0,0,0,1,0,0,0,2,高风险,0.342319
TCGA-DU-6404,0,0,0,0,0,0,0,0,0,0,0,高风险,1.509722
TCGA-DU-6405,0,0,0,0,0,0,0,0,0,1,1,高风险,2.261314
TCGA-DU-6406,0,0,0,0,0,0,0,0,0,0,0,高风险,2.779149
TCGA-DU-6407,1,1,1,0,0,0,0,0,0,0,3,低风险,-0.788006
TCGA-DU-6408,1,1,1,0,0,0,0,0,0,0,3,高风险,0.44201
TCGA-DU-6400,1,0,0,0,0,0,1,0,1,0,3,低风险,-0.391642
TCGA-DU-6401,1,1,1,0,0,0,0,0,0,0,3,低风险,-0.768863
TCGA-DU-6402,0,0,0,0,1,1,0,0,0,0,2,高风险,1.179058
TCGA-DU-6403,0,0,0,0,0,0,0,0,0,0,0,高风险,2.694196
TCGA-DU-6410,1,0,0,0,0,0,0,0,0,0,1,低风险,-0.998516
TCGA-DU-6542,1,1,0,0,0,0,0,0,0,0,2,高风险,0.781163
TCGA-DU-7006,0,0,0,1,0,1,0,0,0,1,3,高风险,3.250598
TCGA-DU-7007,1,1,1,0,0,0,0,0,0,0,3,高风险,1.026276
TCGA-DU-7008,1,1,1,0,0,0,0,0,0,0,3,低风险,-1.554134
TCGA-DU-7009,1,0,0,0,0,0,0,0,0,0,1,低风险,-0.547277
TCGA-DU-7014,0,0,0,0,0,0,0,0,0,0,0,高风险,-0.237086
TCGA-DU-7015,1,1,1,0,0,0,0,0,0,0,3,低风险,-0.5329
TCGA-DU-7018,1,0,0,0,0,0,1,0,1,1,4,低风险,-0.77376
TCGA-DU-7019,1,1,0,0,0,0,0,0,0,0,2,低风险,-0.422465
TCGA-DU-7010,1,1,0,0,0,0,0,0,0,0,2,高风险,0.559413
TCGA-DU-7011,1,1,1,0,0,0,0,0,0,0,3,低风险,-0.806525
TCGA-DU-7012,0,0,0,1,1,0,0,0,0,0,2,高风险,2.642657
TCGA-DU-7013,0,1,0,1,0,0,0,0,0,0,2,高风险,2.131926
TCGA-DU-7294,1,0,0,0,0,0,1,0,1,0,3,低风险,-1.584251
TCGA-DU-7298,1,1,1,0,0,0,0,0,0,1,4,高风险,0.04605
TCGA-DU-7299,1,1,0,0,0,1,0,0,0,0,3,低风险,-0.754583
TCGA-DU-7290,0,0,0,0,1,0,0,0,0,0,1,高风险,3.478866
TCGA-DU-7292,0,0,0,1,0,0,0,0,0,0,1,高风险,0.967349
TCGA-DU-7304,1,1,1,0,0,0,0,0,0,0,3,高风险,0.42487
TCGA-DU-7306,1,1,1,0,0,0,0,0,0,0,3,低风险,-0.489048
TCGA-DU-7309,0,1,1,0,0,0,0,0,0,0,2,低风险,-1.116965
TCGA-DU-7300,1,1,0,0,0,0,1,0,1,0,4,低风险,-0.518797
TCGA-DU-7301,1,1,1,0,0,0,0,0,0,0,3,低风险,-1.012207
TCGA-DU-7302,1,0,0,0,0,0,1,0,1,0,3,高风险,0.155478
TCGA-DU-8158,0,0,0,1,1,0,0,0,0,0,2,高风险,3.678354
TCGA-DU-8164,1,0,0,0,0,0,0,1,0,1,3,低风险,-0.823073
TCGA-DU-8165,0,1,0,0,0,0,0,0,0,1,2,高风险,2.226404
TCGA-DU-8166,1,1,1,0,0,0,0,0,0,0,3,低风险,-0.992601
TCGA-DU-8167,1,1,1,0,0,0,0,0,0,0,3,高风险,-0.205778
TCGA-DU-8168,1,0,0,0,0,0,1,1,1,1,5,低风险,-0.916176
TCGA-DU-8161,0,0,0,0,1,0,0,0,0,0,1,高风险,1.065621
TCGA-DU-8162,0,0,0,1,0,0,0,0,0,0,1,低风险,-0.393281
TCGA-DU-8163,1,1,1,0,0,0,0,0,0,0,3,低风险,-0.344427
TCGA-DU-A7T6,1,0,0,0,0,0,1,0,0,0,2,高风险,1.577045
TCGA-DU-A7T8,1,1,1,0,0,0,0,0,0,0,3,低风险,-0.659644
TCGA-DU-A7TA,0,1,1,0,0,0,0,0,0,0,2,低风险,-0.445433
TCGA-DU-A7TB,0,0,0,0,0,0,0,0,0,0,0,高风险,0.255554
TCGA-DU-A7TC,1,1,0,0,0,0,0,0,0,0,2,高风险,-0.198362
TCGA-DU-A7TD,0,0,0,1,0,0,0,0,0,0,1,高风险,2.765708
TCGA-DU-A7TG,1,0,0,0,0,0,0,0,0,0,1,高风险,-0.165914
TCGA-DU-A7TI,0,0,0,0,0,0,0,0,0,0,0,低风险,-0.705803
TCGA-DU-A7TJ,0,0,0,0,0,0,0,0,0,0,0,高风险,2.22562
TCGA-DU-A5TP,1,1,1,0,0,0,0,0,0,0,3,低风险,-1.252218
TCGA-DU-A5TR,1,1,1,0,0,0,0,0,1,0,4,高风险,0.917516
TCGA-DU-A5TS,1,0,1,0,0,0,0,0,0,0,2,低风险,-0.620308
TCGA-DU-A5TT,0,1,0,1,0,0,0,0,0,1,3,高风险,0.553302
TCGA-DU-A5TU,1,1,1,0,0,0,0,0,0,0,3,低风险,-0.397129
TCGA-DU-A5TW,1,1,1,0,0,0,0,0,0,0,3,低风险,-0.839481
TCGA-DU-A5TY,0,0,0,1,0,0,0,0,0,0,1,高风险,1.971257
TCGA-DU-A6S6,1,0,0,0,0,0,0,0,0,0,1,高风险,-0.230444
TCGA-DU-A6S7,1,1,1,0,0,0,0,0,0,0,3,低风险,-0.385358
TCGA-DU-A6S8,1,0,0,0,0,0,1,0,0,0,2,低风险,-0.48582
TCGA-DU-A6S2,1,0,0,0,0,0,1,1,0,0,3,高风险,0.032983
TCGA-DU-A6S3,1,0,0,0,0,0,1,1,1,1,5,低风险,-0.562013
TCGA-DU-A76K,0,0,0,0,0,0,0,0,0,0,0,高风险,1.963285
TCGA-DU-A76L,0,0,0,0,0,1,0,0,0,0,1,高风险,2.268385
TCGA-DU-A76O,1,1,1,0,0,0,0,0,0,0,3,高风险,-0.202679
TCGA-DU-A76R,1,0,0,0,0,0,0,0,0,1,2,低风险,-0.344004
TCGA-E1-5304,1,1,1,0,0,0,0,0,0,0,3,高风险,1.439843
TCGA-E1-5305,1,1,1,0,0,0,0,0,0,0,3,低风险,-0.945435
TCGA-E1-5307,1,1,1,0,0,0,0,0,0,0,3,低风险,-0.357257
TCGA-E1-5302,1,1,1,0,0,0,0,0,0,0,3,高风险,-0.294953
TCGA-E1-5303,1,1,1,0,0,0,0,0,0,0,3,高风险,0.313274
TCGA-E1-5318,0,0,0,0,0,0,1,0,0,0,1,低风险,-1.431782
TCGA-E1-5319,1,0,0,0,0,0,1,1,0,0,3,低风险,-0.767672
TCGA-E1-5311,1,0,0,0,0,0,1,0,1,0,3,高风险,-0.145281
TCGA-E1-5322,1,1,1,0,0,0,0,0,0,0,3,低风险,-0.596835
TCGA-E1-A7YD,0,1,0,1,0,0,0,0,0,1,3,高风险,2.467523
TCGA-E1-A7YE,1,1,1,0,0,0,0,0,0,0,3,高风险,2.605561
TCGA-E1-A7YH,1,1,1,0,0,0,0,0,0,0,3,低风险,-0.317721
TCGA-E1-A7YI,1,1,1,0,0,0,0,0,0,0,3,高风险,2.139499
TCGA-E1-A7YJ,0,0,0,1,0,0,0,0,0,0,1,高风险,2.383599
TCGA-E1-A7YK,1,1,1,0,0,0,0,0,0,0,3,高风险,0.586632
TCGA-E1-A7YL,0,1,0,0,0,0,0,0,0,0,1,高风险,3.211179
TCGA-E1-A7YM,0,0,0,1,0,0,0,0,0,0,1,高风险,1.366126
TCGA-E1-A7YN,0,0,0,0,0,0,0,0,0,0,0,高风险,2.644211
TCGA-E1-A7YO,1,0,0,0,0,0,1,1,0,0,3,高风险,-0.246108
TCGA-E1-A7YQ,0,0,0,1,0,0,0,0,0,0,1,高风险,1.311978
TCGA-E1-A7YS,1,0,0,0,0,0,0,0,0,0,1,高风险,-0.101833
TCGA-E1-A7YU,1,1,0,0,0,0,0,0,0,0,2,高风险,0.274989
TCGA-E1-A7YV,1,1,1,0,0,0,0,0,0,0,3,高风险,1.629332
TCGA-E1-A7YW,1,1,1,0,0,0,0,0,0,0,3,低风险,-0.32909
TCGA-E1-A7YY,1,0,0,0,0,0,1,0,0,0,2,高风险,-0.090196
TCGA-E1-A7Z4,1,1,1,0,0,0,0,0,0,0,3,低风险,-0.445412
TCGA-E1-A7Z6,1,1,1,0,0,0,0,0,0,0,3,高风险,0.080565
TCGA-E1-A7Z2,0,0,0,1,0,0,0,0,0,0,1,高风险,0.260833
TCGA-E1-A7Z3,1,1,1,0,0,0,0,0,0,0,3,高风险,-0.230896
TCGA-EZ-7264,1,0,0,0,0,0,1,1,0,0,3,低风险,-0.798663
TCGA-F6-A8O4,1,1,1,0,0,0,0,0,0,0,3,低风险,-0.82252
TCGA-F6-A8O3,1,0,0,0,0,0,0,0,0,0,1,低风险,-1.584366
TCGA-FG-5964,1,0,0,0,0,0,1,0,0,0,2,高风险,0.187763
TCGA-FG-5965,1,1,1,0,0,0,0,0,0,0,3,低风险,-0.327395
TCGA-FG-5962,1,0,0,0,0,0,1,0,1,1,4,低风险,-0.439334
TCGA-FG-5963,0,1,1,0,0,1,0,0,0,0,3,高风险,2.392636
TCGA-FG-6688,0,0,0,0,0,0,0,0,0,0,0,高风险,1.621096
TCGA-FG-6689,1,1,1,0,0,0,0,0,0,0,3,高风险,-0.224994
TCGA-FG-6690,1,1,1,0,0,0,0,0,0,0,3,低风险,-1.013061
TCGA-FG-6691,1,1,1,0,0,0,0,0,0,0,3,低风险,-1.132878
TCGA-FG-6692,0,0,0,1,1,0,0,0,0,0,2,高风险,3.11809
TCGA-FG-7634,1,0,0,0,0,0,1,0,0,1,3,高风险,0.093407
TCGA-FG-7636,1,1,1,0,0,0,0,0,0,0,3,低风险,-0.933003
TCGA-FG-7637,1,0,0,0,0,0,0,0,0,0,1,低风险,-1.439282
TCGA-FG-7638,1,0,1,0,0,0,1,0,1,0,4,低风险,-0.862738
TCGA-FG-7641,1,0,0,0,0,0,1,0,0,0,2,低风险,-0.639771
TCGA-FG-7643,0,0,0,0,0,0,0,0,0,0,0,高风险,-0.025178
TCGA-FG-8185,1,1,1,0,0,0,0,0,0,0,3,低风险,-1.074931
TCGA-FG-8186,1,0,0,0,0,0,0,0,1,0,2,低风险,-0.305472
TCGA-FG-8187,1,0,0,0,0,0,0,0,0,1,2,高风险,-0.266186
TCGA-FG-8188,1,1,1,0,0,0,0,0,0,0,3,低风险,-0.607135
TCGA-FG-8189,0,0,0,0,0,0,0,0,0,0,0,低风险,-0.426276
TCGA-FG-8181,0,0,0,0,0,0,0,0,0,0,0,高风险,0.135189
TCGA-FG-8182,1,1,1,0,0,0,0,0,0,0,3,高风险,-0.255871
TCGA-FG-8191,1,1,1,0,0,0,0,0,0,0,3,低风险,-0.798268
TCGA-FG-A4MT,1,1,1,0,0,0,0,0,0,0,3,低风险,-0.453766
TCGA-FG-A4MU,0,0,0,1,0,0,0,0,0,0,1,高风险,3.099135
TCGA-FG-A4MW,0,0,0,1,1,0,0,0,0,0,2,高风险,1.689796
TCGA-FG-A4MX,1,1,1,0,0,0,0,0,0,0,3,高风险,0.428343
TCGA-FG-A4MY,1,1,1,0,0,0,0,0,0,0,3,低风险,-0.440472
TCGA-FG-A60J,1,1,0,0,0,0,0,0,0,0,2,高风险,-0.000855
TCGA-FG-A60K,1,0,0,0,0,0,1,0,0,0,2,低风险,-0.796825
TCGA-FG-A60L,1,1,0,0,0,0,0,0,0,0,2,高风险,-0.131405
TCGA-FG-A6IZ,1,0,0,0,0,0,1,0,0,0,2,低风险,-0.845438
TCGA-FG-A6J1,1,0,0,0,0,0,1,0,0,0,2,低风险,-0.77449
TCGA-FG-A6J3,1,1,0,0,0,0,0,0,0,0,2,高风险,0.983033
TCGA-FG-A70Y,1,1,1,0,0,0,0,0,0,0,3,低风险,-0.476364
TCGA-FG-A70Z,0,0,0,1,0,0,0,0,0,0,1,高风险,0.949361
TCGA-FG-A710,1,0,0,0,0,0,1,1,1,0,4,高风险,-0.303775
TCGA-FG-A711,1,1,1,0,0,0,0,0,0,0,3,高风险,-0.216179
TCGA-FG-A713,1,0,1,0,0,0,1,0,0,0,3,高风险,0.153887
TCGA-FG-A87N,1,0,0,0,0,1,0,0,0,0,2,高风险,0.917568
TCGA-FG-A87Q,0,0,0,1,0,0,0,0,0,0,1,高风险,2.84688
TCGA-FN-7833,1,1,1,0,0,0,0,0,0,0,3,低风险,-0.318664
TCGA-HT-7467,1,0,0,0,0,0,1,1,0,0,3,低风险,-0.540089
TCGA-HT-7468,1,0,0,0,0,0,1,0,0,1,3,低风险,-0.33331
TCGA-HT-7469,0,1,1,0,0,0,0,0,0,0,2,高风险,0.977719
TCGA-HT-7474,1,1,1,0,0,0,0,0,0,0,3,低风险,-0.54965
TCGA-HT-7475,1,1,1,0,0,0,0,0,0,0,3,低风险,-1.311986
TCGA-HT-7476,0,1,1,0,0,0,0,0,0,0,2,低风险,-1.276549
TCGA-HT-7477,1,1,1,0,0,0,0,0,0,0,3,高风险,3.069359
TCGA-HT-7478,1,1,1,0,0,0,0,0,0,1,4,低风险,-0.763844
TCGA-HT-7479,1,1,0,0,0,0,0,0,0,0,2,低风险,-0.811535
TCGA-HT-7470,1,1,1,0,0,0,0,0,1,0,4,低风险,-0.458502
TCGA-HT-7471,1,0,0,0,0,0,1,1,0,0,3,低风险,-0.412673
TCGA-HT-7472,1,1,1,0,0,0,0,0,0,0,3,低风险,-0.892232
TCGA-HT-7473,1,1,1,0,0,0,0,0,0,0,3,高风险,0.54036
TCGA-HT-7485,1,1,1,0,0,0,0,0,0,0,3,高风险,-0.223119
TCGA-HT-7480,1,0,0,0,0,0,1,0,0,0,2,低风险,-0.804138
TCGA-HT-7481,1,0,0,0,0,0,0,1,1,1,4,高风险,-0.223768
TCGA-HT-7482,1,1,1,0,0,0,0,0,0,0,3,高风险,-0.200578
TCGA-HT-7483,1,1,1,0,0,0,0,0,0,0,3,低风险,-1.217344
TCGA-HT-7604,1,1,1,0,0,0,0,0,0,0,3,低风险,-0.858134
TCGA-HT-7605,1,0,0,0,0,0,0,0,0,0,1,高风险,-0.163229
TCGA-HT-7606,1,1,0,0,0,0,0,0,0,0,2,低风险,-0.315215
TCGA-HT-7607,1,0,0,0,0,0,0,0,0,1,2,高风险,0.169567
TCGA-HT-7608,1,0,0,0,0,1,0,1,0,0,3,高风险,0.013289
TCGA-HT-7609,1,1,0,0,0,0,0,0,0,0,2,低风险,-0.738862
TCGA-HT-7601,1,1,0,0,0,0,0,0,0,0,2,高风险,1.017883
TCGA-HT-7602,1,1,0,0,0,0,0,0,0,0,2,低风险,-0.759791
TCGA-HT-7603,1,1,1,0,0,0,0,0,0,0,3,低风险,-0.312487
TCGA-HT-7616,1,0,0,0,0,0,1,1,0,0,3,高风险,1.024251
TCGA-HT-7610,1,1,1,0,0,0,0,0,0,0,3,低风险,-0.706221
TCGA-HT-7611,1,1,1,0,0,0,0,0,0,0,3,高风险,-0.216148
TCGA-HT-7620,1,0,0,0,0,0,0,1,0,1,3,高风险,-0.118555
TCGA-HT-7676,1,1,1,0,0,0,0,0,0,0,3,低风险,-0.578266
TCGA-HT-7677,1,0,0,0,0,0,1,1,0,0,3,低风险,-1.077755
TCGA-HT-7684,1,0,0,0,0,0,0,0,0,0,1,高风险,0.051491
TCGA-HT-7686,1,1,1,0,0,0,0,0,0,0,3,高风险,0.381889
TCGA-HT-7687,1,0,0,0,0,0,0,0,0,0,1,低风险,-0.45776
TCGA-HT-7688,1,1,1,0,0,0,0,0,0,0,3,高风险,-0.053707
TCGA-HT-7689,1,1,1,0,0,0,0,0,0,0,3,高风险,-0.179764
TCGA-HT-7680,0,0,0,0,0,0,0,0,0,0,0,高风险,1.162868
TCGA-HT-7681,0,0,0,0,0,0,1,0,0,0,1,低风险,-0.589543
TCGA-HT-7694,1,0,0,0,0,0,1,1,0,0,3,高风险,-0.257091
TCGA-HT-7695,1,0,0,0,0,0,1,0,0,0,2,低风险,-0.613285
TCGA-HT-7690,1,1,1,0,0,0,0,0,0,0,3,低风险,-0.571113
TCGA-HT-7691,0,0,0,0,0,0,0,0,0,0,0,高风险,0.596109
TCGA-HT-7692,1,0,0,0,0,0,0,0,0,1,2,高风险,-0.231749
TCGA-HT-7693,1,1,1,0,0,0,0,0,0,0,3,高风险,0.130025
TCGA-HT-7854,0,0,0,0,0,0,0,0,0,0,0,高风险,0.737867
TCGA-HT-7855,1,1,1,0,0,0,0,0,0,0,3,低风险,-0.814132
TCGA-HT-7856,0,0,0,0,0,0,0,0,0,0,0,低风险,-0.334001
TCGA-HT-7857,0,0,1,0,0,1,0,0,0,0,2,高风险,2.15735
TCGA-HT-7858,1,1,1,0,0,0,0,0,0,0,3,低风险,-0.314183
TCGA-HT-7860,0,0,0,0,1,1,0,0,0,0,2,高风险,1.000682
TCGA-HT-7874,1,0,0,0,0,0,0,0,0,1,2,高风险,-0.254958
TCGA-HT-7875,1,0,0,0,0,0,1,0,1,0,3,低风险,-0.481986
TCGA-HT-7877,1,0,0,0,0,0,1,0,0,0,2,低风险,-0.805915
TCGA-HT-7879,1,1,1,0,0,0,0,0,0,0,3,高风险,-0.071251
TCGA-HT-7873,1,1,1,0,0,0,0,0,0,0,3,低风险,-0.322712
TCGA-HT-7884,1,1,1,0,0,0,0,0,0,0,3,低风险,-0.8766
TCGA-HT-7880,1,1,1,0,0,1,0,0,0,0,4,低风险,-0.528017
TCGA-HT-7881,1,0,0,0,0,0,0,0,0,0,1,低风险,-0.344903
TCGA-HT-7882,0,0,0,0,0,0,0,0,0,1,1,高风险,3.49756
TCGA-HT-7902,1,1,1,0,0,0,0,0,0,0,3,高风险,-0.105333
TCGA-HT-8015,0,0,0,0,0,0,0,0,0,0,0,高风险,0.206556
TCGA-HT-8018,1,1,1,0,0,0,0,0,0,0,3,高风险,0.250493
TCGA-HT-8019,0,0,0,0,0,0,0,0,0,0,0,高风险,-0.14022
TCGA-HT-8010,1,0,0,0,0,1,0,0,0,0,2,高风险,-0.272669
TCGA-HT-8011,0,0,0,0,0,0,0,0,0,0,0,高风险,3.737459
TCGA-HT-8012,1,0,0,0,0,0,1,0,1,0,3,低风险,-0.407363
TCGA-HT-8013,1,1,1,0,0,0,0,0,0,0,3,高风险,0.293685
TCGA-HT-8104,0,0,0,1,1,0,0,0,0,0,2,高风险,2.82604
TCGA-HT-8105,1,1,0,0,0,0,1,1,1,0,5,高风险,0.374569
TCGA-HT-8106,1,1,0,0,0,0,0,0,0,0,2,高风险,1.471471
TCGA-HT-8107,0,0,0,1,0,0,0,0,0,0,1,高风险,-0.25012
TCGA-HT-8108,1,1,1,0,0,0,0,0,0,0,3,低风险,-0.905403
TCGA-HT-8109,1,0,0,0,0,0,0,0,0,0,1,低风险,-0.983462
TCGA-HT-8114,1,1,1,0,0,0,0,0,0,0,3,高风险,-0.080543
TCGA-HT-8110,0,0,0,1,1,0,0,0,0,0,2,高风险,1.777617
TCGA-HT-8111,1,1,0,0,0,0,0,0,0,0,2,高风险,-0.179731
TCGA-HT-8113,0,0,0,0,0,0,0,0,0,0,0,高风险,-0.303636
TCGA-HT-8558,0,0,0,0,0,0,0,0,0,0,0,低风险,-0.609029
TCGA-HT-8564,0,1,0,0,0,1,0,0,0,0,2,低风险,-0.545637
TCGA-HT-8563,1,1,1,0,0,0,0,0,0,0,3,高风险,1.822557
TCGA-HT-A4DS,0,1,0,0,0,1,0,0,0,0,2,高风险,0.518317
TCGA-HT-A4DV,1,0,0,0,0,0,1,0,0,0,2,低风险,-0.459691
TCGA-HT-A5R5,1,1,1,0,0,0,0,0,0,0,3,低风险,-0.330198
TCGA-HT-A5R7,1,0,1,0,0,0,0,0,0,0,2,高风险,-0.293105
TCGA-HT-A5R9,0,0,0,0,0,0,1,0,0,0,1,低风险,-0.796362
TCGA-HT-A5RA,0,0,0,0,1,0,0,0,0,0,1,高风险,1.264765
TCGA-HT-A5RB,1,1,1,0,0,0,0,0,0,0,3,低风险,-1.074297
TCGA-HT-A5RC,0,0,0,1,0,0,0,0,0,0,1,高风险,2.280529
TCGA-HT-A614,1,1,1,0,0,0,0,0,0,0,3,高风险,-0.228039
TCGA-HT-A615,1,0,0,0,0,0,0,1,0,0,2,高风险,-0.216763
TCGA-HT-A616,1,0,1,0,0,0,0,0,0,0,2,低风险,-0.950548
TCGA-HT-A617,0,0,0,0,0,0,0,0,0,0,0,高风险,1.778548
TCGA-HT-A618,0,1,1,0,0,0,0,0,0,0,2,高风险,0.328465
TCGA-HT-A61A,0,0,0,0,0,0,0,0,0,0,0,高风险,0.049821
TCGA-HT-A61B,1,1,0,0,0,0,0,0,0,0,2,高风险,2.498563
TCGA-HT-A61C,0,0,0,1,0,0,0,0,0,0,1,高风险,2.724972
TCGA-HT-A74H,0,0,0,0,0,0,0,0,0,0,0,高风险,1.081015
TCGA-HT-A74J,1,1,1,0,0,0,0,0,0,0,3,高风险,-0.028999
TCGA-HT-A74K,1,0,0,0,0,0,0,0,0,0,1,高风险,0.624398
TCGA-HT-A74L,1,0,0,0,0,0,0,0,0,0,1,低风险,-0.598069
TCGA-HT-A74O,1,1,1,0,0,0,0,0,0,0,3,低风险,-0.354713
TCGA-HW-7486,1,0,0,0,0,0,0,0,0,0,1,低风险,-0.325929
TCGA-HW-7487,1,0,0,0,0,0,1,1,0,0,3,低风险,-0.592791
TCGA-HW-7489,1,1,1,0,0,0,0,0,0,0,3,高风险,-0.28381
TCGA-HW-7495,1,0,0,0,0,0,1,0,0,0,2,低风险,-0.880278
TCGA-HW-7490,1,1,1,0,0,0,0,0,0,0,3,低风险,-0.596901
TCGA-HW-7491,0,0,0,0,0,0,1,0,0,1,2,低风险,-1.884869
TCGA-HW-7493,0,0,0,0,0,0,0,0,0,0,0,低风险,-0.989086
TCGA-HW-8319,1,1,1,0,0,0,0,0,0,0,3,低风险,-0.425674
TCGA-HW-8320,1,1,0,0,0,0,0,0,0,0,2,低风险,-0.92179
TCGA-HW-8321,1,1,0,0,0,0,0,0,0,0,2,高风险,0.102991
TCGA-HW-8322,1,0,0,0,0,0,0,0,1,0,2,低风险,-0.403299
TCGA-HW-A5KJ,1,0,0,0,0,0,0,0,1,0,2,低风险,-0.558643
TCGA-HW-A5KK,0,0,0,0,0,0,0,0,0,0,0,高风险,2.606769
TCGA-HW-A5KL,1,1,1,0,0,0,0,0,0,0,3,低风险,-0.603872
TCGA-HW-A5KM,1,1,1,0,0,0,0,0,0,0,3,低风险,-0.484395
TCGA-IK-7675,1,1,1,0,0,0,0,0,0,0,3,高风险,0.629749
TCGA-IK-8125,1,0,0,0,0,0,1,0,1,0,3,低风险,-0.536436
TCGA-KT-A7W1,0,0,0,1,0,0,0,0,0,1,2,高风险,2.385824
TCGA-KT-A74X,1,0,0,0,0,0,1,0,0,0,2,低风险,-0.615132
TCGA-P5-A5EV,1,1,1,0,0,0,0,0,0,0,3,低风险,-1.108146
TCGA-P5-A5EW,1,1,1,0,0,0,0,0,0,0,3,低风险,-0.858486
TCGA-P5-A5EX,1,0,0,0,0,0,0,0,0,0,1,高风险,1.786975
TCGA-P5-A5EY,0,0,0,0,0,0,0,0,0,0,0,高风险,-0.05243
TCGA-P5-A5EZ,1,1,0,0,0,0,0,0,0,0,2,高风险,-0.17901
TCGA-P5-A5F4,1,1,0,0,0,0,0,0,0,0,2,低风险,-1.026596
TCGA-P5-A5F6,0,0,0,0,0,0,0,0,0,0,0,低风险,-1.925862
TCGA-P5-A5F0,1,0,0,0,0,0,1,0,1,1,4,低风险,-1.313571
TCGA-P5-A5F1,1,1,1,0,0,0,0,0,0,0,3,低风险,-0.685407
TCGA-P5-A5F2,1,1,1,0,0,0,0,0,1,0,4,低风险,-0.873605
TCGA-P5-A72U,0,0,0,0,0,0,0,0,0,0,0,高风险,3.056592
TCGA-P5-A72W,1,1,1,0,0,0,0,0,0,0,3,低风险,-0.366071
TCGA-P5-A72X,1,1,1,0,0,0,0,0,0,0,3,低风险,-0.756556
TCGA-P5-A72Z,1,0,0,0,0,0,1,0,0,0,2,高风险,0.779162
TCGA-P5-A735,1,1,1,0,0,0,0,0,0,0,3,低风险,-0.631347
TCGA-P5-A736,1,1,1,0,0,0,0,0,0,0,3,高风险,0.761722
TCGA-P5-A737,1,0,0,0,0,0,0,0,0,0,1,低风险,-0.326367
TCGA-P5-A730,0,0,0,0,0,0,0,0,0,0,0,高风险,0.189852
TCGA-P5-A731,1,0,0,0,0,0,0,0,0,0,1,高风险,-0.020326
TCGA-P5-A733,1,1,1,0,0,0,0,0,0,0,3,高风险,-0.10626
TCGA-P5-A77W,1,0,0,0,0,0,1,0,0,0,2,低风险,-0.987553
TCGA-P5-A77X,1,0,0,0,0,0,1,1,0,0,3,高风险,-0.199487
TCGA-P5-A780,1,1,0,0,0,0,0,0,0,0,2,高风险,0.085555
TCGA-P5-A781,1,0,0,0,0,0,0,0,0,0,1,低风险,-0.38341
TCGA-QH-A65R,1,0,0,0,0,0,0,0,0,0,1,低风险,-0.905859
TCGA-QH-A65S,1,1,1,0,0,0,0,0,0,0,3,高风险,0.515421
TCGA-QH-A65V,1,0,0,0,0,0,1,0,0,0,2,低风险,-1.030564
TCGA-QH-A65X,0,0,0,0,0,0,1,0,0,0,1,高风险,0.031108
TCGA-QH-A65Z,1,0,0,0,0,0,1,0,0,0,2,低风险,-0.739185
TCGA-QH-A6CS,0,0,0,0,1,1,0,0,0,0,2,高风险,-0.001669
TCGA-QH-A6CU,1,0,0,0,0,0,0,0,0,0,1,高风险,-0.1988
TCGA-QH-A6CV,0,0,0,0,0,0,0,0,0,0,0,高风险,0.617105
TCGA-QH-A6CW,1,1,0,0,0,0,0,0,1,0,3,高风险,-0.249522
TCGA-QH-A6CX,0,0,0,1,1,1,0,0,0,0,3,高风险,1.191165
TCGA-QH-A6CY,1,0,0,0,0,0,1,0,0,0,2,低风险,-0.469275
TCGA-QH-A6CZ,1,1,0,0,0,0,1,1,0,0,4,低风险,-1.019306
TCGA-QH-A6X4,1,0,0,0,0,0,0,1,0,0,2,高风险,0.198371
TCGA-QH-A6X5,1,0,0,0,0,0,1,0,0,0,2,高风险,-0.234457
TCGA-QH-A6X8,1,0,0,0,0,0,1,0,0,0,2,高风险,-0.134109
TCGA-QH-A6X9,1,1,1,0,0,0,0,0,0,0,3,低风险,-0.906286
TCGA-QH-A6X3,1,1,1,0,0,0,0,0,0,0,3,低风险,-0.666087
TCGA-QH-A6XA,1,1,1,0,0,0,0,0,0,0,3,低风险,-0.473729
TCGA-QH-A6XC,0,0,0,1,0,0,0,0,0,0,1,高风险,1.618091
TCGA-QH-A86X,1,0,0,0,0,0,1,1,0,0,3,低风险,-1.030373
TCGA-QH-A870,1,1,1,0,0,0,0,0,0,0,3,低风险,-0.367229
TCGA-R8-A6MK,1,0,0,0,0,0,1,0,0,0,2,高风险,-0.165702
TCGA-R8-A6ML,1,0,0,0,0,0,1,0,0,0,2,低风险,-0.519229
TCGA-R8-A6MO,1,0,0,0,0,0,1,0,0,1,3,低风险,-0.767332
TCGA-RY-A83X,1,0,0,0,0,0,1,0,0,0,2,低风险,-0.377053
TCGA-RY-A83Y,1,0,0,0,0,0,1,1,0,0,3,高风险,-0.271775
TCGA-RY-A83Z,1,1,1,0,0,0,0,0,0,0,3,高风险,1.171622
TCGA-RY-A845,1,1,0,0,0,0,0,0,0,0,2,低风险,-0.996931
TCGA-RY-A847,1,0,0,0,0,0,0,1,0,0,2,低风险,-0.474735
TCGA-RY-A840,1,0,0,0,0,0,0,0,0,0,1,低风险,-1.09096
TCGA-RY-A843,1,0,0,0,0,0,0,0,0,0,1,低风险,-0.674014
TCGA-S9-A7IQ,1,0,0,0,0,0,0,0,0,0,1,高风险,-0.10891
TCGA-S9-A7IS,1,0,1,0,0,0,0,0,0,0,2,高风险,1.297519
TCGA-S9-A7IX,0,0,0,1,0,1,0,0,0,0,2,高风险,2.132381
TCGA-S9-A7IY,1,0,0,0,0,0,1,1,0,0,3,高风险,-0.201239
TCGA-S9-A7IZ,1,1,1,0,0,0,0,0,0,0,3,低风险,-0.624402
TCGA-S9-A7J0,1,1,0,0,0,0,0,0,0,0,2,高风险,0.004946
TCGA-S9-A7J1,1,0,0,0,0,0,1,1,0,1,4,低风险,-0.679651
TCGA-S9-A7J2,1,0,0,0,0,0,1,0,0,0,2,低风险,-0.701654
TCGA-S9-A7J3,1,0,0,0,0,0,1,1,0,0,3,低风险,-0.450418
TCGA-S9-A7QW,1,1,1,0,0,0,0,0,0,0,3,低风险,-1.409938
TCGA-S9-A7QX,1,1,1,0,0,0,0,0,0,0,3,高风险,0.100019
TCGA-S9-A7QY,0,0,0,0,0,0,0,0,0,0,0,低风险,-1.039031
TCGA-S9-A7QZ,1,1,0,0,0,0,1,1,0,0,4,高风险,-0.2871
TCGA-S9-A7R4,1,0,0,0,0,0,0,0,0,0,1,低风险,-0.927749
TCGA-S9-A7R7,1,1,1,0,0,0,0,0,0,1,4,高风险,0.700895
TCGA-S9-A7R8,1,1,1,0,0,0,0,0,0,0,3,高风险,0.491415
TCGA-S9-A7R1,1,0,0,0,0,0,0,0,0,0,1,低风险,-0.695746
TCGA-S9-A7R2,0,0,0,1,0,0,0,0,0,0,1,高风险,1.26697
TCGA-S9-A7R3,1,1,0,0,0,0,0,0,0,0,2,高风险,-0.282263
TCGA-S9-A6TS,1,1,1,0,0,0,0,0,0,0,3,低风险,-0.386779
TCGA-S9-A6TU,1,1,0,0,0,0,0,0,0,0,2,低风险,-0.645909
TCGA-S9-A6TV,1,1,1,0,0,0,0,0,0,0,3,高风险,-0.106832
TCGA-S9-A6TW,1,0,0,0,1,0,1,0,0,1,4,低风险,-0.987619
TCGA-S9-A6TX,1,0,0,0,0,0,1,1,0,0,3,高风险,0.15245
TCGA-S9-A6TY,0,0,0,0,0,0,0,0,0,0,0,低风险,-0.851879
TCGA-S9-A6TZ,1,1,0,0,0,0,0,0,0,0,2,高风险,-0.124358
TCGA-S9-A6U5,1,0,0,0,0,0,1,0,1,0,3,低风险,-0.318201
TCGA-S9-A6U6,1,1,1,0,0,0,0,0,0,0,3,低风险,-0.938474
TCGA-S9-A6U8,1,1,1,0,0,0,0,0,0,0,3,高风险,-0.036109
TCGA-S9-A6U9,1,1,1,0,0,0,0,0,0,0,3,高风险,0.126675
TCGA-S9-A6U0,0,0,0,0,1,0,0,0,0,1,2,高风险,1.700603
TCGA-S9-A6U1,1,0,1,0,0,0,0,0,0,0,2,低风险,-0.723259
TCGA-S9-A6U2,1,0,0,0,0,0,1,0,0,1,3,低风险,-0.709766
TCGA-S9-A6UA,0,0,1,0,0,1,0,0,0,0,2,高风险,2.378722
TCGA-S9-A6UB,1,0,0,0,0,0,1,0,0,0,2,低风险,-0.649838
TCGA-S9-A6WD,1,0,0,0,0,0,0,0,0,0,1,低风险,-0.451303
TCGA-S9-A6WE,1,0,0,0,0,0,1,0,0,0,2,低风险,-1.175681
TCGA-S9-A6WG,1,1,1,0,0,0,0,0,0,0,3,高风险,-0.118954
TCGA-S9-A6WH,1,0,0,0,0,0,1,0,0,0,2,低风险,-1.011028
TCGA-S9-A6WI,1,0,0,0,0,0,0,0,0,0,1,低风险,-0.383495
TCGA-S9-A6WL,1,0,0,0,0,0,0,0,0,0,1,低风险,-0.669193
TCGA-S9-A6WM,0,0,0,0,0,0,0,0,0,0,0,高风险,2.235903
TCGA-S9-A6WN,1,0,0,1,0,0,0,0,0,1,3,高风险,0.346964
TCGA-S9-A6WO,1,1,1,0,0,0,0,0,0,0,3,低风险,-0.489014
TCGA-S9-A6WP,1,0,0,0,0,1,0,1,0,0,3,低风险,-0.483637
TCGA-S9-A6WQ,1,1,1,0,0,0,0,0,0,0,3,高风险,0.216601
TCGA-S9-A89V,0,0,1,0,0,1,0,0,0,0,2,高风险,-0.111412
TCGA-S9-A89Z,1,1,0,0,0,0,0,0,0,0,2,高风险,0.864863
TCGA-TM-A7C4,1,1,1,0,0,0,0,0,0,0,3,低风险,-0.856831
TCGA-TM-A7C5,1,0,0,0,0,0,1,0,0,0,2,低风险,-1.361513
TCGA-TM-A7C3,0,0,0,1,0,0,0,0,0,0,1,高风险,1.177259
TCGA-TM-A7CA,1,1,1,0,0,0,0,0,0,0,3,低风险,-0.870651
TCGA-TM-A7CF,1,1,0,0,0,0,0,0,0,0,2,低风险,-0.453225
TCGA-TM-A84B,0,0,0,0,1,0,0,0,0,0,1,高风险,1.909777
TCGA-TM-A84C,0,0,0,0,0,1,0,0,0,0,1,低风险,-1.278605
TCGA-TM-A84F,1,1,0,0,0,0,0,0,0,0,2,高风险,0.682982
TCGA-TM-A84G,1,0,0,0,0,0,0,1,1,0,3,低风险,-0.683087
TCGA-TM-A84H,1,1,1,0,0,0,0,0,0,0,3,低风险,-1.257608
TCGA-TM-A84I,1,1,1,0,0,0,0,0,0,0,3,高风险,1.78713
TCGA-TM-A84J,0,1,0,0,0,0,0,0,0,0,1,高风险,0.47715
TCGA-TM-A84L,1,1,1,0,0,0,0,0,0,0,3,高风险,0.070866
TCGA-TM-A84M,1,1,0,0,0,0,1,1,0,0,4,低风险,-0.310385
TCGA-TM-A84O,1,0,0,0,0,0,1,0,0,0,2,高风险,0.407682
TCGA-TM-A84Q,1,1,1,0,0,0,0,0,0,0,3,低风险,-0.721836
TCGA-TM-A84R,0,0,0,0,0,0,0,0,0,0,0,高风险,-0.225931
TCGA-TM-A84S,1,0,0,0,0,0,0,0,0,1,2,高风险,-0.160074
TCGA-TM-A84T,1,1,1,0,0,0,0,0,0,0,3,低风险,-0.5666
TCGA-TQ-A7RF,1,1,0,0,0,0,0,0,0,0,2,高风险,-0.218755
TCGA-TQ-A7RG,1,0,0,0,0,0,1,0,0,0,2,低风险,-0.740402
TCGA-TQ-A7RH,1,1,1,0,0,0,0,0,0,0,3,低风险,-0.561142
TCGA-TQ-A7RI,1,0,0,0,0,0,1,0,0,0,2,低风险,-0.600123
TCGA-TQ-A7RJ,1,1,1,0,0,0,0,0,0,0,3,高风险,0.045821
TCGA-TQ-A7RK,1,1,1,0,0,0,0,0,0,0,3,高风险,-0.140339
TCGA-TQ-A7RM,1,1,0,0,0,0,0,0,0,0,2,高风险,1.095899
TCGA-TQ-A7RN,1,1,0,0,0,0,0,0,0,0,2,低风险,-0.417864
TCGA-TQ-A7RO,0,0,0,0,0,0,1,0,0,1,2,低风险,-1.548205
TCGA-TQ-A7RP,0,0,0,1,1,1,0,0,0,0,3,高风险,-0.213664
TCGA-TQ-A7RQ,1,0,0,0,0,0,1,0,0,0,2,低风险,-0.997245
TCGA-TQ-A7RR,1,1,1,0,0,0,0,0,0,0,3,低风险,-0.72156
TCGA-TQ-A7RU,1,0,0,0,0,0,1,0,0,0,2,低风险,-0.84305
TCGA-TQ-A7RV,1,1,1,0,0,0,0,0,0,0,3,低风险,-1.264513
TCGA-TQ-A7RW,1,1,0,0,0,0,0,0,0,0,2,低风险,-0.494231
TCGA-TQ-A8XE,1,1,0,0,0,0,0,0,0,1,3,低风险,-0.313643
TCGA-VM-A8C8,1,1,1,0,0,0,0,0,0,0,3,低风险,-0.724826
TCGA-VM-A8C9,0,0,0,0,0,0,0,0,0,1,1,高风险,1.915051
TCGA-VM-A8CA,1,0,0,0,0,0,0,0,0,0,1,高风险,-0.147819
TCGA-VM-A8CB,1,0,0,0,0,0,1,1,0,0,3,低风险,-1.143836
TCGA-VM-A8CD,0,0,0,1,1,1,0,0,0,0,3,高风险,1.150194
TCGA-VM-A8CE,1,0,0,0,0,0,1,0,0,0,2,低风险,-0.824931
TCGA-VM-A8CF,1,1,1,0,0,0,0,0,0,0,3,高风险,1.920964
TCGA-VM-A8CH,1,0,1,0,0,0,0,0,0,0,2,低风险,-0.668775
TCGA-VV-A829,1,0,0,0,0,0,0,0,1,0,2,低风险,-0.413389
TCGA-VV-A86M,1,1,0,0,0,0,0,0,0,0,2,低风险,-1.129966
TCGA-VW-A7QS,1,0,0,0,0,0,0,0,1,0,2,低风险,-0.601709
TCGA-VW-A8FI,0,1,0,0,0,0,0,0,0,1,2,高风险,2.115541
TCGA-W9-A837,1,0,0,0,0,0,0,0,0,0,1,低风险,-0.902447
TCGA-WH-A86K,1,1,0,0,0,0,0,0,0,0,2,低风险,-0.427169
TCGA-WY-A858,1,1,1,0,0,0,0,0,0,0,3,高风险,0.947565
TCGA-WY-A859,1,1,0,0,0,0,0,0,0,0,2,低风险,-0.829786
TCGA-WY-A85A,1,1,1,0,0,0,0,0,0,0,3,低风险,-1.022198
TCGA-WY-A85B,1,1,1,0,0,0,0,0,0,0,3,低风险,-0.490998
TCGA-WY-A85C,1,1,0,0,0,0,0,0,0,0,2,高风险,-0.238009
TCGA-WY-A85D,1,1,1,0,0,0,0,0,0,0,3,高风险,-0.156458
TCGA-WY-A85E,1,1,1,0,0,0,0,0,0,1,4,低风险,-0.610092
