CellType,rank_within_cell_z,n_cells,MRG4_score_within_cell_z,MRG4_score_type_level_z,BMP1_mean_counts,KIF15_mean_counts,TRAF3_mean_counts,PDGFA_mean_counts
Tumor,1,48281,0.43002,2.953274,0.532487,0.250885,0.540068,3.481369
Pericytes,2,981,0.418673,1.635204,1.030581,0.06422,0.330275,2.455657
VSMC,3,1164,0.226901,1.036182,0.190722,0.004296,0.17268,3.49055
Fibroblasts,4,228,0.150466,0.41588,0.912281,0.017544,0.592105,1.078947
Oligodendrocytes,5,10895,-0.089838,0.049179,0.149335,0.042129,0.631666,1.30335
Endothelial,6,4725,-0.14605,-0.21335,0.093968,0.020741,0.234286,0.537989
OPCs,7,1395,-0.162381,-0.30394,0.189247,0.034409,0.849462,0.886022
Astrocytes,8,3920,-0.250295,-0.473609,0.148469,0.063776,1.147449,0.514796
Microglia,9,31303,-0.262833,-0.728118,0.035524,0.010894,0.841996,0.596333
"NK, T-cells",10,1011,-0.271373,-0.2394,0.012859,0.101879,0.817013,0.105836
MgTAM,11,12064,-0.280926,-0.566418,0.068385,0.062168,1.269562,0.67631
Monocytes,12,551,-0.299545,-0.899491,0.027223,0.0,0.611615,0.034483
Macrophages,13,1137,-0.313195,-0.930954,0.041337,0.007916,0.801231,0.095866
B-cells,14,1151,-0.314392,-0.858293,0.004344,0.017376,0.742832,0.07298
MoTAM,15,16676,-0.349031,-0.876146,0.079096,0.055889,1.44567,0.324059
