Mouse_symbol,Human_symbol,Direction,log2FC_LPS+CS_vs_Media,log2FC_LPS_vs_Media,log2FC_CS_vs_Media,log2FC_Torin_vs_LPS+CS,LGG_univariate_HR,LGG_univariate_p,LGG_multivariate_coefficient,LGG_univariate_BH_q
Slc7a1,SLC7A1,up,3.355,0.23,-0.183,-4.338,0.6478804379696983,6.059738358222478e-05,-0.0463299996255324,0.00026965835694090027
Osgin2,OSGIN2,up,2.117,0.497,-0.057,-2.02,0.675103704474629,0.0002408925518742,-0.1706344515371257,0.0009321494398610347
Pim3,PIM3,up,2.067,-0.227,0.011,-1.902,1.2044469479846651,0.0035852340599675,,0.008863495314919652
Ankrd33b,ANKRD33B,up,1.861,-0.111,0.256,-0.996,,,,
Chd2,CHD2,up,1.791,0.266,0.05,-1.984,0.8618419440448417,0.1365313092451125,,0.18986385191898458
Hspa4l,HSPA4L,up,1.723,0.214,0.197,-0.693,1.3274228508663135,0.000266931277812,0.1378327268850372,0.0009898701552195001
Aldh18a1,ALDH18A1,up,1.572,0.017,-0.029,-3.354,0.8206273269984696,0.0715569357797364,,0.10794181837960237
Pdgfa,PDGFA,up,1.55,0.16,-0.09,-1.056,1.608534218348923,8.617945761382448e-15,0.2403349504909042,7.669971727630379e-13
1810013L24Rik,,up,1.506,0.437,0.159,-0.926,,,,
Optn,OPTN,up,1.505,0.374,-0.42,-0.607,0.816637251417228,0.0466790124040494,,0.07418628757072136
Rusc2,RUSC2,up,1.438,0.343,-0.115,-0.932,0.6470674673397585,0.000306842740445,0.1065911904071843,0.0010923601559842
Rhbdd1,RHBDD1,up,1.37,0.088,0.013,-1.505,1.2913499326661388,0.0083935335352399,,0.018122944426463117
Pkdcc,PKDCC,up,1.347,0.424,-0.342,-0.945,1.0720344774249435,0.4700463996466808,,0.5229266196069324
Sh3tc1,SH3TC1,up,1.329,-0.239,-0.07,-1.452,1.2127660001467504,0.0155264773197717,,0.02820115268285064
Slc1a4,SLC1A4,up,1.3,0.033,0.139,-1.698,0.6812977770398341,0.0003345858674525,,0.001145313161664327
Afg3l2,AFG3L2,up,1.268,0.351,-0.081,-1.896,1.0383032943275263,0.6950951353984594,,0.745342976511601
Dusp8,DUSP8,up,1.263,-0.189,-0.427,-2.352,0.8268829380760223,0.0695416297920942,,0.10671043192235145
Akna,AKNA,up,1.217,0.18,0.346,-1.647,0.8996395110161747,0.2985516426392118,,0.3590688674985115
Txnrd1,TXNRD1,up,1.196,0.2,0.241,-1.774,1.33543160496805,0.0039691546683784,,0.009509324489671293
Yars,,up,1.171,-0.484,-0.14,-3.391,,,,
Ppfia1,PPFIA1,up,1.169,-0.034,-0.259,-0.563,1.2451035844128395,0.0002104116488038,0.1864574049378563,0.0008512107610699183
Nedd4l,NEDD4L,up,1.134,-0.166,-0.478,-0.847,1.0160177202480152,0.8525842620757166,,0.8721839002843538
Traf3,TRAF3,up,1.119,0.177,-0.028,-0.579,0.8126182232716608,0.0332906770619635,,0.055903212424806635
Lrrc58,LRRC58,up,1.112,-0.467,-0.009,-1.206,0.8180744386438175,0.0252891930404101,,0.04501476361192998
Srfbp1,SRFBP1,up,1.08,-0.159,-0.32,-1.641,1.3405563701136824,0.0023884985403909,,0.006643011565462191
Palld,PALLD,up,1.075,0.32,0.452,-0.761,1.4593509805539648,1.7215184769324846e-08,-0.109797939520233,1.0943938889070795e-07
Insig2,INSIG2,up,1.058,0.272,0.015,-0.586,1.189289430423777,0.0363696136874131,,0.05994251144777345
Samd8,SAMD8,up,1.055,-0.203,-0.349,-0.967,0.7507637316398097,0.0040601610180619,,0.009509324489671293
Zbtb2,ZBTB2,up,1.055,0.109,0.033,-0.915,1.083930942300663,0.3523456858197535,,0.4158444038566231
Ralgps1,RALGPS1,up,1.054,0.315,0.349,-1.115,0.6336889679558434,1.4576297660537891e-05,-0.261305922005657,7.63112053992866e-05
Calcrl,CALCRL,up,1.053,0.416,0.179,-1.352,0.6082714699912519,2.087748235540949e-07,0.0117416156853145,1.1613099560196528e-06
Ampd3,AMPD3,up,1.04,-0.047,0.292,-2.016,1.0803858925829872,0.2967028932723957,,0.3590688674985115
Mafg,MAFG,up,1.034,-0.222,0.119,-1.231,0.8907994927459255,0.218198865296824,,0.2754492498124852
Ptpn23,PTPN23,up,1.025,0.103,-0.129,-0.626,0.784741092272355,0.008444280741062,,0.018122944426463117
Maff,MAFF,up,1.021,0.33,-0.079,-1.796,1.1122506639254028,0.1722777326037136,,0.23231391214743197
Tuba1a,TUBA1A,down,-2.545,-0.478,-0.379,0.531,1.2024190852987695,0.0301847319769468,,0.05166232972977433
Pycard,PYCARD,down,-2.288,-0.222,0.294,1.082,1.2171127811866014,0.0087824136029033,,0.018177553736241713
Tmem198b,,down,-2.156,-0.376,0.19,0.944,,,,
Loxl3,LOXL3,down,-2.058,-0.114,0.37,1.21,1.795305093948205,5.738174579679715e-13,0.2583288009194932,1.702325125304982e-11
Eps8,EPS8,down,-1.863,-0.372,0.272,1.359,1.456263578553636,1.1846331352360904e-08,0.1059253727338695,8.110180695077849e-08
Ccn1,CCN1,down,-1.84,-0.404,0.227,1.859,1.0941165690404078,0.1665510719335603,,0.22804685233979796
Tlr8,TLR8,down,-1.831,-0.044,0.404,1.25,1.3028476888978815,0.000104571692778,0.1088309987692768,0.000443184793202
Cep19,CEP19,down,-1.758,-0.408,-0.048,0.639,1.2857679761888352,0.003375738292359,,0.008584020229141457
Ppm1m,PPM1M,down,-1.728,-0.291,0.138,0.65,1.5715419446736745,7.509012467996162e-11,0.2879371165472432,1.1138368494194307e-09
Znrf3,ZNRF3,down,-1.712,-0.427,-0.134,1.831,1.1102812414982943,0.2210200786320802,,0.2754492498124852
Bicra,BICRA,down,-1.687,-0.4,0.246,0.843,1.3029079770844425,0.0012882553790759,,0.003953611335784659
Atp8b2,ATP8B2,down,-1.651,0.126,0.253,1.338,1.2613218187633004,0.0014500410082165,,0.004301788324375617
Bmp1,BMP1,down,-1.636,-0.077,0.035,0.997,1.635910338304642,3.142948076414878e-13,0.1540677202180134,1.3986118940046206e-11
Tiam1,TIAM1,down,-1.627,-0.34,0.484,1.08,0.7405999185406765,0.0026402452446757,,0.007120661417458706
Galnt2,GALNT2,down,-1.61,-0.261,0.223,0.542,1.3929725540629363,6.8771581616959245e-09,-0.1954900477466901,5.1005589699244774e-08
9130023H24Rik,,down,-1.596,-0.129,0.168,0.676,,,,
Ccn2,CCN2,down,-1.587,-0.056,0.464,2.273,1.1276568947184311,0.0934106222115834,,0.1340894415617891
Dab2,DAB2,down,-1.57,0.386,0.35,0.596,1.1764692027201948,0.0793232755205013,,0.11766285868874359
Mcat,MCAT,down,-1.53,-0.409,-0.069,1.151,0.9266815998752026,0.4503430434821782,,0.507348492024226
Ppp1r10,PPP1R10,down,-1.484,-0.396,-0.011,1.267,0.7828699086456533,0.0099820796551748,,0.01974233531801238
Ankrd28,ANKRD28,down,-1.473,-0.418,0.096,1.818,0.7640698302111268,0.0124535737505352,,0.023488058510257204
Map11,,down,-1.469,-0.064,0.473,1.061,,,,
Col6a3,COL6A3,down,-1.442,-0.172,-0.136,0.583,,,,
Adamts2,ADAMTS2,down,-1.419,-0.21,-0.05,0.782,1.1539244954189165,0.0287035746132672,,0.05009055177609374
Mxra8,MXRA8,down,-1.416,-0.167,0.154,0.752,1.4750868542619449,1.555996582067483e-09,0.1830428430399198,1.538707731155622e-08
Mboat7,MBOAT7,down,-1.405,-0.222,0.069,1.084,1.233131570298706,0.0028338969108448,,0.007418141913681977
Chaf1a,CHAF1A,down,-1.395,-0.005,0.034,0.541,1.4055376394302486,6.880803824651762e-10,0.6420636156098045,7.654894254925085e-09
Zmym3,ZMYM3,down,-1.391,-0.023,0.175,1.34,0.9269903574092369,0.4163094550616169,,0.47501976282671665
Zzef1,ZZEF1,down,-1.381,-0.5,0.017,0.788,0.923660379640466,0.4097934615209855,,0.473657377602178
Sema7a,SEMA7A,down,-1.369,-0.116,0.171,0.972,0.801184012063106,0.2192792213203349,,0.2754492498124852
Jade2,JADE2,down,-1.356,-0.494,-0.09,0.612,0.9372426062793644,0.5080150533729713,,0.5581893796320302
Ankmy2,ANKMY2,down,-1.346,-0.484,0.194,0.561,1.2693767538679386,0.0085524007405781,,0.018122944426463117
Wdr35,WDR35,down,-1.344,-0.47,0.025,0.924,1.3498972524370154,0.0005307477565811,,0.001687019654847068
Klf7,KLF7,down,-1.333,0.333,0.4,0.671,1.187358882827102,0.0549182369267719,,0.0857495278330298
Shtn1,SHTN1,down,-1.328,-0.455,0.1,0.902,1.0862418198809465,0.3551030864393635,,0.4158444038566231
Tha1,,down,-1.318,-0.397,-0.131,1.269,,,,
Dusp23,DUSP23,down,-1.311,-0.436,-0.097,0.869,1.1929167305037085,0.0126677169493522,,0.023488058510257204
Brwd3,BRWD3,down,-1.304,-0.384,0.219,0.791,1.014780121036954,0.87410937741924,,0.8840424385262768
Lig1,LIG1,down,-1.299,-0.473,0.058,1.44,1.4999457774224805,4.302121972565831e-09,-0.1211911795486826,3.828888555583589e-08
Kif24,KIF24,down,-1.286,-0.161,0.219,0.703,1.3995062635469526,6.505115184997609e-11,-0.1118063576573934,1.1138368494194307e-09
Rnf217,RNF217,down,-1.277,-0.448,0.27,1.095,0.8765102880331499,0.1962907813570235,,0.26074447075783713
Pbx2,PBX2,down,-1.274,-0.446,0.192,0.508,0.9692086557324816,0.7305234969802032,,0.764493559903185
Sptbn1,SPTBN1,down,-1.265,-0.179,0.025,1.256,0.964217525180454,0.7125105790413485,,0.754921923031905
Arhgap23,ARHGAP23,down,-1.237,-0.279,0.264,0.867,1.1903747253350114,0.0426078901894093,,0.0689473132155896
Mfsd9,,down,-1.234,0.162,0.163,1.252,,,,
Klhl18,KLHL18,down,-1.226,-0.285,0.209,1.013,0.9469907925786368,0.5472908420857455,,0.5940107920198946
Fermt2,FERMT2,down,-1.175,-0.31,0.29,1.024,1.30055734678765,0.0020939024020832,,0.00601152625114209
Cdk2ap2,CDK2AP2,down,-1.175,-0.466,0.102,1.185,1.117795466529573,0.2228353481629094,,0.2754492498124852
Polm,POLM,down,-1.171,-0.362,0.029,0.806,1.4336622232709355,3.1475825011937137e-05,-0.1234830782188516,0.00014743939084538977
Azin2,AZIN2,down,-1.147,0.458,0.182,0.693,1.009699114038879,0.9179742784853958,,0.9179742784853958
Asf1b,ASF1B,down,-1.139,-0.402,-0.067,0.663,1.4012790973031266,3.964742464678127e-10,-0.5242975758050965,5.040886847947904e-09
Zfp53,,down,-1.134,-0.179,-0.026,0.683,,,,
Zbtb8a,ZBTB8A,down,-1.127,-0.226,0.015,1.044,1.1708744732923504,0.084189109575091,,0.12283329101939508
Eme2,EME2,down,-1.099,-0.44,-0.238,1.112,1.2548723556814734,0.0072058802513231,,0.016444188265839894
Mcm5,MCM5,down,-1.096,-0.069,-0.022,1.38,1.484659237293174,6.311889009759918e-09,-0.1312654277371495,5.1005589699244774e-08
Taf12,TAF12,down,-1.077,-0.389,-0.015,0.689,1.445964478756918,1.625389641586403e-05,-0.0107775675514783,8.036648783399436e-05
Kif15,KIF15,down,-1.072,-0.449,0.174,1.384,1.4437923635610614,3.389302668066418e-11,0.5204106662661703,7.54119843644778e-10
Vav3,VAV3,down,-1.056,-0.391,-0.015,0.619,,,,
Mmp2,MMP2,down,-1.036,-0.392,0.04,0.839,1.190882040843568,0.0003901199283462,,0.0012859508749189558
Wdr19,WDR19,down,-1.032,-0.213,0.374,0.972,1.4755347222359876,1.0998858675109363e-07,0.3263690896628498,6.525989480564888e-07
Anks1,ANKS1A,down,-1.031,0.146,0.186,0.689,0.7237003774953299,0.0123841287339829,,0.023488058510257204
1500011B03Rik,,down,-1.013,-0.423,0.003,0.538,,,,
Chd4,CHD4,down,-1.01,-0.486,-0.009,0.612,0.9723363035013248,0.7387241140637518,,0.764493559903185
Ppp1r13b,PPP1R13B,down,-1.007,-0.225,-0.039,0.607,0.7591373339542667,0.0090980748435015,,0.0184029241152644
Tceanc,TCEANC,down,-1.006,-0.408,-0.052,1.338,0.856554535878016,0.1118108078745842,,0.15795495080695227
Slit2,SLIT2,down,-1.0,-0.439,-0.005,0.708,1.0732125778300576,0.2217906935036696,,0.2754492498124852
