Immune_feature,n_marker_genes,low_risk_mean_z,high_risk_mean_z,difference_high_minus_low,P_MannWhitney,rank_biserial_r
CD8+ T cells,6,-0.3343,0.2315,0.5657,8.57347434552846e-12,0.35
CD4+ T cells,6,-0.513,0.0021,0.5151,4.0287807229449655e-10,0.32
Regulatory T cells,5,-0.2912,0.0615,0.3527,2.1327412690601136e-10,0.325
NK cells,5,-0.6653,-0.2913,0.374,2.4913426381337973e-11,0.342
B cells,4,-0.3954,0.1161,0.5115,1.0176749601777555e-13,0.381
M1 macrophages,5,-0.169,0.1345,0.3034,3.0632640834921507e-07,0.262
M2 macrophages,5,-0.1862,0.1736,0.3598,9.780939475550631e-08,0.273
Dendritic cells,5,-0.2363,0.0569,0.2932,1.1996554594692264e-06,0.249
Neutrophils,5,-0.2314,0.2237,0.455,2.867232327766453e-10,0.323
Immune checkpoints,6,-0.242,0.1715,0.4135,3.132506832819963e-12,0.357
Interferon signature,5,-0.5967,-0.0695,0.5271,7.81230969547773e-14,0.383
