CellType,n_cells,PTPRC,CD68,PECAM1,MOG,GFAP,MKI67,TOP2A,PDGFA,KIF15,BMP1,TRAF3,pct_pos_PTPRC,pct_pos_CD68,pct_pos_PECAM1,pct_pos_MOG,pct_pos_GFAP,pct_pos_MKI67,pct_pos_TOP2A,pct_pos_PDGFA,pct_pos_KIF15,pct_pos_BMP1,pct_pos_TRAF3
Astrocytes,3920,0.017857142857142856,0.05459183673469388,0.013775510204081633,0.0028061224489795917,19.463265306122448,0.0826530612244898,0.12066326530612245,0.514795918367347,0.06377551020408163,0.14846938775510204,1.1474489795918368,1.2755102040816326,4.540816326530613,1.2244897959183674,0.2295918367346939,96.98979591836735,1.5561224489795917,1.0204081632653061,34.03061224489796,5.051020408163265,12.678571428571427,58.77551020408164
B-cells,1151,1.1424847958297133,0.12858384013900956,0.10773240660295395,0.0,0.15117289313640314,0.006081668114682885,0.009556907037358819,0.07298001737619461,0.01737619461337967,0.004344048653344918,0.7428323197219809,63.77063423110339,10.773240660295395,8.601216333622936,0.0,10.425716768027801,0.5212858384013901,0.6081668114682884,6.689834926151173,1.3032145960034751,0.4344048653344918,43.961772371850564
Endothelial,4725,0.027513227513227514,0.05587301587301587,10.393015873015873,0.0008465608465608466,0.131005291005291,0.0617989417989418,0.09058201058201058,0.537989417989418,0.02074074074074074,0.09396825396825396,0.2342857142857143,2.0105820105820107,4.656084656084656,98.09523809523809,0.08465608465608467,8.677248677248677,0.5502645502645503,1.0158730158730158,27.703703703703702,1.4603174603174605,4.677248677248677,16.021164021164022
Fibroblasts,228,0.039473684210526314,0.7192982456140351,0.12719298245614036,0.0,0.35964912280701755,0.02631578947368421,0.04824561403508772,1.0789473684210527,0.017543859649122806,0.9122807017543859,0.5921052631578947,2.631578947368421,41.66666666666667,3.508771929824561,0.0,19.298245614035086,2.1929824561403506,3.508771929824561,50.43859649122807,1.7543859649122806,43.42105263157895,29.82456140350877
Macrophages,1137,2.5338610378188213,7.167106420404574,1.156552330694811,0.0,0.14160070360598065,0.0008795074758135445,0.0079155672823219,0.09586631486367635,0.0079155672823219,0.04133685136323659,0.8012313104661389,81.09058927000879,96.48197009674581,60.59806508355321,0.0,10.026385224274406,0.08795074758135445,0.6156552330694811,6.860158311345646,0.79155672823219,3.6939313984168867,39.31398416886543
MgTAM,12064,5.180122679045093,4.89232427055703,0.7114555702917772,0.0007460212201591511,0.8757460212201591,0.4084051724137931,0.36480437665782495,0.6763096816976127,0.0621684350132626,0.06838527851458887,1.2695623342175066,93.34383289124668,85.0132625994695,44.25563660477454,0.07460212201591511,46.004641909814325,3.4482758620689653,4.617042440318302,29.907161803713528,2.287798408488064,5.943302387267904,50.20722811671088
Microglia,31303,3.2957224547168003,2.697121681627959,0.6517905632048047,0.0005750247580104144,0.14474650991917706,0.005175222822093729,0.011724115899434558,0.5963326198766892,0.010893524582308405,0.03552375171708782,0.841995974826694,89.02022170399003,82.79078682554388,41.37942050282721,0.05750247580104144,10.29933233236431,0.17570200939207103,0.6580838897230298,23.895473277321663,0.9551800146950772,3.1690253330351728,40.84273072868415
MoTAM,16676,4.139122091628688,12.125629647397458,0.8116454785320221,0.00011993283761093787,0.3988366514751739,0.31464379947229554,0.31992084432717677,0.32405852722475414,0.05588870232669705,0.07909570640441353,1.4456704245622451,84.9244423123051,93.7215159510674,42.0844327176781,0.011993283761093787,24.814104101703048,3.7239146078196206,4.365555289038139,16.08299352362677,2.47061645478532,7.082034060925882,55.660829935236265
Monocytes,551,4.116152450090744,1.5372050816696914,0.9219600725952813,0.0,0.19600725952813067,0.007259528130671506,0.014519056261343012,0.034482758620689655,0.0,0.02722323049001815,0.6116152450090744,94.01088929219601,69.32849364791288,55.172413793103445,0.0,14.156079854809436,0.7259528130671506,1.2704174228675136,1.8148820326678767,0.0,2.722323049001815,35.57168784029038
"NK, T-cells",1011,5.530168150346192,0.2532146389713155,0.23936696340257171,0.0009891196834817012,0.4688427299703264,0.5855588526211671,0.599406528189911,0.10583580613254204,0.10187932739861523,0.012858555885262116,0.8170128585558852,96.93372898120673,13.254203758654798,14.93570722057369,0.09891196834817012,14.342235410484669,8.803165182987142,8.30860534124629,5.440158259149357,4.549950544015826,1.2858555885262115,41.64193867457963
OPCs,1395,0.03512544802867384,0.05591397849462366,0.015770609318996417,0.03512544802867384,4.333333333333333,0.07741935483870968,0.11541218637992831,0.886021505376344,0.034408602150537634,0.18924731182795698,0.8494623655913979,2.6523297491039424,4.229390681003585,1.5770609318996418,3.369175627240143,45.448028673835125,1.003584229390681,1.0752688172043012,47.52688172043011,2.437275985663083,16.630824372759857,44.946236559139784
Oligodendrocytes,10895,0.0320330426801285,0.12381826525929325,0.014685635612666361,0.872418540614961,0.3220743460302891,0.014318494722349702,0.020927030748049563,1.3033501606241396,0.04212941716383662,0.14933455713630106,0.6316659017898119,2.7351996328591097,8.572739788893987,1.3767783386874712,51.1427260211106,14.346030289123451,0.4772831574116568,0.7067462138595686,61.12895823772373,3.533731069297843,12.60211106011932,35.53005966039468
Pericytes,981,0.02854230377166157,0.14475025484199797,0.024464831804281346,0.0,0.2619775739041794,0.35372069317023447,0.6044852191641182,2.45565749235474,0.06422018348623854,1.0305810397553516,0.3302752293577982,2.650356778797146,10.805300713557594,1.529051987767584,0.0,13.047910295616719,2.854230377166157,3.9755351681957185,61.97757390417941,2.038735983690112,30.275229357798167,21.712538226299692
Tumor,48281,0.10132350199871586,1.1671257844700813,0.027982021913382074,0.011909446780306953,26.769660943228185,0.672024191711025,1.3080300739421304,3.4813694828193285,0.2508854414780141,0.5324868996085417,0.540067521385224,8.444315569271556,37.27760402642862,2.5040906360680184,0.9196164122532673,70.17046042956856,7.062819742755949,9.465421180174395,65.91619891882935,8.03214515026615,33.78554710962905,32.69402042211222
VSMC,1164,0.020618556701030927,0.036941580756013746,0.014604810996563574,0.0,0.14776632302405499,0.001718213058419244,0.00859106529209622,3.490549828178694,0.00429553264604811,0.19072164948453607,0.17268041237113402,1.718213058419244,3.436426116838488,0.859106529209622,0.0,10.824742268041238,0.1718213058419244,0.6872852233676976,84.106529209622,0.429553264604811,14.175257731958762,11.683848797250858
