Model,Variable,HR,CI_low,CI_high,P,n,Deaths
Model A,lpA_z,1.3449,1.0694,1.6913,0.0113,172,90
Model A,age,1.0024,0.9809,1.0244,0.83,172,90
Model A,male,0.5658,0.3698,0.8658,0.00869,172,90
Model A,idhwt,1.4884,0.8967,2.4704,0.124,172,90
Model A,g3,2.9147,1.8521,4.587,3.77e-06,172,90
MRG-4 cohort-z,lp4_z,1.6544,1.3871,1.9734,2.17e-08,172,90
MRG-4 cohort-z,age,1.0039,0.9838,1.0244,0.706,172,90
MRG-4 cohort-z,male,0.4554,0.2914,0.7118,0.000555,172,90
MRG-4 cohort-z,idhwt,1.6699,1.0566,2.6392,0.0281,172,90
MRG-4 cohort-z,g3,2.553,1.5995,4.075,8.54e-05,172,90
MRG-4 discovery-SD,lp4_z,1.4056,1.1633,1.6983,0.000421,172,90
MRG-4 discovery-SD,age,0.9989,0.9774,1.021,0.924,172,90
MRG-4 discovery-SD,male,0.5357,0.3483,0.8237,0.00447,172,90
MRG-4 discovery-SD,idhwt,1.4913,0.9024,2.4644,0.119,172,90
MRG-4 discovery-SD,g3,2.7694,1.7382,4.4125,1.82e-05,172,90
