Gene,pi_replication_run_89gene_candidates,pi_original_run_88gene_candidates,selected_replication_pi_ge_0.75,selected_original_pi_ge_0.75,note
TRAF3,0.865,0.805,True,True,
BMP1,0.82,0.875,True,True,
PDGFA,0.81,0.805,True,True,
PBX2,0.8,0.705,True,False,
KIF15,0.78,0.815,True,True,
OSGIN2,0.755,0.775,True,True,
PPM1M,0.755,0.665,True,False,
HSPA4L,0.74,0.705,False,False,
MXRA8,0.74,0.725,False,False,
JADE2,0.685,0.69,False,False,
KIF24,0.68,0.725,False,False,
SLC7A1,0.665,0.735,False,False,
FERMT2,0.655,0.705,False,False,
PPP1R10,0.655,0.61,False,False,
ARHGAP23,0.645,0.61,False,False,
KLF7,0.63,0.675,False,False,
ANKRD28,0.625,0.62,False,False,
EPS8,0.59,0.52,False,False,
CHAF1A,0.58,0.485,False,False,
ALDH18A1,0.58,0.555,False,False,
ASF1B,0.53,0.53,False,False,
RALGPS1,0.525,0.595,False,False,
PPFIA1,0.515,0.55,False,False,
MBOAT7,0.505,0.575,False,False,
LOXL3,0.475,0.515,False,False,
SLC1A4,0.445,0.405,False,False,
SHTN1,0.445,0.43,False,False,
ANKS1A,0.44,0.475,False,False,
WDR35,0.435,0.46,False,False,
PPP1R13B,0.38,0.425,False,False,
TIAM1,0.37,0.39,False,False,
GALNT2,0.37,0.425,False,False,
TLR8,0.335,0.305,False,False,
BRWD3,0.3,0.32,False,False,
CALCRL,0.295,0.36,False,False,
ATP8B2,0.285,0.24,False,False,
MCAT,0.285,0.29,False,False,
TXNRD1,0.265,0.24,False,False,
KLHL18,0.26,0.22,False,False,
DAB2,0.255,0.285,False,False,
WDR19,0.25,0.25,False,False,
SEMA7A,0.24,0.28,False,False,
SRFBP1,0.235,0.24,False,False,
TCEANC,0.235,0.21,False,False,
ZMYM3,0.225,0.21,False,False,
AZIN2,0.205,0.23,False,False,
ANKMY2,0.205,0.195,False,False,
RNF217,0.2,0.24,False,False,
SLIT2,0.18,0.26,False,False,
ZNRF3,0.175,0.18,False,False,
MAFF,0.17,0.185,False,False,
PIM3,0.17,0.155,False,False,
ADAMTS2,0.165,0.21,False,False,
ZBTB2,0.16,0.17,False,False,
MMP2,0.155,0.08,False,False,
AFG3L2,0.15,0.155,False,False,
CEP19,0.15,0.12,False,False,
LRRC58,0.135,0.095,False,False,
PKDCC,0.13,0.135,False,False,
TAF12,0.13,0.175,False,False,
AKNA,0.125,0.17,False,False,
ZZEF1,0.12,0.14,False,False,
OPTN,0.12,0.105,False,False,
TUBA1A,0.105,0.09,False,False,
ZBTB8A,0.095,0.08,False,False,
CDK2AP2,0.09,0.085,False,False,
DUSP8,0.085,0.095,False,False,
CCN2,0.08,0.1,False,False,
CCN1,0.075,0.06,False,False,
LIG1,0.075,0.07,False,False,
POLM,0.07,0.035,False,False,
CHD4,0.07,0.08,False,False,
PYCARD,0.065,0.08,False,False,
CHD2,0.065,0.03,False,False,
RHBDD1,0.065,0.05,False,False,
NEDD4L,0.06,0.065,False,False,
INSIG2,0.055,0.055,False,False,
MAFG,0.055,0.045,False,False,
EME2,0.045,0.04,False,False,
PALLD,0.045,0.05,False,False,
DUSP23,0.035,0.025,False,False,
MCM5,0.035,0.02,False,False,
PTPN23,0.03,0.085,False,False,
RUSC2,0.025,0.035,False,False,
SH3TC1,0.02,0.01,False,False,
AMPD3,0.02,0.03,False,False,
SPTBN1,0.015,0.015,False,False,
SAMD8,0.0,,False,False,original run: not among the 88 candidates that entered the LASSO path (no non-zero coefficient at any alpha); replication run: 0.000
BICRA,0.0,0.025,False,False,
