time_months,AUC_MRG4,AUC_ModelA,AUC_ModelA_ipcw_discovery,AUC_MRG4_ipcw_discovery,Diff_MRG4_minus_ModelA,Boot_CI_low,Boot_CI_high
12,0.8390213365329439,0.7575738605734954,0.7596478405043708,0.8395823020371493,0.08144747595944846,0.0010124460721124108,0.1682755170415789
18,0.8566034219107668,0.7301117140363289,0.7272850095924095,0.8562836858540092,0.12649170787443786,0.04982683316292073,0.2142081670691703
24,0.873741957319195,0.7582924672020217,0.7592918174379365,0.8745513894198391,0.11544949011717331,0.044369607461217285,0.1976504509029988
30,0.8888958525319111,0.7438441452107407,0.7368275361359666,0.8901381945520728,0.14505170732117034,0.06742380693032396,0.23482153900963051
36,0.8853041638748401,0.7481820085355888,0.7376438908750741,0.8733189907582426,0.13712215533925132,0.05628763720534425,0.22392496057162753
42,0.8738982833348723,0.723908711002466,0.6988766261949806,0.8541199905320194,0.14998957233240628,0.06623931460803668,0.23491487577145115
48,0.8589855994970305,0.7194504971300729,0.6915318993457845,0.8272376468184638,0.13953510236695754,0.052726202942730005,0.2258289913352465
54,0.8635356642629954,0.7302356153649201,0.7082082135282285,0.8346793002794808,0.13330004889807534,0.047763466999446835,0.22149131700460348
60,0.8342229723448558,0.7021576487667515,0.6548199474928922,0.7804122246995286,0.1320653235781043,0.04805731430742245,0.21804277358151264
66,0.8356735541624005,0.7019398420285581,0.6554699130428594,0.7844065576759532,0.13373371213384244,0.04907267469779466,0.21885347288914223
72,0.8355039947652422,0.7085307925477684,0.6685104758975425,0.7854573578067666,0.12697320221747377,0.04291689425474805,0.21360824878488308
78,0.8118105823355996,0.7256229944377466,0.6967978026199321,0.7414018137393713,0.08618758789785297,-0.0016299960428969248,0.1686313934957908
84,0.8002111598976603,0.6948545779319907,0.6408413648890812,0.7255107057328348,0.10535658196566966,0.020066560350918507,0.19296339822610056
90,0.7970687024658899,0.685879743688854,0.6238877692542618,0.7222287746854537,0.11118895877703594,0.02642036123308459,0.1979853789037792
96,0.8037725735851206,0.6884817237355717,0.6271721314967269,0.7294029185491816,0.11529084984954885,0.02888641418178494,0.19843621633895187
102,0.7996039720498038,0.6977999559520012,0.6367528535823712,0.7246458792419842,0.10180401609780265,0.01759083367882752,0.1788441916359648
108,0.8154903337814313,0.713218794418203,0.6641254019297388,0.7531481503780052,0.1022715393632283,0.019208012341176587,0.1838700841494947
114,0.8057204955143553,0.7077368282334255,0.65560234970423,0.7415870265873707,0.09798366728092978,0.01622612387942941,0.17952888046241747
120,0.7773207853885229,0.6828167686828417,0.6181992545324813,0.6948628785962918,0.0945040167056812,0.0024133937026661555,0.18072282771844186
