uniquePatientKey,OS_months,Death,Age,Sex,Molecular_subtype,WHO_grade,has_expression,has_OS,has_IDH_and_1p19q,has_grade,in_510,in_502,in_410,exclusion_reason_from_502,analysis_set
VENHQS1QNS1BNUY2OmxnZ190Y2dhX3Bhbl9jYW5fYXRsYXNfMjAxOA,1.28217773,0,26,Male,LGG_IDHwt,G2,True,True,True,True,True,True,False,,502
VENHQS1IVC03NjgwOmxnZ190Y2dhX3Bhbl9jYW5fYXRsYXNfMjAxOA,0.756156097,0,32,Female,LGG_IDHwt,G2,True,True,True,True,True,True,False,,502
VENHQS1GRy04MTg5OmxnZ190Y2dhX3Bhbl9jYW5fYXRsYXNfMjAxOA,22.52030115,0,33,Female,LGG_IDHmut-non-codel,G2,True,True,True,True,True,True,True,,502+410
VENHQS1DUy02NjY5OmxnZ190Y2dhX3Bhbl9jYW5fYXRsYXNfMjAxOA,49.11726995,0,26,Female,LGG_IDHwt,G2,True,True,True,True,True,True,False,,502
VENHQS1TOS1BN0lROmxnZ190Y2dhX3Bhbl9jYW5fYXRsYXNfMjAxOA,36.13111089,0,45,Female,LGG_IDHmut-codel,G2,True,True,True,True,True,True,True,,502+410
VENHQS1GRy04MTgxOmxnZ190Y2dhX3Bhbl9jYW5fYXRsYXNfMjAxOA,28.33941546,0,23,Male,LGG_IDHwt,G3,True,True,True,True,True,True,False,,502
VENHQS1IVC03ODU1OmxnZ190Y2dhX3Bhbl9jYW5fYXRsYXNfMjAxOA,19.23266594,0,39,Male,LGG_IDHmut-non-codel,G3,True,True,True,True,True,True,True,,502+410
VENHQS1IVy03NDkwOmxnZ190Y2dhX3Bhbl9jYW5fYXRsYXNfMjAxOA,45.59950028,0,41,Male,LGG_IDHmut-non-codel,G2,True,True,True,True,True,True,True,,502+410
VENHQS1FMS01MzE4OmxnZ190Y2dhX3Bhbl9jYW5fYXRsYXNfMjAxOA,78.2128415,1,42,Female,LGG_IDHmut-codel,G2,True,True,True,True,True,True,True,,502+410
VENHQS1IVC04MDE5OmxnZ190Y2dhX3Bhbl9jYW5fYXRsYXNfMjAxOA,33.00785745,0,34,Female,,G3,True,True,False,True,True,False,False,missing IDH/1p19q subtype,510
VENHQS1IVC04NTU4OmxnZ190Y2dhX3Bhbl9jYW5fYXRsYXNfMjAxOA,13.74231515,0,29,Female,,G2,True,True,False,True,True,False,False,missing IDH/1p19q subtype,510
VENHQS1ESC01MTQxOmxnZ190Y2dhX3Bhbl9jYW5fYXRsYXNfMjAxOA,31.82430878,0,32,Male,LGG_IDHmut-codel,G3,True,True,True,True,True,True,True,,502+410
VENHQS1IVC03NDg1OmxnZ190Y2dhX3Bhbl9jYW5fYXRsYXNfMjAxOA,4.010914949,0,42,Male,LGG_IDHmut-non-codel,G2,True,True,True,True,True,True,True,,502+410
VENHQS1IVC04MTA3OmxnZ190Y2dhX3Bhbl9jYW5fYXRsYXNfMjAxOA,0.460268929,0,62,Male,LGG_IDHwt,G2,True,True,True,True,True,True,False,,502
VENHQS1FMS1BN1o2OmxnZ190Y2dhX3Bhbl9jYW5fYXRsYXNfMjAxOA,32.35033041,1,41,Female,LGG_IDHmut-non-codel,G2,True,True,True,True,True,True,True,,502+410
VENHQS1EVS03MzA2OmxnZ190Y2dhX3Bhbl9jYW5fYXRsYXNfMjAxOA,41.98310156,0,67,Male,LGG_IDHmut-non-codel,G2,True,True,True,True,True,True,True,,502+410
VENHQS1EQi01MjgwOmxnZ190Y2dhX3Bhbl9jYW5fYXRsYXNfMjAxOA,36.55850347,0,43,Male,LGG_IDHmut-non-codel,G2,True,True,True,True,True,True,True,,502+410
VENHQS1WVy1BN1FTOmxnZ190Y2dhX3Bhbl9jYW5fYXRsYXNfMjAxOA,23.21070454,0,35,Female,LGG_IDHmut-codel,G3,True,True,True,True,True,True,True,,502+410
VENHQS1IVC04MTA4OmxnZ190Y2dhX3Bhbl9jYW5fYXRsYXNfMjAxOA,2.498602755,0,26,Female,LGG_IDHmut-non-codel,G2,True,True,True,True,True,True,True,,502+410
VENHQS1IVy1BNUtNOmxnZ190Y2dhX3Bhbl9jYW5fYXRsYXNfMjAxOA,20.71210179,0,35,Male,LGG_IDHmut-non-codel,G2,True,True,True,True,True,True,True,,502+410
VENHQS1IVC04MTEzOmxnZ190Y2dhX3Bhbl9jYW5fYXRsYXNfMjAxOA,29.58871684,0,49,Female,LGG_IDHmut-non-codel,G2,True,True,True,True,True,True,True,,502+410
VENHQS1RSC1BODcwOmxnZ190Y2dhX3Bhbl9jYW5fYXRsYXNfMjAxOA,12.98615906,0,38,Female,LGG_IDHmut-non-codel,G3,True,True,True,True,True,True,True,,502+410
VENHQS1EVS03MDE5OmxnZ190Y2dhX3Bhbl9jYW5fYXRsYXNfMjAxOA,26.30108163,0,39,Male,LGG_IDHmut-non-codel,,True,True,True,False,True,False,False,missing WHO grade,510
VENHQS1EVS03MzA5OmxnZ190Y2dhX3Bhbl9jYW5fYXRsYXNfMjAxOA,2.761613571,0,41,Female,LGG_IDHmut-non-codel,G3,True,True,True,True,True,True,True,,502+410
VENHQS1IVC1BNVJCOmxnZ190Y2dhX3Bhbl9jYW5fYXRsYXNfMjAxOA,0.098629056,0,24,Male,LGG_IDHmut-non-codel,G2,True,True,True,True,True,True,True,,502+410
VENHQS1DUy01Mzk0OmxnZ190Y2dhX3Bhbl9jYW5fYXRsYXNfMjAxOA,0.263010816,0,40,Male,LGG_IDHmut-non-codel,G3,True,True,True,True,True,True,True,,502+410
VENHQS1IVC03Njg0OmxnZ190Y2dhX3Bhbl9jYW5fYXRsYXNfMjAxOA,6.049248775,0,58,Male,LGG_IDHmut-non-codel,G3,True,True,True,True,True,True,True,,502+410
VENHQS1UTS1BODRSOmxnZ190Y2dhX3Bhbl9jYW5fYXRsYXNfMjAxOA,18.60801526,0,46,Male,LGG_IDHmut-codel,G2,True,True,True,True,True,True,True,,502+410
VENHQS1QNS1BNzdXOmxnZ190Y2dhX3Bhbl9jYW5fYXRsYXNfMjAxOA,19.19978959,0,37,Female,LGG_IDHmut-codel,G3,True,True,True,True,True,True,True,,502+410
VENHQS1IVC03NDczOmxnZ190Y2dhX3Bhbl9jYW5fYXRsYXNfMjAxOA,16.53680508,0,28,Male,LGG_IDHmut-non-codel,G2,True,True,True,True,True,True,True,,502+410
VENHQS1EVS01ODcxOmxnZ190Y2dhX3Bhbl9jYW5fYXRsYXNfMjAxOA,18.93677878,0,37,Female,LGG_IDHmut-non-codel,G2,True,True,True,True,True,True,True,,502+410
VENHQS1IVy03NDkzOmxnZ190Y2dhX3Bhbl9jYW5fYXRsYXNfMjAxOA,69.27047375,0,40,Female,,G2,True,True,False,True,True,False,False,missing IDH/1p19q subtype,510
VENHQS1IVC03ODc0OmxnZ190Y2dhX3Bhbl9jYW5fYXRsYXNfMjAxOA,37.15027781,0,41,Female,LGG_IDHmut-codel,G3,True,True,True,True,True,True,True,,502+410
VENHQS1IVC04MDEwOmxnZ190Y2dhX3Bhbl9jYW5fYXRsYXNfMjAxOA,1.643817602,0,64,Female,LGG_IDHmut-codel,G2,True,True,True,True,True,True,True,,502+410
VENHQS1IVC03NjExOmxnZ190Y2dhX3Bhbl9jYW5fYXRsYXNfMjAxOA,57.59936877,0,36,Male,LGG_IDHmut-non-codel,G2,True,True,True,True,True,True,True,,502+410
VENHQS1EVS1BN1RHOmxnZ190Y2dhX3Bhbl9jYW5fYXRsYXNfMjAxOA,44.41595161,1,40,Male,LGG_IDHmut-non-codel,G2,True,True,True,True,True,True,True,,502+410
VENHQS1IVC04MTA5OmxnZ190Y2dhX3Bhbl9jYW5fYXRsYXNfMjAxOA,5.556103495,0,64,Male,LGG_IDHmut-codel,G3,True,True,True,True,True,True,True,,502+410
VENHQS1IVC03NjA3OmxnZ190Y2dhX3Bhbl9jYW5fYXRsYXNfMjAxOA,3.156129796,1,61,Female,LGG_IDHmut-codel,G2,True,True,True,True,True,True,True,,502+410
VENHQS1QNS1BNzMzOmxnZ190Y2dhX3Bhbl9jYW5fYXRsYXNfMjAxOA,13.61080975,0,52,Female,LGG_IDHmut-non-codel,G2,True,True,True,True,True,True,True,,502+410
VENHQS1FMS01MzA3OmxnZ190Y2dhX3Bhbl9jYW5fYXRsYXNfMjAxOA,57.92813229,1,62,Female,LGG_IDHmut-non-codel,G3,True,True,True,True,True,True,True,,502+410
VENHQS1IVC1BNjFBOmxnZ190Y2dhX3Bhbl9jYW5fYXRsYXNfMjAxOA,6.378012296,0,20,Female,,G2,True,True,False,True,True,False,False,missing IDH/1p19q subtype,510
VENHQS1IVy03NDg3OmxnZ190Y2dhX3Bhbl9jYW5fYXRsYXNfMjAxOA,45.43511852,0,39,Male,LGG_IDHmut-codel,G2,True,True,True,True,True,True,True,,502+410
VENHQS1TOS1BNldJOmxnZ190Y2dhX3Bhbl9jYW5fYXRsYXNfMjAxOA,84.98537002,0,56,Female,LGG_IDHmut-non-codel,G2,True,True,True,True,True,True,True,,502+410
VENHQS1UTS1BODRIOmxnZ190Y2dhX3Bhbl9jYW5fYXRsYXNfMjAxOA,30.44350199,0,44,Female,LGG_IDHmut-non-codel,G3,True,True,True,True,True,True,True,,502+410
VENHQS1IVC03NDc4OmxnZ190Y2dhX3Bhbl9jYW5fYXRsYXNfMjAxOA,6.378012296,0,36,Male,LGG_IDHmut-non-codel,G2,True,True,True,True,True,True,True,,502+410
VENHQS1IVC03NjgxOmxnZ190Y2dhX3Bhbl9jYW5fYXRsYXNfMjAxOA,44.67896242,0,29,Female,LGG_IDHmut-codel,G2,True,True,True,True,True,True,True,,502+410
VENHQS1IVC03Njg4OmxnZ190Y2dhX3Bhbl9jYW5fYXRsYXNfMjAxOA,31.69280337,0,59,Male,LGG_IDHmut-non-codel,G3,True,True,True,True,True,True,True,,502+410
VENHQS1IVC03NDc0OmxnZ190Y2dhX3Bhbl9jYW5fYXRsYXNfMjAxOA,3.747904133,0,52,Male,LGG_IDHmut-non-codel,G2,True,True,True,True,True,True,True,,502+410
VENHQS1QNS1BNUYwOmxnZ190Y2dhX3Bhbl9jYW5fYXRsYXNfMjAxOA,9.435513036,0,33,Male,LGG_IDHmut-codel,G2,True,True,True,True,True,True,True,,502+410
VENHQS1EVS03MDExOmxnZ190Y2dhX3Bhbl9jYW5fYXRsYXNfMjAxOA,105.2043265,1,25,Male,LGG_IDHmut-non-codel,G2,True,True,True,True,True,True,True,,502+410
VENHQS1WTS1BOENBOmxnZ190Y2dhX3Bhbl9jYW5fYXRsYXNfMjAxOA,13.51218069,0,54,Male,LGG_IDHmut-non-codel,G2,True,True,True,True,True,True,True,,502+410
VENHQS1IVy04MzIwOmxnZ190Y2dhX3Bhbl9jYW5fYXRsYXNfMjAxOA,40.01052043,0,36,Male,LGG_IDHmut-non-codel,G3,True,True,True,True,True,True,True,,502+410
VENHQS1FMS1BN1lZOmxnZ190Y2dhX3Bhbl9jYW5fYXRsYXNfMjAxOA,146.1353848,1,27,Female,LGG_IDHmut-non-codel,G2,True,True,True,True,True,True,True,,502+410
VENHQS1ESC1BNjZGOmxnZ190Y2dhX3Bhbl9jYW5fYXRsYXNfMjAxOA,17.19433212,0,49,Male,LGG_IDHmut-codel,G2,True,True,True,True,True,True,True,,502+410
VENHQS1TOS1BN0lZOmxnZ190Y2dhX3Bhbl9jYW5fYXRsYXNfMjAxOA,23.50659171,0,39,Male,LGG_IDHmut-codel,G3,True,True,True,True,True,True,True,,502+410
VENHQS1IVy03NDg5OmxnZ190Y2dhX3Bhbl9jYW5fYXRsYXNfMjAxOA,41.48995627,1,38,Male,LGG_IDHmut-non-codel,G2,True,True,True,True,True,True,True,,502+410
VENHQS1DUy02NjY3OmxnZ190Y2dhX3Bhbl9jYW5fYXRsYXNfMjAxOA,48.29536115,0,39,Female,LGG_IDHmut-non-codel,G2,True,True,True,True,True,True,True,,502+410
VENHQS1XWS1BODVBOmxnZ190Y2dhX3Bhbl9jYW5fYXRsYXNfMjAxOA,43.39678469,0,20,Male,LGG_IDHmut-non-codel,G2,True,True,True,True,True,True,True,,502+410
VENHQS1IVC04MDE1OmxnZ190Y2dhX3Bhbl9jYW5fYXRsYXNfMjAxOA,0.098629056,0,21,Male,LGG_IDHwt,G2,True,True,True,True,True,True,False,,502
VENHQS1IVC1BNVI1OmxnZ190Y2dhX3Bhbl9jYW5fYXRsYXNfMjAxOA,0.131505408,0,33,Female,LGG_IDHmut-non-codel,G2,True,True,True,True,True,True,True,,502+410
VENHQS1QNS1BNUVXOmxnZ190Y2dhX3Bhbl9jYW5fYXRsYXNfMjAxOA,6.706775816,0,20,Female,LGG_IDHmut-non-codel,G2,True,True,True,True,True,True,True,,502+410
VENHQS1GRy02NjkwOmxnZ190Y2dhX3Bhbl9jYW5fYXRsYXNfMjAxOA,42.54199954,0,70,Male,LGG_IDHmut-non-codel,G2,True,True,True,True,True,True,True,,502+410
VENHQS1GNi1BOE8zOmxnZ190Y2dhX3Bhbl9jYW5fYXRsYXNfMjAxOA,0.230134464,0,34,Male,LGG_IDHmut-codel,G2,True,True,True,True,True,True,True,,502+410
VENHQS1EVS01ODUxOmxnZ190Y2dhX3Bhbl9jYW5fYXRsYXNfMjAxOA,17.45734293,0,40,Female,LGG_IDHmut-non-codel,G3,True,True,True,True,True,True,True,,502+410
VENHQS1GRy1BNzEzOmxnZ190Y2dhX3Bhbl9jYW5fYXRsYXNfMjAxOA,20.44909097,0,74,Female,LGG_IDHmut-codel,G2,True,True,True,True,True,True,True,,502+410
VENHQS1GRy02Njg5OmxnZ190Y2dhX3Bhbl9jYW5fYXRsYXNfMjAxOA,14.92586383,0,30,Male,LGG_IDHmut-non-codel,G2,True,True,True,True,True,True,True,,502+410
VENHQS1DUy01MzkzOmxnZ190Y2dhX3Bhbl9jYW5fYXRsYXNfMjAxOA,40.17490219,0,39,Male,LGG_IDHmut-non-codel,G3,True,True,True,True,True,True,True,,502+410
VENHQS1IVC03NjA4OmxnZ190Y2dhX3Bhbl9jYW5fYXRsYXNfMjAxOA,22.06003222,0,61,Male,LGG_IDHmut-codel,G2,True,True,True,True,True,True,True,,502+410
VENHQS1TOS1BN1I0OmxnZ190Y2dhX3Bhbl9jYW5fYXRsYXNfMjAxOA,30.04898577,0,46,Male,LGG_IDHmut-non-codel,G3,True,True,True,True,True,True,True,,502+410
VENHQS1DUy00OTM4OmxnZ190Y2dhX3Bhbl9jYW5fYXRsYXNfMjAxOA,117.5000822,0,31,Female,LGG_IDHmut-non-codel,G2,True,True,True,True,True,True,True,,502+410
VENHQS1GRy03NjM3OmxnZ190Y2dhX3Bhbl9jYW5fYXRsYXNfMjAxOA,40.07627314,0,49,Male,,G2,True,True,False,True,True,False,False,missing IDH/1p19q subtype,510
VENHQS1UUS1BN1JPOmxnZ190Y2dhX3Bhbl9jYW5fYXRsYXNfMjAxOA,31.19965809,0,29,Male,LGG_IDHmut-codel,G2,True,True,True,True,True,True,True,,502+410
VENHQS1QNS1BNUVYOmxnZ190Y2dhX3Bhbl9jYW5fYXRsYXNfMjAxOA,7.988953546,0,41,Female,LGG_IDHmut-codel,G3,True,True,True,True,True,True,True,,502+410
VENHQS1DUy02MjkwOmxnZ190Y2dhX3Bhbl9jYW5fYXRsYXNfMjAxOA,37.38041227,1,31,Male,LGG_IDHmut-non-codel,G3,True,True,True,True,True,True,True,,502+410
VENHQS1IVC03NjkxOmxnZ190Y2dhX3Bhbl9jYW5fYXRsYXNfMjAxOA,0.098629056,0,31,Female,LGG_IDHwt,G2,True,True,True,True,True,True,False,,502
VENHQS1DUy00OTQ0OmxnZ190Y2dhX3Bhbl9jYW5fYXRsYXNfMjAxOA,60.09797153,0,50,Male,LGG_IDHmut-non-codel,G2,True,True,True,True,True,True,True,,502+410
VENHQS1IVC03NDc5OmxnZ190Y2dhX3Bhbl9jYW5fYXRsYXNfMjAxOA,40.33928395,0,44,Male,LGG_IDHmut-non-codel,G3,True,True,True,True,True,True,True,,502+410
VENHQS1IVC03Njk1OmxnZ190Y2dhX3Bhbl9jYW5fYXRsYXNfMjAxOA,14.5313476,0,29,Female,LGG_IDHmut-codel,G2,True,True,True,True,True,True,True,,502+410
VENHQS1IVC03Njk0OmxnZ190Y2dhX3Bhbl9jYW5fYXRsYXNfMjAxOA,6.904033928,0,60,Male,LGG_IDHmut-codel,G3,True,True,True,True,True,True,True,,502+410
VENHQS1FMS01MzE5OmxnZ190Y2dhX3Bhbl9jYW5fYXRsYXNfMjAxOA,95.57155538,1,48,Female,LGG_IDHmut-codel,G2,True,True,True,True,True,True,True,,502+410
VENHQS1IVC04NTYzOmxnZ190Y2dhX3Bhbl9jYW5fYXRsYXNfMjAxOA,28.27366275,0,30,Female,LGG_IDHmut-non-codel,G3,True,True,True,True,True,True,True,,502+410
VENHQS1UUS1BN1JROmxnZ190Y2dhX3Bhbl9jYW5fYXRsYXNfMjAxOA,26.13669987,0,38,Female,LGG_IDHmut-codel,G2,True,True,True,True,True,True,True,,502+410
VENHQS1EVS01ODU1OmxnZ190Y2dhX3Bhbl9jYW5fYXRsYXNfMjAxOA,6.805404872,0,49,Female,LGG_IDHmut-non-codel,G3,True,True,True,True,True,True,True,,502+410
VENHQS1TOS1BNlUyOmxnZ190Y2dhX3Bhbl9jYW5fYXRsYXNfMjAxOA,29.85172765,0,48,Female,LGG_IDHmut-codel,G2,True,True,True,True,True,True,True,,502+410
VENHQS1EVS03MDE0OmxnZ190Y2dhX3Bhbl9jYW5fYXRsYXNfMjAxOA,117.4014531,1,59,Male,,G2,True,True,False,True,True,False,False,missing IDH/1p19q subtype,510
VENHQS1RSC1BNkNaOmxnZ190Y2dhX3Bhbl9jYW5fYXRsYXNfMjAxOA,9.172502219,0,38,Male,LGG_IDHmut-codel,G2,True,True,True,True,True,True,True,,502+410
VENHQS1EVS01ODcyOmxnZ190Y2dhX3Bhbl9jYW5fYXRsYXNfMjAxOA,17.49021929,0,43,Female,LGG_IDHmut-non-codel,G2,True,True,True,True,True,True,True,,502+410
VENHQS1EVS02Mzk0OmxnZ190Y2dhX3Bhbl9jYW5fYXRsYXNfMjAxOA,22.42167209,1,53,Male,LGG_IDHmut-codel,G3,True,True,True,True,True,True,True,,502+410
VENHQS1XSC1BODZLOmxnZ190Y2dhX3Bhbl9jYW5fYXRsYXNfMjAxOA,13.31492258,0,65,Male,LGG_IDHmut-non-codel,G2,True,True,True,True,True,True,True,,502+410
VENHQS1IVC03ODc1OmxnZ190Y2dhX3Bhbl9jYW5fYXRsYXNfMjAxOA,0.32876352,0,56,Male,LGG_IDHmut-codel,G2,True,True,True,True,True,True,True,,502+410
VENHQS1ESC01MTQzOmxnZ190Y2dhX3Bhbl9jYW5fYXRsYXNfMjAxOA,46.05976921,0,30,Male,LGG_IDHmut-non-codel,G3,True,True,True,True,True,True,True,,502+410
VENHQS1GRy01OTYyOmxnZ190Y2dhX3Bhbl9jYW5fYXRsYXNfMjAxOA,47.76933951,0,54,Male,LGG_IDHmut-codel,G3,True,True,True,True,True,True,True,,502+410
VENHQS1UUS1BN1JOOmxnZ190Y2dhX3Bhbl9jYW5fYXRsYXNfMjAxOA,33.73113719,0,32,Male,LGG_IDHmut-codel,G2,True,True,True,True,True,True,True,,502+410
VENHQS1XOS1BODM3OmxnZ190Y2dhX3Bhbl9jYW5fYXRsYXNfMjAxOA,51.05697472,0,47,Male,LGG_IDHmut-codel,G2,True,True,True,True,True,True,True,,502+410
VENHQS1EVS03Mjk0OmxnZ190Y2dhX3Bhbl9jYW5fYXRsYXNfMjAxOA,94.322254,0,53,Female,LGG_IDHmut-codel,G2,True,True,True,True,True,True,True,,502+410
VENHQS1GNi1BOE80OmxnZ190Y2dhX3Bhbl9jYW5fYXRsYXNfMjAxOA,0.197258112,0,44,Male,LGG_IDHmut-non-codel,G2,True,True,True,True,True,True,True,,502+410
VENHQS1TOS1BNlRaOmxnZ190Y2dhX3Bhbl9jYW5fYXRsYXNfMjAxOA,36.82151429,0,39,Female,LGG_IDHmut-non-codel,G2,True,True,True,True,True,True,True,,502+410
VENHQS1QNS1BNUYxOmxnZ190Y2dhX3Bhbl9jYW5fYXRsYXNfMjAxOA,5.884867015,0,30,Male,LGG_IDHmut-non-codel,G2,True,True,True,True,True,True,True,,502+410
VENHQS1EVS03MDA5OmxnZ190Y2dhX3Bhbl9jYW5fYXRsYXNfMjAxOA,154.3544728,1,32,Female,LGG_IDHmut-codel,G2,True,True,True,True,True,True,True,,502+410
VENHQS1IVC03NjEwOmxnZ190Y2dhX3Bhbl9jYW5fYXRsYXNfMjAxOA,56.08705658,0,25,Female,LGG_IDHmut-non-codel,G2,True,True,True,True,True,True,True,,502+410
VENHQS1EQi1BNjRMOmxnZ190Y2dhX3Bhbl9jYW5fYXRsYXNfMjAxOA,24.1969951,0,67,Female,LGG_IDHmut-codel,G2,True,True,True,True,True,True,True,,502+410
VENHQS1IVC03ODU0OmxnZ190Y2dhX3Bhbl9jYW5fYXRsYXNfMjAxOA,39.4844988,0,62,Male,LGG_IDHwt,G2,True,True,True,True,True,True,False,,502
VENHQS1IVC03Njc2OmxnZ190Y2dhX3Bhbl9jYW5fYXRsYXNfMjAxOA,0.16438176,0,26,Male,LGG_IDHmut-non-codel,G2,True,True,True,True,True,True,True,,502+410
VENHQS1IVC04MDE4OmxnZ190Y2dhX3Bhbl9jYW5fYXRsYXNfMjAxOA,37.87355755,1,40,Female,LGG_IDHmut-non-codel,G2,True,True,True,True,True,True,True,,502+410
VENHQS1QNS1BNzM2OmxnZ190Y2dhX3Bhbl9jYW5fYXRsYXNfMjAxOA,7.561560969,0,44,Female,LGG_IDHmut-non-codel,G3,True,True,True,True,True,True,True,,502+410
VENHQS1RSC1BNkNZOmxnZ190Y2dhX3Bhbl9jYW5fYXRsYXNfMjAxOA,13.41355163,0,38,Male,LGG_IDHmut-codel,G3,True,True,True,True,True,True,True,,502+410
VENHQS1EQi1BNFg5OmxnZ190Y2dhX3Bhbl9jYW5fYXRsYXNfMjAxOA,46.42140908,0,33,Female,LGG_IDHmut-non-codel,G2,True,True,True,True,True,True,True,,502+410
VENHQS1EQi1BNjRYOmxnZ190Y2dhX3Bhbl9jYW5fYXRsYXNfMjAxOA,18.5093862,0,56,Female,LGG_IDHmut-non-codel,G3,True,True,True,True,True,True,True,,502+410
VENHQS1FMS1BN1o0OmxnZ190Y2dhX3Bhbl9jYW5fYXRsYXNfMjAxOA,145.0504652,1,35,Male,LGG_IDHmut-non-codel,G2,True,True,True,True,True,True,True,,502+410
VENHQS1IVC03ODgxOmxnZ190Y2dhX3Bhbl9jYW5fYXRsYXNfMjAxOA,35.47358385,0,38,Male,LGG_IDHmut-codel,G2,True,True,True,True,True,True,True,,502+410
VENHQS1QNS1BNzJYOmxnZ190Y2dhX3Bhbl9jYW5fYXRsYXNfMjAxOA,13.24916987,0,21,Male,LGG_IDHmut-non-codel,G3,True,True,True,True,True,True,True,,502+410
VENHQS1EVS1BNzZSOmxnZ190Y2dhX3Bhbl9jYW5fYXRsYXNfMjAxOA,21.30387612,1,51,Male,LGG_IDHmut-codel,G3,True,True,True,True,True,True,True,,502+410
VENHQS1EQi1BNjRSOmxnZ190Y2dhX3Bhbl9jYW5fYXRsYXNfMjAxOA,31.3969162,0,24,Female,LGG_IDHmut-codel,G2,True,True,True,True,True,True,True,,502+410
VENHQS1EVS03Mjk5OmxnZ190Y2dhX3Bhbl9jYW5fYXRsYXNfMjAxOA,44.02143538,1,33,Male,LGG_IDHmut-non-codel,G3,True,True,True,True,True,True,True,,502+410
VENHQS1QNS1BNUVZOmxnZ190Y2dhX3Bhbl9jYW5fYXRsYXNfMjAxOA,2.367097347,0,21,Male,LGG_IDHwt,G2,True,True,True,True,True,True,False,,502
VENHQS1EVS02NDAxOmxnZ190Y2dhX3Bhbl9jYW5fYXRsYXNfMjAxOA,87.45109643,1,31,Female,LGG_IDHmut-non-codel,G2,True,True,True,True,True,True,True,,502+410
VENHQS1GTi03ODMzOmxnZ190Y2dhX3Bhbl9jYW5fYXRsYXNfMjAxOA,27.51750666,0,25,Male,LGG_IDHmut-non-codel,G3,True,True,True,True,True,True,True,,502+410
VENHQS1EVS04MTY0OmxnZ190Y2dhX3Bhbl9jYW5fYXRsYXNfMjAxOA,21.40250518,0,51,Male,LGG_IDHmut-codel,G2,True,True,True,True,True,True,True,,502+410
VENHQS1IVC03NjkzOmxnZ190Y2dhX3Bhbl9jYW5fYXRsYXNfMjAxOA,17.52309564,0,51,Female,LGG_IDHmut-non-codel,G2,True,True,True,True,True,True,True,,502+410
VENHQS1UUS1BN1JHOmxnZ190Y2dhX3Bhbl9jYW5fYXRsYXNfMjAxOA,19.69293487,0,36,Male,LGG_IDHmut-codel,G2,True,True,True,True,True,True,True,,502+410
VENHQS1EQi1BNFhIOmxnZ190Y2dhX3Bhbl9jYW5fYXRsYXNfMjAxOA,31.62705066,0,53,Female,LGG_IDHmut-codel,G2,True,True,True,True,True,True,True,,502+410
VENHQS1GRy02NjkxOmxnZ190Y2dhX3Bhbl9jYW5fYXRsYXNfMjAxOA,41.32557451,0,23,Female,LGG_IDHmut-non-codel,G2,True,True,True,True,True,True,True,,502+410
VENHQS1EQi01Mjc4OmxnZ190Y2dhX3Bhbl9jYW5fYXRsYXNfMjAxOA,91.13324786,0,17,Male,LGG_IDHmut-codel,G2,True,True,True,True,True,True,True,,502+410
VENHQS1TOS1BN0oyOmxnZ190Y2dhX3Bhbl9jYW5fYXRsYXNfMjAxOA,2.038333827,0,25,Male,LGG_IDHmut-codel,G3,True,True,True,True,True,True,True,,502+410
VENHQS1EVS1BNlM2OmxnZ190Y2dhX3Bhbl9jYW5fYXRsYXNfMjAxOA,95.11128645,0,35,Female,LGG_IDHmut-codel,G2,True,True,True,True,True,True,True,,502+410
VENHQS1UTS1BN0M1OmxnZ190Y2dhX3Bhbl9jYW5fYXRsYXNfMjAxOA,49.31452806,0,30,Male,LGG_IDHmut-codel,G2,True,True,True,True,True,True,True,,502+410
VENHQS1ESC01MTQ0OmxnZ190Y2dhX3Bhbl9jYW5fYXRsYXNfMjAxOA,24.59151133,0,56,Female,LGG_IDHmut-codel,G3,True,True,True,True,True,True,True,,502+410
VENHQS1UTS1BODRUOmxnZ190Y2dhX3Bhbl9jYW5fYXRsYXNfMjAxOA,23.80247888,0,19,Male,LGG_IDHmut-non-codel,G2,True,True,True,True,True,True,True,,502+410
VENHQS1EQi1BNzVPOmxnZ190Y2dhX3Bhbl9jYW5fYXRsYXNfMjAxOA,30.73938916,0,29,Male,LGG_IDHmut-non-codel,G3,True,True,True,True,True,True,True,,502+410
VENHQS1RSC1BNjVaOmxnZ190Y2dhX3Bhbl9jYW5fYXRsYXNfMjAxOA,14.03820232,0,54,Male,LGG_IDHmut-codel,G2,True,True,True,True,True,True,True,,502+410
VENHQS1IVC03ODgwOmxnZ190Y2dhX3Bhbl9jYW5fYXRsYXNfMjAxOA,5.325969031,0,30,Male,LGG_IDHmut-non-codel,G2,True,True,True,True,True,True,True,,502+410
VENHQS1IVC03NjAzOmxnZ190Y2dhX3Bhbl9jYW5fYXRsYXNfMjAxOA,23.17782819,0,29,Male,LGG_IDHmut-non-codel,G2,True,True,True,True,True,True,True,,502+410
VENHQS1IVC03NjA1OmxnZ190Y2dhX3Bhbl9jYW5fYXRsYXNfMjAxOA,4.569812934,0,38,Male,LGG_IDHmut-codel,G2,True,True,True,True,True,True,True,,502+410
VENHQS1TOS1BN0laOmxnZ190Y2dhX3Bhbl9jYW5fYXRsYXNfMjAxOA,19.98882204,0,48,Female,LGG_IDHmut-non-codel,G3,True,True,True,True,True,True,True,,502+410
VENHQS1QNS1BNzgxOmxnZ190Y2dhX3Bhbl9jYW5fYXRsYXNfMjAxOA,4.405431173,0,34,Female,LGG_IDHmut-codel,G3,True,True,True,True,True,True,True,,502+410
VENHQS1XWS1BODVDOmxnZ190Y2dhX3Bhbl9jYW5fYXRsYXNfMjAxOA,46.88167801,0,36,Male,LGG_IDHmut-non-codel,G2,True,True,True,True,True,True,True,,502+410
VENHQS1TOS1BN1IxOmxnZ190Y2dhX3Bhbl9jYW5fYXRsYXNfMjAxOA,169.8392346,1,35,Male,LGG_IDHmut-codel,G2,True,True,True,True,True,True,True,,502+410
VENHQS1WTS1BOENIOmxnZ190Y2dhX3Bhbl9jYW5fYXRsYXNfMjAxOA,23.47371536,0,24,Female,LGG_IDHmut-non-codel,G2,True,True,True,True,True,True,True,,502+410
VENHQS1SWS1BODQ3OmxnZ190Y2dhX3Bhbl9jYW5fYXRsYXNfMjAxOA,30.67363645,0,45,Male,LGG_IDHmut-codel,G2,True,True,True,True,True,True,True,,502+410
VENHQS1TOS1BNldFOmxnZ190Y2dhX3Bhbl9jYW5fYXRsYXNfMjAxOA,135.2204359,0,34,Male,LGG_IDHmut-codel,G2,True,True,True,True,True,True,True,,502+410
VENHQS1FMS01MzA1OmxnZ190Y2dhX3Bhbl9jYW5fYXRsYXNfMjAxOA,79.98816451,1,34,Male,LGG_IDHmut-non-codel,G3,True,True,True,True,True,True,True,,502+410
VENHQS1IVy03NDk1OmxnZ190Y2dhX3Bhbl9jYW5fYXRsYXNfMjAxOA,35.4407075,0,45,Female,LGG_IDHmut-codel,G2,True,True,True,True,True,True,True,,502+410
VENHQS1IVy04MzIxOmxnZ190Y2dhX3Bhbl9jYW5fYXRsYXNfMjAxOA,42.54199954,0,31,Male,LGG_IDHmut-non-codel,G3,True,True,True,True,True,True,True,,502+410
VENHQS1EQi1BNFhGOmxnZ190Y2dhX3Bhbl9jYW5fYXRsYXNfMjAxOA,33.56675543,0,41,Female,LGG_IDHmut-non-codel,G3,True,True,True,True,True,True,True,,502+410
VENHQS1EQi01Mjc5OmxnZ190Y2dhX3Bhbl9jYW5fYXRsYXNfMjAxOA,44.51458066,0,59,Male,LGG_IDHmut-codel,G2,True,True,True,True,True,True,True,,502+410
VENHQS1FMS01MzIyOmxnZ190Y2dhX3Bhbl9jYW5fYXRsYXNfMjAxOA,130.7821284,1,38,Female,LGG_IDHmut-non-codel,G2,True,True,True,True,True,True,True,,502+410
VENHQS1ESC1BNjZEOmxnZ190Y2dhX3Bhbl9jYW5fYXRsYXNfMjAxOA,27.81339383,0,43,Female,LGG_IDHmut-non-codel,G3,True,True,True,True,True,True,True,,502+410
VENHQS1IVC1BNjE2OmxnZ190Y2dhX3Bhbl9jYW5fYXRsYXNfMjAxOA,1.808199362,0,36,Female,LGG_IDHmut-non-codel,G2,True,True,True,True,True,True,True,,502+410
VENHQS1EVS01ODcwOmxnZ190Y2dhX3Bhbl9jYW5fYXRsYXNfMjAxOA,182.3322484,0,34,Female,LGG_IDHmut-codel,G2,True,True,True,True,True,True,True,,502+410
VENHQS1SWS1BODQ1OmxnZ190Y2dhX3Bhbl9jYW5fYXRsYXNfMjAxOA,19.59430582,0,40,Female,LGG_IDHmut-non-codel,G2,True,True,True,True,True,True,True,,502+410
VENHQS1EVS03MDE1OmxnZ190Y2dhX3Bhbl9jYW5fYXRsYXNfMjAxOA,90.77160798,0,41,Female,LGG_IDHmut-non-codel,G2,True,True,True,True,True,True,True,,502+410
VENHQS1EVS01ODUzOmxnZ190Y2dhX3Bhbl9jYW5fYXRsYXNfMjAxOA,13.38067528,0,29,Male,LGG_IDHmut-non-codel,G2,True,True,True,True,True,True,True,,502+410
VENHQS1UUS1BN1JWOmxnZ190Y2dhX3Bhbl9jYW5fYXRsYXNfMjAxOA,61.41302561,0,27,Male,LGG_IDHmut-non-codel,G2,True,True,True,True,True,True,True,,502+410
VENHQS1GRy03NjM4OmxnZ190Y2dhX3Bhbl9jYW5fYXRsYXNfMjAxOA,22.5531775,0,31,Female,LGG_IDHmut-codel,G3,True,True,True,True,True,True,True,,502+410
VENHQS1EVS03MzAwOmxnZ190Y2dhX3Bhbl9jYW5fYXRsYXNfMjAxOA,62.00479995,1,53,Female,LGG_IDHmut-codel,G3,True,True,True,True,True,True,True,,502+410
VENHQS1GRy04MTkxOmxnZ190Y2dhX3Bhbl9jYW5fYXRsYXNfMjAxOA,32.61334122,0,30,Male,LGG_IDHmut-non-codel,G3,True,True,True,True,True,True,True,,502+410
VENHQS1TOS1BNldIOmxnZ190Y2dhX3Bhbl9jYW5fYXRsYXNfMjAxOA,38.56396094,0,73,Female,LGG_IDHmut-codel,G2,True,True,True,True,True,True,True,,502+410
VENHQS1TOS1BN0oxOmxnZ190Y2dhX3Bhbl9jYW5fYXRsYXNfMjAxOA,8.186211658,0,43,Male,LGG_IDHmut-codel,G2,True,True,True,True,True,True,True,,502+410
VENHQS1SOC1BNk1MOmxnZ190Y2dhX3Bhbl9jYW5fYXRsYXNfMjAxOA,94.02636683,0,52,Male,LGG_IDHmut-codel,G3,True,True,True,True,True,True,True,,502+410
VENHQS1GRy03NjQxOmxnZ190Y2dhX3Bhbl9jYW5fYXRsYXNfMjAxOA,20.61347273,0,31,Male,LGG_IDHmut-codel,G2,True,True,True,True,True,True,True,,502+410
VENHQS1UUS1BN1JXOmxnZ190Y2dhX3Bhbl9jYW5fYXRsYXNfMjAxOA,26.99148503,1,32,Male,LGG_IDHmut-non-codel,G2,True,True,True,True,True,True,True,,502+410
VENHQS1IVC03NjA5OmxnZ190Y2dhX3Bhbl9jYW5fYXRsYXNfMjAxOA,45.9940165,0,34,Male,LGG_IDHmut-non-codel,G3,True,True,True,True,True,True,True,,502+410
VENHQS1EQi1BNFhCOmxnZ190Y2dhX3Bhbl9jYW5fYXRsYXNfMjAxOA,30.21336753,0,38,Male,LGG_IDHmut-non-codel,G3,True,True,True,True,True,True,True,,502+410
VENHQS1QNS1BNUY0OmxnZ190Y2dhX3Bhbl9jYW5fYXRsYXNfMjAxOA,7.594437321,0,35,Female,LGG_IDHmut-non-codel,G3,True,True,True,True,True,True,True,,502+410
VENHQS1UTS1BN0M0OmxnZ190Y2dhX3Bhbl9jYW5fYXRsYXNfMjAxOA,48.3282375,0,39,Female,LGG_IDHmut-non-codel,G2,True,True,True,True,True,True,True,,502+410
VENHQS1EVS03MzAyOmxnZ190Y2dhX3Bhbl9jYW5fYXRsYXNfMjAxOA,60.29522964,0,48,Female,LGG_IDHmut-codel,G3,True,True,True,True,True,True,True,,502+410
VENHQS1UUS1BN1JQOmxnZ190Y2dhX3Bhbl9jYW5fYXRsYXNfMjAxOA,30.04898577,0,66,Male,LGG_IDHwt,G2,True,True,True,True,True,True,False,,502
VENHQS1EQi01MjcwOmxnZ190Y2dhX3Bhbl9jYW5fYXRsYXNfMjAxOA,122.7274222,0,38,Female,LGG_IDHmut-non-codel,G3,True,True,True,True,True,True,True,,502+410
VENHQS1WTS1BOENCOmxnZ190Y2dhX3Bhbl9jYW5fYXRsYXNfMjAxOA,0.098629056,0,33,Male,LGG_IDHmut-codel,G3,True,True,True,True,True,True,True,,502+410
VENHQS1EVS03MDE4OmxnZ190Y2dhX3Bhbl9jYW5fYXRsYXNfMjAxOA,30.67363645,1,57,Female,LGG_IDHmut-codel,G3,True,True,True,True,True,True,True,,502+410
VENHQS1IVC04MTE0OmxnZ190Y2dhX3Bhbl9jYW5fYXRsYXNfMjAxOA,34.19140612,0,36,Male,LGG_IDHmut-non-codel,G3,True,True,True,True,True,True,True,,502+410
VENHQS1TOS1BODlWOmxnZ190Y2dhX3Bhbl9jYW5fYXRsYXNfMjAxOA,18.70664431,0,70,Male,LGG_IDHwt,G3,True,True,True,True,True,True,False,,502
VENHQS1EVS1BNlMyOmxnZ190Y2dhX3Bhbl9jYW5fYXRsYXNfMjAxOA,25.54492554,0,37,Female,LGG_IDHmut-codel,G2,True,True,True,True,True,True,True,,502+410
VENHQS1IVC03Njg2OmxnZ190Y2dhX3Bhbl9jYW5fYXRsYXNfMjAxOA,42.73925765,0,29,Female,LGG_IDHmut-non-codel,G3,True,True,True,True,True,True,True,,502+410
VENHQS1DUy00OTQyOmxnZ190Y2dhX3Bhbl9jYW5fYXRsYXNfMjAxOA,43.88992997,1,44,Female,LGG_IDHmut-non-codel,G3,True,True,True,True,True,True,True,,502+410
VENHQS1UTS1BN0NGOmxnZ190Y2dhX3Bhbl9jYW5fYXRsYXNfMjAxOA,65.39106421,0,41,Female,LGG_IDHmut-non-codel,G2,True,True,True,True,True,True,True,,502+410
VENHQS1IVC03Njg3OmxnZ190Y2dhX3Bhbl9jYW5fYXRsYXNfMjAxOA,0.098629056,0,74,Male,LGG_IDHmut-codel,G3,True,True,True,True,True,True,True,,502+410
VENHQS1IVy03NDg2OmxnZ190Y2dhX3Bhbl9jYW5fYXRsYXNfMjAxOA,56.58020186,0,37,Male,LGG_IDHmut-codel,G2,True,True,True,True,True,True,True,,502+410
VENHQS1EVS04MTYyOmxnZ190Y2dhX3Bhbl9jYW5fYXRsYXNfMjAxOA,14.59710031,1,61,Female,LGG_IDHwt,G3,True,True,True,True,True,True,False,,502
VENHQS1FMS1BN1ozOmxnZ190Y2dhX3Bhbl9jYW5fYXRsYXNfMjAxOA,73.47864681,1,31,Female,LGG_IDHmut-non-codel,G2,True,True,True,True,True,True,True,,502+410
VENHQS1IVC03ODc3OmxnZ190Y2dhX3Bhbl9jYW5fYXRsYXNfMjAxOA,0.131505408,0,20,Female,LGG_IDHmut-codel,G2,True,True,True,True,True,True,True,,502+410
VENHQS1IVC03Njc3OmxnZ190Y2dhX3Bhbl9jYW5fYXRsYXNfMjAxOA,16.24091791,0,53,Male,LGG_IDHmut-codel,G3,True,True,True,True,True,True,True,,502+410
VENHQS1IVy03NDkxOmxnZ190Y2dhX3Bhbl9jYW5fYXRsYXNfMjAxOA,68.31705954,0,35,Male,LGG_IDHmut-codel,G2,True,True,True,True,True,True,True,,502+410
VENHQS1TOS1BNlRVOmxnZ190Y2dhX3Bhbl9jYW5fYXRsYXNfMjAxOA,87.12233291,0,38,Male,LGG_IDHmut-non-codel,G2,True,True,True,True,True,True,True,,502+410
VENHQS1IVC1BNVI3OmxnZ190Y2dhX3Bhbl9jYW5fYXRsYXNfMjAxOA,20.21895651,0,33,Female,LGG_IDHmut-non-codel,G3,True,True,True,True,True,True,True,,502+410
VENHQS1QNS1BNUVWOmxnZ190Y2dhX3Bhbl9jYW5fYXRsYXNfMjAxOA,0.230134464,0,39,Male,LGG_IDHmut-non-codel,G2,True,True,True,True,True,True,True,,502+410
VENHQS1EVS03MDA4OmxnZ190Y2dhX3Bhbl9jYW5fYXRsYXNfMjAxOA,156.2284249,0,41,Female,LGG_IDHmut-non-codel,G2,True,True,True,True,True,True,True,,502+410
VENHQS1IVC03ODU2OmxnZ190Y2dhX3Bhbl9jYW5fYXRsYXNfMjAxOA,39.08998258,0,35,Male,LGG_IDHmut-codel,G3,True,True,True,True,True,True,True,,502+410
VENHQS1IVy1BNUtMOmxnZ190Y2dhX3Bhbl9jYW5fYXRsYXNfMjAxOA,28.86543709,0,42,Female,LGG_IDHmut-non-codel,G2,True,True,True,True,True,True,True,,502+410
VENHQS1IVC03NDc1OmxnZ190Y2dhX3Bhbl9jYW5fYXRsYXNfMjAxOA,17.42446658,0,67,Male,LGG_IDHmut-non-codel,G3,True,True,True,True,True,True,True,,502+410
VENHQS1IVC03NDcyOmxnZ190Y2dhX3Bhbl9jYW5fYXRsYXNfMjAxOA,0.032876352,0,38,Male,LGG_IDHmut-non-codel,G2,True,True,True,True,True,True,True,,502+410
VENHQS1GRy1BNjBLOmxnZ190Y2dhX3Bhbl9jYW5fYXRsYXNfMjAxOA,17.81898281,0,34,Female,LGG_IDHmut-codel,G2,True,True,True,True,True,True,True,,502+410
VENHQS1IVC03NDgwOmxnZ190Y2dhX3Bhbl9jYW5fYXRsYXNfMjAxOA,75.18821712,0,33,Male,LGG_IDHmut-codel,G2,True,True,True,True,True,True,True,,502+410
VENHQS1JSy04MTI1OmxnZ190Y2dhX3Bhbl9jYW5fYXRsYXNfMjAxOA,42.772134,0,62,Male,LGG_IDHmut-codel,G3,True,True,True,True,True,True,True,,502+410
VENHQS1IVC04MTA1OmxnZ190Y2dhX3Bhbl9jYW5fYXRsYXNfMjAxOA,6.246506888,0,54,Male,LGG_IDHmut-codel,G3,True,True,True,True,True,True,True,,502+410
VENHQS1UUS1BN1JJOmxnZ190Y2dhX3Bhbl9jYW5fYXRsYXNfMjAxOA,2.038333827,0,37,Female,LGG_IDHmut-codel,G2,True,True,True,True,True,True,True,,502+410
VENHQS1WTS1BOEM5OmxnZ190Y2dhX3Bhbl9jYW5fYXRsYXNfMjAxOA,43.19952658,0,37,Female,LGG_IDHwt,G2,True,True,True,True,True,True,False,,502
VENHQS1UTS1BODRMOmxnZ190Y2dhX3Bhbl9jYW5fYXRsYXNfMjAxOA,40.83242923,1,31,Male,LGG_IDHmut-non-codel,G2,True,True,True,True,True,True,True,,502+410
VENHQS1IVC04MTA2OmxnZ190Y2dhX3Bhbl9jYW5fYXRsYXNfMjAxOA,0.098629056,0,53,Male,LGG_IDHmut-non-codel,G3,True,True,True,True,True,True,True,,502+410
VENHQS1EQi01Mjc2OmxnZ190Y2dhX3Bhbl9jYW5fYXRsYXNfMjAxOA,72.91974883,0,32,Male,LGG_IDHmut-non-codel,G3,True,True,True,True,True,True,True,,502+410
VENHQS1UTS1BODRTOmxnZ190Y2dhX3Bhbl9jYW5fYXRsYXNfMjAxOA,14.92586383,0,36,Male,LGG_IDHmut-codel,G3,True,True,True,True,True,True,True,,502+410
VENHQS1QNS1BNUYyOmxnZ190Y2dhX3Bhbl9jYW5fYXRsYXNfMjAxOA,7.956077194,0,36,Female,LGG_IDHmut-non-codel,G2,True,True,True,True,True,True,True,,502+410
VENHQS1TOS1BNldPOmxnZ190Y2dhX3Bhbl9jYW5fYXRsYXNfMjAxOA,18.60801526,0,29,Male,LGG_IDHmut-non-codel,G2,True,True,True,True,True,True,True,,502+410
VENHQS1UTS1BODRHOmxnZ190Y2dhX3Bhbl9jYW5fYXRsYXNfMjAxOA,40.63517112,0,54,Female,LGG_IDHmut-codel,G3,True,True,True,True,True,True,True,,502+410
VENHQS1ESC1BN1VWOmxnZ190Y2dhX3Bhbl9jYW5fYXRsYXNfMjAxOA,18.60801526,0,49,Male,LGG_IDHmut-non-codel,G3,True,True,True,True,True,True,True,,502+410
VENHQS1IVC03Njg5OmxnZ190Y2dhX3Bhbl9jYW5fYXRsYXNfMjAxOA,14.95874018,0,58,Female,LGG_IDHmut-non-codel,G2,True,True,True,True,True,True,True,,502+410
VENHQS1EVS1BN1RBOmxnZ190Y2dhX3Bhbl9jYW5fYXRsYXNfMjAxOA,84.32784298,0,32,Male,LGG_IDHmut-non-codel,G2,True,True,True,True,True,True,True,,502+410
VENHQS1EVS04MTYzOmxnZ190Y2dhX3Bhbl9jYW5fYXRsYXNfMjAxOA,20.67922543,0,29,Male,LGG_IDHmut-non-codel,G3,True,True,True,True,True,True,True,,502+410
VENHQS1IVC1BNjE1OmxnZ190Y2dhX3Bhbl9jYW5fYXRsYXNfMjAxOA,16.9313213,0,38,Female,LGG_IDHmut-codel,G2,True,True,True,True,True,True,True,,502+410
VENHQS1RSC1BNlgzOmxnZ190Y2dhX3Bhbl9jYW5fYXRsYXNfMjAxOA,10.29029819,0,27,Male,LGG_IDHmut-non-codel,G2,True,True,True,True,True,True,True,,502+410
VENHQS1TOS1BNlU4OmxnZ190Y2dhX3Bhbl9jYW5fYXRsYXNfMjAxOA,98.2345399,1,24,Male,LGG_IDHmut-non-codel,G2,True,True,True,True,True,True,True,,502+410
VENHQS1UTS1BN0NBOmxnZ190Y2dhX3Bhbl9jYW5fYXRsYXNfMjAxOA,34.78318046,0,44,Male,LGG_IDHmut-non-codel,G2,True,True,True,True,True,True,True,,502+410
VENHQS1GRy04MTg2OmxnZ190Y2dhX3Bhbl9jYW5fYXRsYXNfMjAxOA,16.01078344,0,42,Female,LGG_IDHmut-codel,G3,True,True,True,True,True,True,True,,502+410
VENHQS1SWS1BODQwOmxnZ190Y2dhX3Bhbl9jYW5fYXRsYXNfMjAxOA,28.07640464,0,47,Male,LGG_IDHmut-codel,G3,True,True,True,True,True,True,True,,502+410
VENHQS1WVi1BODI5OmxnZ190Y2dhX3Bhbl9jYW5fYXRsYXNfMjAxOA,37.05164875,0,44,Male,LGG_IDHmut-codel,G3,True,True,True,True,True,True,True,,502+410
VENHQS1SOC1BNk1LOmxnZ190Y2dhX3Bhbl9jYW5fYXRsYXNfMjAxOA,88.83190321,0,40,Male,LGG_IDHmut-codel,G2,True,True,True,True,True,True,True,,502+410
VENHQS1RSC1BODZYOmxnZ190Y2dhX3Bhbl9jYW5fYXRsYXNfMjAxOA,11.07933064,0,33,Male,LGG_IDHmut-codel,G2,True,True,True,True,True,True,True,,502+410
VENHQS1EQi1BNjRROmxnZ190Y2dhX3Bhbl9jYW5fYXRsYXNfMjAxOA,5.983496071,0,31,Female,LGG_IDHmut-codel,G2,True,True,True,True,True,True,True,,502+410
VENHQS1GRy04MTgyOmxnZ190Y2dhX3Bhbl9jYW5fYXRsYXNfMjAxOA,13.67656245,0,35,Male,LGG_IDHmut-non-codel,G2,True,True,True,True,True,True,True,,502+410
VENHQS1TOS1BN1I3OmxnZ190Y2dhX3Bhbl9jYW5fYXRsYXNfMjAxOA,98.62905612,0,27,Male,LGG_IDHmut-non-codel,G2,True,True,True,True,True,True,True,,502+410
VENHQS1GRy04MTg3OmxnZ190Y2dhX3Bhbl9jYW5fYXRsYXNfMjAxOA,20.0874511,0,31,Male,LGG_IDHmut-codel,G2,True,True,True,True,True,True,True,,502+410
VENHQS1EVS1BNlMzOmxnZ190Y2dhX3Bhbl9jYW5fYXRsYXNfMjAxOA,21.56688694,0,60,Male,LGG_IDHmut-codel,G2,True,True,True,True,True,True,True,,502+410
VENHQS1GRy04MTg1OmxnZ190Y2dhX3Bhbl9jYW5fYXRsYXNfMjAxOA,14.23546043,0,37,Male,LGG_IDHmut-non-codel,G3,True,True,True,True,True,True,True,,502+410
VENHQS1EQi1BNFhEOmxnZ190Y2dhX3Bhbl9jYW5fYXRsYXNfMjAxOA,39.78038597,0,32,Male,LGG_IDHmut-non-codel,G3,True,True,True,True,True,True,True,,502+410
VENHQS1EVS04MTY2OmxnZ190Y2dhX3Bhbl9jYW5fYXRsYXNfMjAxOA,16.96419765,0,29,Female,LGG_IDHmut-non-codel,G2,True,True,True,True,True,True,True,,502+410
VENHQS1IVC1BNzRMOmxnZ190Y2dhX3Bhbl9jYW5fYXRsYXNfMjAxOA,11.04645429,0,22,Female,LGG_IDHmut-codel,G2,True,True,True,True,True,True,True,,502+410
VENHQS1IVC03NDcwOmxnZ190Y2dhX3Bhbl9jYW5fYXRsYXNfMjAxOA,40.10914949,1,37,Male,LGG_IDHmut-non-codel,G3,True,True,True,True,True,True,True,,502+410
VENHQS1IVC03NDc2OmxnZ190Y2dhX3Bhbl9jYW5fYXRsYXNfMjAxOA,6.542394056,0,26,Male,LGG_IDHmut-non-codel,G2,True,True,True,True,True,True,True,,502+410
VENHQS1QNS1BNzdYOmxnZ190Y2dhX3Bhbl9jYW5fYXRsYXNfMjAxOA,3.452016964,0,55,Female,LGG_IDHmut-codel,G2,True,True,True,True,True,True,True,,502+410
VENHQS1EVS02Mzk3OmxnZ190Y2dhX3Bhbl9jYW5fYXRsYXNfMjAxOA,46.05976921,1,45,Male,LGG_IDHmut-codel,G3,True,True,True,True,True,True,True,,502+410
VENHQS1TOS1BNlRTOmxnZ190Y2dhX3Bhbl9jYW5fYXRsYXNfMjAxOA,62.16918171,1,48,Female,LGG_IDHmut-non-codel,G3,True,True,True,True,True,True,True,,502+410
VENHQS1EVS02NDAwOmxnZ190Y2dhX3Bhbl9jYW5fYXRsYXNfMjAxOA,1.216425026,1,66,Female,LGG_IDHmut-codel,G2,True,True,True,True,True,True,True,,502+410
VENHQS1UUS1BN1JKOmxnZ190Y2dhX3Bhbl9jYW5fYXRsYXNfMjAxOA,40.40503666,0,25,Female,LGG_IDHmut-non-codel,G2,True,True,True,True,True,True,True,,502+410
VENHQS1TOS1BN0ozOmxnZ190Y2dhX3Bhbl9jYW5fYXRsYXNfMjAxOA,20.67922543,0,52,Female,LGG_IDHmut-codel,G3,True,True,True,True,True,True,True,,502+410
VENHQS1EVS1BN1RJOmxnZ190Y2dhX3Bhbl9jYW5fYXRsYXNfMjAxOA,38.89272446,1,32,Male,,G3,True,True,False,True,True,False,False,missing IDH/1p19q subtype,510
VENHQS1UTS1BODRNOmxnZ190Y2dhX3Bhbl9jYW5fYXRsYXNfMjAxOA,24.78876944,0,40,Male,LGG_IDHmut-codel,G3,True,True,True,True,True,True,True,,502+410
VENHQS1FWi03MjY0OmxnZ190Y2dhX3Bhbl9jYW5fYXRsYXNfMjAxOA,39.4844988,0,47,Female,LGG_IDHmut-codel,G2,True,True,True,True,True,True,True,,502+410
VENHQS1RSC1BNkNVOmxnZ190Y2dhX3Bhbl9jYW5fYXRsYXNfMjAxOA,14.82723477,0,52,Female,LGG_IDHmut-codel,G3,True,True,True,True,True,True,True,,502+410
VENHQS1EQi1BNFhHOmxnZ190Y2dhX3Bhbl9jYW5fYXRsYXNfMjAxOA,72.95262518,0,34,Male,LGG_IDHmut-codel,G3,True,True,True,True,True,True,True,,502+410
VENHQS1XWS1BODVFOmxnZ190Y2dhX3Bhbl9jYW5fYXRsYXNfMjAxOA,20.81073084,0,48,Female,LGG_IDHmut-non-codel,G2,True,True,True,True,True,True,True,,502+410
VENHQS1EVS03MzA0OmxnZ190Y2dhX3Bhbl9jYW5fYXRsYXNfMjAxOA,23.3093336,1,43,Male,LGG_IDHmut-non-codel,G3,True,True,True,True,True,True,True,,502+410
VENHQS1EVS02Mzk5OmxnZ190Y2dhX3Bhbl9jYW5fYXRsYXNfMjAxOA,65.75270408,1,54,Male,LGG_IDHmut-non-codel,G2,True,True,True,True,True,True,True,,502+410
VENHQS1IVC03ODg0OmxnZ190Y2dhX3Bhbl9jYW5fYXRsYXNfMjAxOA,11.27658875,0,44,Female,LGG_IDHmut-non-codel,G2,True,True,True,True,True,True,True,,502+410
VENHQS1EQi1BNFhDOmxnZ190Y2dhX3Bhbl9jYW5fYXRsYXNfMjAxOA,46.71729625,0,26,Male,LGG_IDHmut-non-codel,G2,True,True,True,True,True,True,True,,502+410
VENHQS1EVS03MzAxOmxnZ190Y2dhX3Bhbl9jYW5fYXRsYXNfMjAxOA,25.90656541,1,53,Male,LGG_IDHmut-non-codel,G2,True,True,True,True,True,True,True,,502+410
VENHQS1EVS01ODQ5OmxnZ190Y2dhX3Bhbl9jYW5fYXRsYXNfMjAxOA,14.56422395,0,48,Male,LGG_IDHmut-codel,G2,True,True,True,True,True,True,True,,502+410
VENHQS1EVS1BN1Q4OmxnZ190Y2dhX3Bhbl9jYW5fYXRsYXNfMjAxOA,139.0340928,1,35,Male,LGG_IDHmut-non-codel,G3,True,True,True,True,True,True,True,,502+410
VENHQS1DUy01MzkwOmxnZ190Y2dhX3Bhbl9jYW5fYXRsYXNfMjAxOA,64.60729543,0,47,Female,LGG_IDHmut-codel,G2,True,True,True,True,True,True,True,,502+410
VENHQS1IVC03NDY4OmxnZ190Y2dhX3Bhbl9jYW5fYXRsYXNfMjAxOA,6.673899464,0,30,Male,LGG_IDHmut-codel,G3,True,True,True,True,True,True,True,,502+410
VENHQS1EQi01MjgxOmxnZ190Y2dhX3Bhbl9jYW5fYXRsYXNfMjAxOA,78.27859421,0,61,Male,LGG_IDHmut-non-codel,G3,True,True,True,True,True,True,True,,502+410
VENHQS1QNS1BNzJXOmxnZ190Y2dhX3Bhbl9jYW5fYXRsYXNfMjAxOA,10.4218036,0,35,Male,LGG_IDHmut-non-codel,G3,True,True,True,True,True,True,True,,502+410
VENHQS1TOS1BN1IzOmxnZ190Y2dhX3Bhbl9jYW5fYXRsYXNfMjAxOA,99.0564487,0,28,Female,LGG_IDHmut-non-codel,G2,True,True,True,True,True,True,True,,502+410
VENHQS1RSC1BNjVWOmxnZ190Y2dhX3Bhbl9jYW5fYXRsYXNfMjAxOA,12.62451918,0,43,Female,LGG_IDHmut-codel,G2,True,True,True,True,True,True,True,,502+410
VENHQS1IVC1BNERWOmxnZ190Y2dhX3Bhbl9jYW5fYXRsYXNfMjAxOA,26.03807082,0,51,Female,LGG_IDHmut-codel,G3,True,True,True,True,True,True,True,,502+410
VENHQS1RSC1BNlg5OmxnZ190Y2dhX3Bhbl9jYW5fYXRsYXNfMjAxOA,1.906828418,0,73,Female,LGG_IDHmut-non-codel,G2,True,True,True,True,True,True,True,,502+410
VENHQS1EQi1BNFhBOmxnZ190Y2dhX3Bhbl9jYW5fYXRsYXNfMjAxOA,18.83814972,0,30,Male,LGG_IDHmut-codel,G2,True,True,True,True,True,True,True,,502+410
VENHQS1DUy02NjcwOmxnZ190Y2dhX3Bhbl9jYW5fYXRsYXNfMjAxOA,46.88167801,0,43,Male,LGG_IDHmut-codel,G3,True,True,True,True,True,True,True,,502+410
VENHQS1IVC04MDEyOmxnZ190Y2dhX3Bhbl9jYW5fYXRsYXNfMjAxOA,9.402636683,0,30,Female,LGG_IDHmut-codel,G2,True,True,True,True,True,True,True,,502+410
VENHQS1EVS1BNVRQOmxnZ190Y2dhX3Bhbl9jYW5fYXRsYXNfMjAxOA,33.27086826,0,33,Male,LGG_IDHmut-non-codel,G3,True,True,True,True,True,True,True,,502+410
VENHQS1EVS02NDA3OmxnZ190Y2dhX3Bhbl9jYW5fYXRsYXNfMjAxOA,94.51951212,1,35,Female,LGG_IDHmut-non-codel,G2,True,True,True,True,True,True,True,,502+410
VENHQS1IVy04MzE5OmxnZ190Y2dhX3Bhbl9jYW5fYXRsYXNfMjAxOA,39.74750962,1,34,Female,LGG_IDHmut-non-codel,G3,True,True,True,True,True,True,True,,502+410
VENHQS1WTS1BOEM4OmxnZ190Y2dhX3Bhbl9jYW5fYXRsYXNfMjAxOA,45.9282638,0,50,Female,LGG_IDHmut-non-codel,G2,True,True,True,True,True,True,True,,502+410
VENHQS1RSC1BNjVSOmxnZ190Y2dhX3Bhbl9jYW5fYXRsYXNfMjAxOA,15.15599829,0,38,Female,LGG_IDHmut-codel,G3,True,True,True,True,True,True,True,,502+410
VENHQS1IVC03NDgzOmxnZ190Y2dhX3Bhbl9jYW5fYXRsYXNfMjAxOA,172.76523,0,14,Male,LGG_IDHmut-non-codel,G2,True,True,True,True,True,True,True,,502+410
VENHQS1IVC03NjAyOmxnZ190Y2dhX3Bhbl9jYW5fYXRsYXNfMjAxOA,29.85172765,0,21,Male,LGG_IDHmut-non-codel,G2,True,True,True,True,True,True,True,,502+410
VENHQS1DUy02NjY4OmxnZ190Y2dhX3Bhbl9jYW5fYXRsYXNfMjAxOA,49.93917875,0,57,Female,LGG_IDHmut-codel,G2,True,True,True,True,True,True,True,,502+410
VENHQS1EVS1BNVRSOmxnZ190Y2dhX3Bhbl9jYW5fYXRsYXNfMjAxOA,29.85172765,0,51,Male,LGG_IDHmut-non-codel,G2,True,True,True,True,True,True,True,,502+410
VENHQS1UTS1BODRGOmxnZ190Y2dhX3Bhbl9jYW5fYXRsYXNfMjAxOA,59.04592826,0,48,Male,LGG_IDHmut-non-codel,G3,True,True,True,True,True,True,True,,502+410
VENHQS1EVS1BN1RDOmxnZ190Y2dhX3Bhbl9jYW5fYXRsYXNfMjAxOA,37.38041227,0,32,Male,LGG_IDHmut-non-codel,G2,True,True,True,True,True,True,True,,502+410
VENHQS1IVC03NjA0OmxnZ190Y2dhX3Bhbl9jYW5fYXRsYXNfMjAxOA,122.4644114,0,50,Male,LGG_IDHmut-non-codel,G2,True,True,True,True,True,True,True,,502+410
VENHQS1UUS1BN1JSOmxnZ190Y2dhX3Bhbl9jYW5fYXRsYXNfMjAxOA,25.87368906,0,38,Male,LGG_IDHmut-non-codel,G2,True,True,True,True,True,True,True,,502+410
VENHQS1TOS1BN1FZOmxnZ190Y2dhX3Bhbl9jYW5fYXRsYXNfMjAxOA,28.37229181,0,35,Female,LGG_IDHmut-codel,G2,True,True,True,True,True,True,True,,502+410
VENHQS1GRy1BNjBKOmxnZ190Y2dhX3Bhbl9jYW5fYXRsYXNfMjAxOA,14.76148207,0,47,Female,LGG_IDHmut-non-codel,G2,True,True,True,True,True,True,True,,502+410
VENHQS1TOS1BNlU2OmxnZ190Y2dhX3Bhbl9jYW5fYXRsYXNfMjAxOA,35.14482033,0,28,Male,LGG_IDHmut-non-codel,G3,True,True,True,True,True,True,True,,502+410
VENHQS1EQi1BNzVQOmxnZ190Y2dhX3Bhbl9jYW5fYXRsYXNfMjAxOA,16.1751652,0,25,Female,LGG_IDHwt,G2,True,True,True,True,True,True,False,,502
VENHQS1XWS1BODVCOmxnZ190Y2dhX3Bhbl9jYW5fYXRsYXNfMjAxOA,45.79675839,0,24,Male,LGG_IDHmut-non-codel,G2,True,True,True,True,True,True,True,,502+410
VENHQS1FMS01MzAzOmxnZ190Y2dhX3Bhbl9jYW5fYXRsYXNfMjAxOA,67.46227439,1,38,Male,LGG_IDHmut-non-codel,G3,True,True,True,True,True,True,True,,502+410
VENHQS1TOS1BN1FXOmxnZ190Y2dhX3Bhbl9jYW5fYXRsYXNfMjAxOA,15.05736923,0,54,Female,LGG_IDHmut-non-codel,G3,True,True,True,True,True,True,True,,502+410
VENHQS1IVC03NjIwOmxnZ190Y2dhX3Bhbl9jYW5fYXRsYXNfMjAxOA,14.26833679,0,40,Male,LGG_IDHmut-codel,G3,True,True,True,True,True,True,True,,502+410
VENHQS1WTS1BOENGOmxnZ190Y2dhX3Bhbl9jYW5fYXRsYXNfMjAxOA,20.02169839,0,44,Female,LGG_IDHmut-non-codel,G3,True,True,True,True,True,True,True,,502+410
VENHQS1WTS1BOENFOmxnZ190Y2dhX3Bhbl9jYW5fYXRsYXNfMjAxOA,39.15573528,0,25,Male,LGG_IDHmut-codel,G2,True,True,True,True,True,True,True,,502+410
VENHQS1WVi1BODZNOmxnZ190Y2dhX3Bhbl9jYW5fYXRsYXNfMjAxOA,16.01078344,0,36,Female,LGG_IDHmut-non-codel,G3,True,True,True,True,True,True,True,,502+410
VENHQS1GRy1BNzBZOmxnZ190Y2dhX3Bhbl9jYW5fYXRsYXNfMjAxOA,28.53667357,0,20,Female,LGG_IDHmut-non-codel,G2,True,True,True,True,True,True,True,,502+410
VENHQS1DUy02NjY2OmxnZ190Y2dhX3Bhbl9jYW5fYXRsYXNfMjAxOA,46.94743071,0,22,Male,LGG_IDHmut-non-codel,G3,True,True,True,True,True,True,True,,502+410
VENHQS1EVS02NDEwOmxnZ190Y2dhX3Bhbl9jYW5fYXRsYXNfMjAxOA,7.956077194,0,56,Male,LGG_IDHmut-codel,G3,True,True,True,True,True,True,True,,502+410
VENHQS1TOS1BN1FYOmxnZ190Y2dhX3Bhbl9jYW5fYXRsYXNfMjAxOA,18.54226255,0,36,Female,LGG_IDHmut-non-codel,G3,True,True,True,True,True,True,True,,502+410
VENHQS1UUS1BN1JGOmxnZ190Y2dhX3Bhbl9jYW5fYXRsYXNfMjAxOA,21.36962883,0,27,Female,LGG_IDHmut-non-codel,G3,True,True,True,True,True,True,True,,502+410
VENHQS1EVS02NDA4OmxnZ190Y2dhX3Bhbl9jYW5fYXRsYXNfMjAxOA,114.0809416,1,23,Female,LGG_IDHmut-non-codel,G3,True,True,True,True,True,True,True,,502+410
VENHQS1FMS1BN1lXOmxnZ190Y2dhX3Bhbl9jYW5fYXRsYXNfMjAxOA,36.82151429,1,28,Male,LGG_IDHmut-non-codel,G2,True,True,True,True,True,True,True,,502+410
VENHQS1IVC03ODU4OmxnZ190Y2dhX3Bhbl9jYW5fYXRsYXNfMjAxOA,50.62958214,0,28,Male,LGG_IDHmut-non-codel,G2,True,True,True,True,True,True,True,,502+410
VENHQS1EQi01MjczOmxnZ190Y2dhX3Bhbl9jYW5fYXRsYXNfMjAxOA,81.96074564,0,33,Male,LGG_IDHmut-non-codel,G3,True,True,True,True,True,True,True,,502+410
VENHQS1UTS1BODRROmxnZ190Y2dhX3Bhbl9jYW5fYXRsYXNfMjAxOA,25.38054378,0,31,Male,LGG_IDHmut-non-codel,G2,True,True,True,True,True,True,True,,502+410
VENHQS1TOS1BNldEOmxnZ190Y2dhX3Bhbl9jYW5fYXRsYXNfMjAxOA,75.25396982,0,58,Male,LGG_IDHmut-codel,G3,True,True,True,True,True,True,True,,502+410
VENHQS1EQi1BNjRVOmxnZ190Y2dhX3Bhbl9jYW5fYXRsYXNfMjAxOA,27.81339383,0,38,Female,LGG_IDHmut-codel,G2,True,True,True,True,True,True,True,,502+410
VENHQS1SWS1BODNYOmxnZ190Y2dhX3Bhbl9jYW5fYXRsYXNfMjAxOA,30.87089457,0,46,Female,LGG_IDHmut-codel,G2,True,True,True,True,True,True,True,,502+410
VENHQS1EVS04MTY4OmxnZ190Y2dhX3Bhbl9jYW5fYXRsYXNfMjAxOA,14.16970773,0,55,Female,LGG_IDHmut-codel,G3,True,True,True,True,True,True,True,,502+410
VENHQS1TOS1BNlRXOmxnZ190Y2dhX3Bhbl9jYW5fYXRsYXNfMjAxOA,41.09544005,0,40,Male,LGG_IDHmut-codel,G3,True,True,True,True,True,True,True,,502+410
VENHQS1EQi1BNzVMOmxnZ190Y2dhX3Bhbl9jYW5fYXRsYXNfMjAxOA,11.2437124,0,36,Female,LGG_IDHmut-non-codel,G3,True,True,True,True,True,True,True,,502+410
VENHQS1IVC03NjkwOmxnZ190Y2dhX3Bhbl9jYW5fYXRsYXNfMjAxOA,0.098629056,0,29,Male,LGG_IDHmut-non-codel,G3,True,True,True,True,True,True,True,,502+410
VENHQS1IVC03NjE2OmxnZ190Y2dhX3Bhbl9jYW5fYXRsYXNfMjAxOA,0.230134464,1,75,Male,LGG_IDHmut-codel,G3,True,True,True,True,True,True,True,,502+410
VENHQS1GRy04MTg4OmxnZ190Y2dhX3Bhbl9jYW5fYXRsYXNfMjAxOA,14.95874018,0,41,Male,LGG_IDHmut-non-codel,G2,True,True,True,True,True,True,True,,502+410
VENHQS1UUS1BN1JIOmxnZ190Y2dhX3Bhbl9jYW5fYXRsYXNfMjAxOA,15.97790709,0,39,Male,LGG_IDHmut-non-codel,G2,True,True,True,True,True,True,True,,502+410
VENHQS1GRy01OTY1OmxnZ190Y2dhX3Bhbl9jYW5fYXRsYXNfMjAxOA,36.82151429,1,39,Female,LGG_IDHmut-non-codel,G2,True,True,True,True,True,True,True,,502+410
VENHQS1XWS1BODU5OmxnZ190Y2dhX3Bhbl9jYW5fYXRsYXNfMjAxOA,39.87901502,0,34,Female,LGG_IDHmut-non-codel,G2,True,True,True,True,True,True,True,,502+410
VENHQS1ESC1BNjZHOmxnZ190Y2dhX3Bhbl9jYW5fYXRsYXNfMjAxOA,17.19433212,0,49,Female,LGG_IDHmut-non-codel,G3,True,True,True,True,True,True,True,,502+410
VENHQS1TOS1BNlVCOmxnZ190Y2dhX3Bhbl9jYW5fYXRsYXNfMjAxOA,123.64796,0,52,Male,LGG_IDHmut-codel,G2,True,True,True,True,True,True,True,,502+410
VENHQS1TOS1BN1FaOmxnZ190Y2dhX3Bhbl9jYW5fYXRsYXNfMjAxOA,27.15586679,0,41,Male,LGG_IDHmut-codel,G2,True,True,True,True,True,True,True,,502+410
VENHQS1TOS1BNlU1OmxnZ190Y2dhX3Bhbl9jYW5fYXRsYXNfMjAxOA,32.61334122,0,33,Male,LGG_IDHmut-codel,G2,True,True,True,True,True,True,True,,502+410
VENHQS1IVC03ODc5OmxnZ190Y2dhX3Bhbl9jYW5fYXRsYXNfMjAxOA,3.682151429,0,31,Male,LGG_IDHmut-non-codel,G3,True,True,True,True,True,True,True,,502+410
VENHQS1XWS1BODVEOmxnZ190Y2dhX3Bhbl9jYW5fYXRsYXNfMjAxOA,37.70917579,0,60,Male,LGG_IDHmut-non-codel,G2,True,True,True,True,True,True,True,,502+410
VENHQS1EVS01ODc0OmxnZ190Y2dhX3Bhbl9jYW5fYXRsYXNfMjAxOA,15.15599829,0,62,Female,LGG_IDHmut-codel,G2,True,True,True,True,True,True,True,,502+410
VENHQS1EVS02Mzk2OmxnZ190Y2dhX3Bhbl9jYW5fYXRsYXNfMjAxOA,75.15534076,1,31,Female,LGG_IDHmut-non-codel,G3,True,True,True,True,True,True,True,,502+410
VENHQS1TOS1BNlU5OmxnZ190Y2dhX3Bhbl9jYW5fYXRsYXNfMjAxOA,95.93319525,0,36,Male,LGG_IDHmut-non-codel,G3,True,True,True,True,True,True,True,,502+410
VENHQS1RSC1BNlg1OmxnZ190Y2dhX3Bhbl9jYW5fYXRsYXNfMjAxOA,16.33954696,0,58,Female,LGG_IDHmut-codel,G2,True,True,True,True,True,True,True,,502+410
VENHQS1RSC1BNkNYOmxnZ190Y2dhX3Bhbl9jYW5fYXRsYXNfMjAxOA,12.23000296,1,66,Male,LGG_IDHwt,G2,True,True,True,True,True,True,False,,502
VENHQS1RSC1BNlhBOmxnZ190Y2dhX3Bhbl9jYW5fYXRsYXNfMjAxOA,16.50392872,0,23,Female,LGG_IDHmut-non-codel,G2,True,True,True,True,True,True,True,,502+410
VENHQS1EVS1BNVRVOmxnZ190Y2dhX3Bhbl9jYW5fYXRsYXNfMjAxOA,26.16957622,0,62,Female,LGG_IDHmut-non-codel,G2,True,True,True,True,True,True,True,,502+410
VENHQS1QNS1BNzMwOmxnZ190Y2dhX3Bhbl9jYW5fYXRsYXNfMjAxOA,10.94782523,0,22,Male,LGG_IDHmut-codel,G3,True,True,True,True,True,True,True,,502+410
VENHQS1EQi01Mjc3OmxnZ190Y2dhX3Bhbl9jYW5fYXRsYXNfMjAxOA,50.85971661,1,34,Male,LGG_IDHmut-non-codel,G3,True,True,True,True,True,True,True,,502+410
VENHQS1QNS1BNzM3OmxnZ190Y2dhX3Bhbl9jYW5fYXRsYXNfMjAxOA,12.23000296,0,47,Male,LGG_IDHmut-codel,G2,True,True,True,True,True,True,True,,502+410
VENHQS1FMS01MzExOmxnZ190Y2dhX3Bhbl9jYW5fYXRsYXNfMjAxOA,134.2670217,1,31,Male,LGG_IDHmut-codel,G3,True,True,True,True,True,True,True,,502+410
VENHQS1IVy04MzIyOmxnZ190Y2dhX3Bhbl9jYW5fYXRsYXNfMjAxOA,24.92027485,0,39,Male,LGG_IDHmut-codel,G2,True,True,True,True,True,True,True,,502+410
VENHQS1QNS1BNzMxOmxnZ190Y2dhX3Bhbl9jYW5fYXRsYXNfMjAxOA,9.008120459,0,59,Female,LGG_IDHmut-non-codel,G2,True,True,True,True,True,True,True,,502+410
VENHQS1QNS1BNzgwOmxnZ190Y2dhX3Bhbl9jYW5fYXRsYXNfMjAxOA,2.367097347,0,44,Female,LGG_IDHmut-non-codel,G3,True,True,True,True,True,True,True,,502+410
VENHQS1IVC03NjAxOmxnZ190Y2dhX3Bhbl9jYW5fYXRsYXNfMjAxOA,5.030081862,0,30,Female,LGG_IDHmut-non-codel,G3,True,True,True,True,True,True,True,,502+410
VENHQS1TOS1BNlRWOmxnZ190Y2dhX3Bhbl9jYW5fYXRsYXNfMjAxOA,18.77239702,0,50,Male,LGG_IDHmut-non-codel,G3,True,True,True,True,True,True,True,,502+410
VENHQS1TOS1BNldROmxnZ190Y2dhX3Bhbl9jYW5fYXRsYXNfMjAxOA,14.07107867,0,57,Female,LGG_IDHmut-non-codel,G2,True,True,True,True,True,True,True,,502+410
VENHQS1EQi1BNzVNOmxnZ190Y2dhX3Bhbl9jYW5fYXRsYXNfMjAxOA,17.88473551,0,47,Male,LGG_IDHmut-non-codel,G2,True,True,True,True,True,True,True,,502+410
VENHQS1IVC03NDY3OmxnZ190Y2dhX3Bhbl9jYW5fYXRsYXNfMjAxOA,0.098629056,0,54,Male,LGG_IDHmut-codel,G2,True,True,True,True,True,True,True,,502+410
VENHQS1EQi1BNjRQOmxnZ190Y2dhX3Bhbl9jYW5fYXRsYXNfMjAxOA,30.11473847,0,40,Male,LGG_IDHmut-codel,G3,True,True,True,True,True,True,True,,502+410
VENHQS1FMS1BN1lPOmxnZ190Y2dhX3Bhbl9jYW5fYXRsYXNfMjAxOA,75.02383536,1,45,Male,LGG_IDHmut-codel,G3,True,True,True,True,True,True,True,,502+410
VENHQS1FMS01MzAyOmxnZ190Y2dhX3Bhbl9jYW5fYXRsYXNfMjAxOA,50.13643686,1,41,Male,LGG_IDHmut-non-codel,G3,True,True,True,True,True,True,True,,502+410
VENHQS1IVC04MTExOmxnZ190Y2dhX3Bhbl9jYW5fYXRsYXNfMjAxOA,0.230134464,0,32,Male,LGG_IDHmut-non-codel,G3,True,True,True,True,True,True,True,,502+410
VENHQS1EVS04MTY3OmxnZ190Y2dhX3Bhbl9jYW5fYXRsYXNfMjAxOA,15.48476181,0,69,Female,LGG_IDHmut-non-codel,G2,True,True,True,True,True,True,True,,502+410
VENHQS1IVC03NDgxOmxnZ190Y2dhX3Bhbl9jYW5fYXRsYXNfMjAxOA,95.93319525,0,39,Male,LGG_IDHmut-codel,G2,True,True,True,True,True,True,True,,502+410
VENHQS1EQi1BNjRTOmxnZ190Y2dhX3Bhbl9jYW5fYXRsYXNfMjAxOA,27.45175395,0,20,Male,LGG_IDHmut-non-codel,G2,True,True,True,True,True,True,True,,502+410
VENHQS1FMS1BN1lFOmxnZ190Y2dhX3Bhbl9jYW5fYXRsYXNfMjAxOA,29.12844791,1,32,Female,LGG_IDHmut-non-codel,G3,True,True,True,True,True,True,True,,502+410
VENHQS1TOS1BNldMOmxnZ190Y2dhX3Bhbl9jYW5fYXRsYXNfMjAxOA,31.10102903,0,52,Male,LGG_IDHmut-codel,G3,True,True,True,True,True,True,True,,502+410
VENHQS1EQi01Mjc1OmxnZ190Y2dhX3Bhbl9jYW5fYXRsYXNfMjAxOA,47.93372127,0,36,Male,LGG_IDHmut-non-codel,G3,True,True,True,True,True,True,True,,502+410
VENHQS1UUS1BN1JLOmxnZ190Y2dhX3Bhbl9jYW5fYXRsYXNfMjAxOA,44.08718809,0,29,Male,LGG_IDHmut-non-codel,G2,True,True,True,True,True,True,True,,502+410
VENHQS1UUS1BN1JVOmxnZ190Y2dhX3Bhbl9jYW5fYXRsYXNfMjAxOA,33.92839531,0,51,Male,LGG_IDHmut-codel,G2,True,True,True,True,True,True,True,,502+410
VENHQS1ESC1BN1VTOmxnZ190Y2dhX3Bhbl9jYW5fYXRsYXNfMjAxOA,23.21070454,0,50,Male,LGG_IDHmut-codel,G2,True,True,True,True,True,True,True,,502+410
VENHQS1EVS1BNVRXOmxnZ190Y2dhX3Bhbl9jYW5fYXRsYXNfMjAxOA,24.98602755,0,33,Female,LGG_IDHmut-non-codel,G3,True,True,True,True,True,True,True,,502+410
VENHQS1GRy1BNkoxOmxnZ190Y2dhX3Bhbl9jYW5fYXRsYXNfMjAxOA,16.43817602,0,44,Female,LGG_IDHmut-codel,G2,True,True,True,True,True,True,True,,502+410
VENHQS1EVS1BNzZPOmxnZ190Y2dhX3Bhbl9jYW5fYXRsYXNfMjAxOA,17.16145577,0,30,Male,LGG_IDHmut-non-codel,G2,True,True,True,True,True,True,True,,502+410
VENHQS1IVC1BNjE4OmxnZ190Y2dhX3Bhbl9jYW5fYXRsYXNfMjAxOA,16.83269224,0,37,Female,LGG_IDHmut-non-codel,G3,True,True,True,True,True,True,True,,502+410
VENHQS1EVS04MTY1OmxnZ190Y2dhX3Bhbl9jYW5fYXRsYXNfMjAxOA,19.13403689,0,60,Female,LGG_IDHwt,G3,True,True,True,True,True,True,False,,502
VENHQS1GRy1BNklaOmxnZ190Y2dhX3Bhbl9jYW5fYXRsYXNfMjAxOA,15.02449288,0,60,Male,LGG_IDHmut-codel,G2,True,True,True,True,True,True,True,,502+410
VENHQS1EVS03MDA3OmxnZ190Y2dhX3Bhbl9jYW5fYXRsYXNfMjAxOA,62.95821416,1,33,Male,LGG_IDHmut-non-codel,G2,True,True,True,True,True,True,True,,502+410
VENHQS1IVC03ODczOmxnZ190Y2dhX3Bhbl9jYW5fYXRsYXNfMjAxOA,23.60522077,0,29,Male,LGG_IDHmut-non-codel,G2,True,True,True,True,True,True,True,,502+410
VENHQS1GRy1BNzEwOmxnZ190Y2dhX3Bhbl9jYW5fYXRsYXNfMjAxOA,36.65713253,0,50,Female,LGG_IDHmut-codel,G2,True,True,True,True,True,True,True,,502+410
VENHQS1TOS1BNldOOmxnZ190Y2dhX3Bhbl9jYW5fYXRsYXNfMjAxOA,26.46546339,0,38,Female,LGG_IDHmut-codel,G3,True,True,True,True,True,True,True,,502+410
VENHQS1SWS1BODQzOmxnZ190Y2dhX3Bhbl9jYW5fYXRsYXNfMjAxOA,2.071210179,0,30,Male,LGG_IDHmut-non-codel,G3,True,True,True,True,True,True,True,,502+410
VENHQS1ESC1BNjZCOmxnZ190Y2dhX3Bhbl9jYW5fYXRsYXNfMjAxOA,42.04885426,0,52,Male,LGG_IDHmut-non-codel,G3,True,True,True,True,True,True,True,,502+410
VENHQS1RSC1BNjVYOmxnZ190Y2dhX3Bhbl9jYW5fYXRsYXNfMjAxOA,15.84640168,0,28,Female,LGG_IDHmut-codel,G3,True,True,True,True,True,True,True,,502+410
VENHQS1IVC1BNzRKOmxnZ190Y2dhX3Bhbl9jYW5fYXRsYXNfMjAxOA,10.52043265,0,33,Male,LGG_IDHmut-non-codel,G2,True,True,True,True,True,True,True,,502+410
VENHQS1EQi1BNzVLOmxnZ190Y2dhX3Bhbl9jYW5fYXRsYXNfMjAxOA,12.09849755,0,55,Female,LGG_IDHmut-codel,G3,True,True,True,True,True,True,True,,502+410
VENHQS1IVC03NDcxOmxnZ190Y2dhX3Bhbl9jYW5fYXRsYXNfMjAxOA,0.131505408,0,37,Female,LGG_IDHmut-codel,G3,True,True,True,True,True,True,True,,502+410
VENHQS1EQi1BNjRWOmxnZ190Y2dhX3Bhbl9jYW5fYXRsYXNfMjAxOA,29.22707696,0,54,Male,LGG_IDHmut-codel,G2,True,True,True,True,True,True,True,,502+410
VENHQS1TOS1BNlRZOmxnZ190Y2dhX3Bhbl9jYW5fYXRsYXNfMjAxOA,35.3749548,0,50,Male,LGG_IDHmut-codel,G2,True,True,True,True,True,True,True,,502+410
VENHQS1SWS1BODNZOmxnZ190Y2dhX3Bhbl9jYW5fYXRsYXNfMjAxOA,5.457474439,0,45,Male,LGG_IDHmut-codel,G2,True,True,True,True,True,True,True,,502+410
VENHQS1GRy01OTY0OmxnZ190Y2dhX3Bhbl9jYW5fYXRsYXNfMjAxOA,52.20764704,0,62,Male,LGG_IDHmut-codel,G2,True,True,True,True,True,True,True,,502+410
VENHQS1QNS1BNzM1OmxnZ190Y2dhX3Bhbl9jYW5fYXRsYXNfMjAxOA,9.599894796,0,38,Female,LGG_IDHmut-non-codel,G2,True,True,True,True,True,True,True,,502+410
VENHQS1IVC03OTAyOmxnZ190Y2dhX3Bhbl9jYW5fYXRsYXNfMjAxOA,31.42979255,0,30,Female,LGG_IDHmut-non-codel,G2,True,True,True,True,True,True,True,,502+410
VENHQS1EVS1BNlM3OmxnZ190Y2dhX3Bhbl9jYW5fYXRsYXNfMjAxOA,20.9751126,0,27,Female,LGG_IDHmut-non-codel,G3,True,True,True,True,True,True,True,,502+410
VENHQS1TOS1BNlRYOmxnZ190Y2dhX3Bhbl9jYW5fYXRsYXNfMjAxOA,40.93105829,0,46,Male,LGG_IDHmut-codel,G3,True,True,True,True,True,True,True,,502+410
VENHQS1IVC1BNVI5OmxnZ190Y2dhX3Bhbl9jYW5fYXRsYXNfMjAxOA,0.065752704,0,48,Female,LGG_IDHmut-codel,G3,True,True,True,True,True,True,True,,502+410
VENHQS1IVC1BNzRIOmxnZ190Y2dhX3Bhbl9jYW5fYXRsYXNfMjAxOA,2.432850051,0,62,Male,LGG_IDHwt,G3,True,True,True,True,True,True,False,,502
VENHQS1IVC03ODYwOmxnZ190Y2dhX3Bhbl9jYW5fYXRsYXNfMjAxOA,0.493145281,0,60,Female,LGG_IDHwt,G3,True,True,True,True,True,True,False,,502
VENHQS1IVC03NDgyOmxnZ190Y2dhX3Bhbl9jYW5fYXRsYXNfMjAxOA,106.9467732,0,18,Female,LGG_IDHmut-non-codel,G2,True,True,True,True,True,True,True,,502+410
VENHQS1EVS03MDEyOmxnZ190Y2dhX3Bhbl9jYW5fYXRsYXNfMjAxOA,6.542394056,1,74,Female,LGG_IDHwt,G3,True,True,True,True,True,True,False,,502
VENHQS1EVS03MjkwOmxnZ190Y2dhX3Bhbl9jYW5fYXRsYXNfMjAxOA,10.35605089,1,45,Female,LGG_IDHwt,G3,True,True,True,True,True,True,False,,502
VENHQS1EVS1BNVRUOmxnZ190Y2dhX3Bhbl9jYW5fYXRsYXNfMjAxOA,24.42712957,0,70,Male,LGG_IDHwt,G3,True,True,True,True,True,True,False,,502
VENHQS1EVS02MzkyOmxnZ190Y2dhX3Bhbl9jYW5fYXRsYXNfMjAxOA,211.1648092,0,35,Female,LGG_IDHwt,G3,True,True,True,True,True,True,False,,502
VENHQS1GRy03NjM2OmxnZ190Y2dhX3Bhbl9jYW5fYXRsYXNfMjAxOA,17.88473551,0,48,Male,LGG_IDHmut-non-codel,G3,True,True,True,True,True,True,True,,502+410
VENHQS1EVS02Mzk1OmxnZ190Y2dhX3Bhbl9jYW5fYXRsYXNfMjAxOA,49.01864089,1,31,Male,LGG_IDHmut-non-codel,G2,True,True,True,True,True,True,True,,502+410
VENHQS1TOS1BNldQOmxnZ190Y2dhX3Bhbl9jYW5fYXRsYXNfMjAxOA,18.64089161,0,42,Male,LGG_IDHmut-codel,G3,True,True,True,True,True,True,True,,502+410
VENHQS1DUy02NjY1OmxnZ190Y2dhX3Bhbl9jYW5fYXRsYXNfMjAxOA,51.55012,0,51,Female,LGG_IDHmut-non-codel,G3,True,True,True,True,True,True,True,,502+410
VENHQS1GRy03NjQzOmxnZ190Y2dhX3Bhbl9jYW5fYXRsYXNfMjAxOA,20.0874511,0,49,Female,LGG_IDHwt,G2,True,True,True,True,True,True,False,,502
VENHQS1RSC1BNjVTOmxnZ190Y2dhX3Bhbl9jYW5fYXRsYXNfMjAxOA,2.531479107,0,32,Female,LGG_IDHmut-non-codel,G2,True,True,True,True,True,True,True,,502+410
VENHQS1IVC1BNjE0OmxnZ190Y2dhX3Bhbl9jYW5fYXRsYXNfMjAxOA,2.695860867,0,47,Male,LGG_IDHmut-non-codel,G2,True,True,True,True,True,True,True,,502+410
VENHQS1TOS1BN1IyOmxnZ190Y2dhX3Bhbl9jYW5fYXRsYXNfMjAxOA,10.38892725,1,69,Male,LGG_IDHwt,G3,True,True,True,True,True,True,False,,502
VENHQS1EVS02NTQyOmxnZ190Y2dhX3Bhbl9jYW5fYXRsYXNfMjAxOA,2.399973699,0,25,Male,LGG_IDHmut-non-codel,G3,True,True,True,True,True,True,True,,502+410
VENHQS1XWS1BODU4OmxnZ190Y2dhX3Bhbl9jYW5fYXRsYXNfMjAxOA,43.95568268,0,32,Female,LGG_IDHmut-non-codel,G3,True,True,True,True,True,True,True,,502+410
VENHQS1UUS1BOFhFOmxnZ190Y2dhX3Bhbl9jYW5fYXRsYXNfMjAxOA,31.36403985,1,42,Female,LGG_IDHmut-non-codel,G2,True,True,True,True,True,True,True,,502+410
VENHQS1GRy1BNE1YOmxnZ190Y2dhX3Bhbl9jYW5fYXRsYXNfMjAxOA,18.70664431,0,47,Male,LGG_IDHmut-non-codel,G2,True,True,True,True,True,True,True,,502+410
VENHQS1IVC04MDEzOmxnZ190Y2dhX3Bhbl9jYW5fYXRsYXNfMjAxOA,63.54998849,1,37,Female,LGG_IDHmut-non-codel,G2,True,True,True,True,True,True,True,,502+410
VENHQS1TOS1BNlUxOmxnZ190Y2dhX3Bhbl9jYW5fYXRsYXNfMjAxOA,25.80793635,0,22,Female,LGG_IDHmut-non-codel,G3,True,True,True,True,True,True,True,,502+410
VENHQS1GRy03NjM0OmxnZ190Y2dhX3Bhbl9jYW5fYXRsYXNfMjAxOA,15.3532564,0,28,Male,LGG_IDHmut-codel,G2,True,True,True,True,True,True,True,,502+410
VENHQS1EVS1BNlM4OmxnZ190Y2dhX3Bhbl9jYW5fYXRsYXNfMjAxOA,22.29016668,0,74,Female,LGG_IDHmut-codel,G3,True,True,True,True,True,True,True,,502+410
VENHQS1FMS1BN1lOOmxnZ190Y2dhX3Bhbl9jYW5fYXRsYXNfMjAxOA,23.90110793,1,63,Female,LGG_IDHwt,G3,True,True,True,True,True,True,False,,502
VENHQS1ESC01MTQyOmxnZ190Y2dhX3Bhbl9jYW5fYXRsYXNfMjAxOA,63.87875201,0,29,Male,LGG_IDHmut-non-codel,G3,True,True,True,True,True,True,True,,502+410
VENHQS1ESC1BN1VUOmxnZ190Y2dhX3Bhbl9jYW5fYXRsYXNfMjAxOA,17.45734293,1,30,Male,LGG_IDHmut-non-codel,G3,True,True,True,True,True,True,True,,502+410
VENHQS1GRy1BNzExOmxnZ190Y2dhX3Bhbl9jYW5fYXRsYXNfMjAxOA,48.68987737,1,33,Female,LGG_IDHmut-non-codel,G2,True,True,True,True,True,True,True,,502+410
VENHQS1GRy1BNjBMOmxnZ190Y2dhX3Bhbl9jYW5fYXRsYXNfMjAxOA,21.53401059,0,34,Female,LGG_IDHmut-non-codel,G2,True,True,True,True,True,True,True,,502+410
VENHQS1EQi1BNFhFOmxnZ190Y2dhX3Bhbl9jYW5fYXRsYXNfMjAxOA,37.44616497,0,27,Female,LGG_IDHmut-non-codel,G3,True,True,True,True,True,True,True,,502+410
VENHQS1IVC03ODgyOmxnZ190Y2dhX3Bhbl9jYW5fYXRsYXNfMjAxOA,3.715027781,1,66,Male,LGG_IDHwt,G3,True,True,True,True,True,True,False,,502
VENHQS1EVS1BN1Q2OmxnZ190Y2dhX3Bhbl9jYW5fYXRsYXNfMjAxOA,17.98336457,1,73,Female,LGG_IDHmut-codel,G3,True,True,True,True,True,True,True,,502+410
VENHQS1IVC04NTY0OmxnZ190Y2dhX3Bhbl9jYW5fYXRsYXNfMjAxOA,15.71489628,0,47,Male,LGG_IDHwt,G3,True,True,True,True,True,True,False,,502
VENHQS1ESC1BN1VSOmxnZ190Y2dhX3Bhbl9jYW5fYXRsYXNfMjAxOA,54.24598087,0,59,Female,LGG_IDHmut-codel,G3,True,True,True,True,True,True,True,,502+410
VENHQS1ESC01MTQwOmxnZ190Y2dhX3Bhbl9jYW5fYXRsYXNfMjAxOA,19.95594569,1,38,Female,LGG_IDHwt,G3,True,True,True,True,True,True,False,,502
VENHQS1RSC1BNlg0OmxnZ190Y2dhX3Bhbl9jYW5fYXRsYXNfMjAxOA,14.5313476,0,47,Male,LGG_IDHmut-codel,G3,True,True,True,True,True,True,True,,502+410
VENHQS1UTS1BODRPOmxnZ190Y2dhX3Bhbl9jYW5fYXRsYXNfMjAxOA,33.23799191,1,61,Female,LGG_IDHmut-codel,G3,True,True,True,True,True,True,True,,502+410
VENHQS1LVC1BNzRYOmxnZ190Y2dhX3Bhbl9jYW5fYXRsYXNfMjAxOA,14.39984219,0,26,Male,LGG_IDHmut-codel,G3,True,True,True,True,True,True,True,,502+410
VENHQS1FMS1BN1lVOmxnZ190Y2dhX3Bhbl9jYW5fYXRsYXNfMjAxOA,0.756156097,1,42,Male,LGG_IDHmut-non-codel,G3,True,True,True,True,True,True,True,,502+410
VENHQS1FMS1BN1lIOmxnZ190Y2dhX3Bhbl9jYW5fYXRsYXNfMjAxOA,93.20445803,1,47,Female,LGG_IDHmut-non-codel,G3,True,True,True,True,True,True,True,,502+410
VENHQS1FMS1BN1lTOmxnZ190Y2dhX3Bhbl9jYW5fYXRsYXNfMjAxOA,15.32038005,1,71,Male,LGG_IDHmut-codel,G3,True,True,True,True,True,True,True,,502+410
VENHQS1IVy1BNUtKOmxnZ190Y2dhX3Bhbl9jYW5fYXRsYXNfMjAxOA,31.62705066,1,68,Male,LGG_IDHmut-codel,G3,True,True,True,True,True,True,True,,502+410
VENHQS1JSy03Njc1OmxnZ190Y2dhX3Bhbl9jYW5fYXRsYXNfMjAxOA,19.00253148,1,43,Male,LGG_IDHmut-non-codel,G2,True,True,True,True,True,True,True,,502+410
VENHQS1GRy1BNE1UOmxnZ190Y2dhX3Bhbl9jYW5fYXRsYXNfMjAxOA,38.26807378,0,27,Female,LGG_IDHmut-non-codel,G2,True,True,True,True,True,True,True,,502+410
VENHQS1TOS1BNldHOmxnZ190Y2dhX3Bhbl9jYW5fYXRsYXNfMjAxOA,85.54426801,0,31,Male,LGG_IDHmut-non-codel,G3,True,True,True,True,True,True,True,,502+410
VENHQS1IVC04MTEwOmxnZ190Y2dhX3Bhbl9jYW5fYXRsYXNfMjAxOA,13.77519151,0,57,Male,LGG_IDHwt,G3,True,True,True,True,True,True,False,,502
VENHQS1EQi01Mjc0OmxnZ190Y2dhX3Bhbl9jYW5fYXRsYXNfMjAxOA,75.25396982,0,37,Female,LGG_IDHmut-codel,G3,True,True,True,True,True,True,True,,502+410
VENHQS1ESC1BN1VVOmxnZ190Y2dhX3Bhbl9jYW5fYXRsYXNfMjAxOA,13.7094388,0,43,Male,LGG_IDHmut-non-codel,G3,True,True,True,True,True,True,True,,502+410
VENHQS1IVC03NjkyOmxnZ190Y2dhX3Bhbl9jYW5fYXRsYXNfMjAxOA,2.958871684,0,43,Male,LGG_IDHmut-codel,G2,True,True,True,True,True,True,True,,502+410
VENHQS1EVS03Mjk4OmxnZ190Y2dhX3Bhbl9jYW5fYXRsYXNfMjAxOA,18.93677878,1,38,Female,LGG_IDHmut-non-codel,G3,True,True,True,True,True,True,True,,502+410
VENHQS1RSC1BNlg4OmxnZ190Y2dhX3Bhbl9jYW5fYXRsYXNfMjAxOA,16.73406319,0,56,Female,LGG_IDHmut-codel,G3,True,True,True,True,True,True,True,,502+410
VENHQS1EVS02MzkzOmxnZ190Y2dhX3Bhbl9jYW5fYXRsYXNfMjAxOA,52.10901798,1,66,Male,LGG_IDHmut-codel,G3,True,True,True,True,True,True,True,,502+410
VENHQS1UTS1BODRCOmxnZ190Y2dhX3Bhbl9jYW5fYXRsYXNfMjAxOA,24.92027485,1,40,Male,LGG_IDHwt,G3,True,True,True,True,True,True,False,,502
VENHQS1IVC1BNzRPOmxnZ190Y2dhX3Bhbl9jYW5fYXRsYXNfMjAxOA,0.098629056,0,34,Male,LGG_IDHmut-non-codel,G3,True,True,True,True,True,True,True,,502+410
VENHQS1DUy00OTQzOmxnZ190Y2dhX3Bhbl9jYW5fYXRsYXNfMjAxOA,36.36124536,1,37,Male,LGG_IDHmut-non-codel,G3,True,True,True,True,True,True,True,,502+410
VENHQS1SOC1BNk1POmxnZ190Y2dhX3Bhbl9jYW5fYXRsYXNfMjAxOA,32.64621758,0,53,Female,LGG_IDHmut-codel,G2,True,True,True,True,True,True,True,,502+410
VENHQS1FMS1BN1lLOmxnZ190Y2dhX3Bhbl9jYW5fYXRsYXNfMjAxOA,12.42726107,1,52,Male,LGG_IDHmut-non-codel,G3,True,True,True,True,True,True,True,,502+410
VENHQS1DUy01Mzk3OmxnZ190Y2dhX3Bhbl9jYW5fYXRsYXNfMjAxOA,6.378012296,1,54,Female,LGG_IDHwt,G3,True,True,True,True,True,True,False,,502
VENHQS1UUS1BN1JNOmxnZ190Y2dhX3Bhbl9jYW5fYXRsYXNfMjAxOA,36.69000888,0,41,Female,LGG_IDHmut-non-codel,G3,True,True,True,True,True,True,True,,502+410
VENHQS1EVS1BN1RCOmxnZ190Y2dhX3Bhbl9jYW5fYXRsYXNfMjAxOA,51.51724365,0,56,Male,LGG_IDHwt,G2,True,True,True,True,True,True,False,,502
VENHQS1QNS1BNUVaOmxnZ190Y2dhX3Bhbl9jYW5fYXRsYXNfMjAxOA,2.301344643,0,39,Male,LGG_IDHmut-non-codel,G3,True,True,True,True,True,True,True,,502+410
VENHQS1IVC03ODU3OmxnZ190Y2dhX3Bhbl9jYW5fYXRsYXNfMjAxOA,0.230134464,0,24,Female,LGG_IDHwt,G3,True,True,True,True,True,True,False,,502
VENHQS1RSC1BNkNXOmxnZ190Y2dhX3Bhbl9jYW5fYXRsYXNfMjAxOA,13.61080975,0,43,Male,LGG_IDHmut-non-codel,G3,True,True,True,True,True,True,True,,502+410
VENHQS1IVC03NjA2OmxnZ190Y2dhX3Bhbl9jYW5fYXRsYXNfMjAxOA,17.29296117,0,30,Female,LGG_IDHmut-non-codel,G2,True,True,True,True,True,True,True,,502+410
VENHQS1FMS01MzA0OmxnZ190Y2dhX3Bhbl9jYW5fYXRsYXNfMjAxOA,41.1283164,1,42,Male,LGG_IDHmut-non-codel,G3,True,True,True,True,True,True,True,,502+410
VENHQS1QNS1BNzJaOmxnZ190Y2dhX3Bhbl9jYW5fYXRsYXNfMjAxOA,11.63822862,0,64,Female,LGG_IDHmut-codel,G3,True,True,True,True,True,True,True,,502+410
VENHQS1DUy01Mzk2OmxnZ190Y2dhX3Bhbl9jYW5fYXRsYXNfMjAxOA,53.62133018,0,53,Female,LGG_IDHmut-codel,G3,True,True,True,True,True,True,True,,502+410
VENHQS1EVS1BNVRTOmxnZ190Y2dhX3Bhbl9jYW5fYXRsYXNfMjAxOA,31.69280337,0,42,Male,LGG_IDHmut-non-codel,G2,True,True,True,True,True,True,True,,502+410
VENHQS1EVS03MDEwOmxnZ190Y2dhX3Bhbl9jYW5fYXRsYXNfMjAxOA,14.99161653,1,58,Female,LGG_IDHmut-non-codel,G3,True,True,True,True,True,True,True,,502+410
VENHQS1DUy00OTQxOmxnZ190Y2dhX3Bhbl9jYW5fYXRsYXNfMjAxOA,7.693066377,1,67,Male,LGG_IDHwt,G3,True,True,True,True,True,True,False,,502
VENHQS1TOS1BN1I4OmxnZ190Y2dhX3Bhbl9jYW5fYXRsYXNfMjAxOA,31.59417431,1,44,Female,LGG_IDHmut-non-codel,G3,True,True,True,True,True,True,True,,502+410
VENHQS1EQi1BNjRPOmxnZ190Y2dhX3Bhbl9jYW5fYXRsYXNfMjAxOA,25.47917283,1,59,Male,LGG_IDHwt,G2,True,True,True,True,True,True,False,,502
VENHQS1EVS04MTU4OmxnZ190Y2dhX3Bhbl9jYW5fYXRsYXNfMjAxOA,5.095834566,1,57,Female,LGG_IDHwt,G3,True,True,True,True,True,True,False,,502
VENHQS1UTS1BODRDOmxnZ190Y2dhX3Bhbl9jYW5fYXRsYXNfMjAxOA,16.1751652,1,32,Male,LGG_IDHwt,G2,True,True,True,True,True,True,False,,502
VENHQS1IVy1BNUtLOmxnZ190Y2dhX3Bhbl9jYW5fYXRsYXNfMjAxOA,12.75602459,1,64,Male,LGG_IDHwt,G3,True,True,True,True,True,True,False,,502
VENHQS1IVC1BNzRLOmxnZ190Y2dhX3Bhbl9jYW5fYXRsYXNfMjAxOA,15.3532564,0,58,Female,LGG_IDHmut-codel,G3,True,True,True,True,True,True,True,,502+410
VENHQS1FMS1BN1lMOmxnZ190Y2dhX3Bhbl9jYW5fYXRsYXNfMjAxOA,16.1751652,1,46,Male,LGG_IDHwt,G3,True,True,True,True,True,True,False,,502
VENHQS1UTS1BODRJOmxnZ190Y2dhX3Bhbl9jYW5fYXRsYXNfMjAxOA,28.07640464,0,30,Male,LGG_IDHmut-non-codel,G3,True,True,True,True,True,True,True,,502+410
VENHQS1EVS03MDA2OmxnZ190Y2dhX3Bhbl9jYW5fYXRsYXNfMjAxOA,11.47384686,1,60,Female,LGG_IDHwt,G3,True,True,True,True,True,True,False,,502
VENHQS1GRy1BNE1ZOmxnZ190Y2dhX3Bhbl9jYW5fYXRsYXNfMjAxOA,23.70384982,0,44,Female,LGG_IDHmut-non-codel,G2,True,True,True,True,True,True,True,,502+410
VENHQS1EQi1BNjRXOmxnZ190Y2dhX3Bhbl9jYW5fYXRsYXNfMjAxOA,14.39984219,1,65,Female,LGG_IDHmut-codel,G3,True,True,True,True,True,True,True,,502+410
VENHQS1IVC1BNVJBOmxnZ190Y2dhX3Bhbl9jYW5fYXRsYXNfMjAxOA,27.3531249,0,65,Female,LGG_IDHwt,G3,True,True,True,True,True,True,False,,502
VENHQS1WTS1BOENEOmxnZ190Y2dhX3Bhbl9jYW5fYXRsYXNfMjAxOA,7.89032449,1,58,Male,LGG_IDHwt,G3,True,True,True,True,True,True,False,,502
VENHQS1EVS03MjkyOmxnZ190Y2dhX3Bhbl9jYW5fYXRsYXNfMjAxOA,7.956077194,1,69,Male,LGG_IDHwt,G3,True,True,True,True,True,True,False,,502
VENHQS1IVC1BNjFCOmxnZ190Y2dhX3Bhbl9jYW5fYXRsYXNfMjAxOA,17.52309564,0,22,Male,LGG_IDHmut-non-codel,G3,True,True,True,True,True,True,True,,502+410
VENHQS1UTS1BODRKOmxnZ190Y2dhX3Bhbl9jYW5fYXRsYXNfMjAxOA,24.16411875,0,63,Male,LGG_IDHwt,G3,True,True,True,True,True,True,False,,502
VENHQS1DUy02MTg4OmxnZ190Y2dhX3Bhbl9jYW5fYXRsYXNfMjAxOA,26.76135056,1,48,Male,LGG_IDHwt,G3,True,True,True,True,True,True,False,,502
VENHQS1GRy1BNzBaOmxnZ190Y2dhX3Bhbl9jYW5fYXRsYXNfMjAxOA,10.78344347,0,53,Female,LGG_IDHwt,G3,True,True,True,True,True,True,False,,502
VENHQS1EVS02NDA1OmxnZ190Y2dhX3Bhbl9jYW5fYXRsYXNfMjAxOA,19.89019298,1,51,Female,LGG_IDHwt,G3,True,True,True,True,True,True,False,,502
VENHQS1IVC1BNjE3OmxnZ190Y2dhX3Bhbl9jYW5fYXRsYXNfMjAxOA,16.14228885,0,47,Male,LGG_IDHwt,G2,True,True,True,True,True,True,False,,502
VENHQS1EVS02NDAyOmxnZ190Y2dhX3Bhbl9jYW5fYXRsYXNfMjAxOA,7.035539337,1,52,Male,LGG_IDHwt,G3,True,True,True,True,True,True,False,,502
VENHQS1EVS02NDA0OmxnZ190Y2dhX3Bhbl9jYW5fYXRsYXNfMjAxOA,133.7410001,1,24,Female,LGG_IDHwt,G3,True,True,True,True,True,True,False,,502
VENHQS1RSC1BNkNTOmxnZ190Y2dhX3Bhbl9jYW5fYXRsYXNfMjAxOA,19.331295,0,41,Male,LGG_IDHwt,G3,True,True,True,True,True,True,False,,502
VENHQS1EVS04MTYxOmxnZ190Y2dhX3Bhbl9jYW5fYXRsYXNfMjAxOA,23.73672617,1,63,Female,LGG_IDHwt,G3,True,True,True,True,True,True,False,,502
VENHQS1GRy01OTYzOmxnZ190Y2dhX3Bhbl9jYW5fYXRsYXNfMjAxOA,25.47917283,1,23,Male,LGG_IDHwt,G3,True,True,True,True,True,True,False,,502
VENHQS1FMS1BN1lROmxnZ190Y2dhX3Bhbl9jYW5fYXRsYXNfMjAxOA,51.87888352,1,58,Female,LGG_IDHwt,G3,True,True,True,True,True,True,False,,502
VENHQS1GRy1BODdOOmxnZ190Y2dhX3Bhbl9jYW5fYXRsYXNfMjAxOA,18.64089161,0,37,Female,LGG_IDHmut-non-codel,G3,True,True,True,True,True,True,True,,502+410
VENHQS1FMS1BN1lWOmxnZ190Y2dhX3Bhbl9jYW5fYXRsYXNfMjAxOA,32.44895946,1,26,Female,LGG_IDHmut-non-codel,G3,True,True,True,True,True,True,True,,502+410
VENHQS1TOS1BN0owOmxnZ190Y2dhX3Bhbl9jYW5fYXRsYXNfMjAxOA,20.02169839,0,30,Female,LGG_IDHmut-non-codel,G3,True,True,True,True,True,True,True,,502+410
VENHQS1SWS1BODNaOmxnZ190Y2dhX3Bhbl9jYW5fYXRsYXNfMjAxOA,9.895781964,0,54,Female,LGG_IDHmut-non-codel,G3,True,True,True,True,True,True,True,,502+410
VENHQS1EVS1BN1REOmxnZ190Y2dhX3Bhbl9jYW5fYXRsYXNfMjAxOA,7.495808265,1,52,Male,LGG_IDHwt,G3,True,True,True,True,True,True,False,,502
VENHQS1TOS1BNlVBOmxnZ190Y2dhX3Bhbl9jYW5fYXRsYXNfMjAxOA,5.851990663,1,66,Male,LGG_IDHwt,G3,True,True,True,True,True,True,False,,502
VENHQS1FMS1BN1oyOmxnZ190Y2dhX3Bhbl9jYW5fYXRsYXNfMjAxOA,13.08478811,1,58,Female,LGG_IDHwt,G2,True,True,True,True,True,True,False,,502
VENHQS1IVC03NDY5OmxnZ190Y2dhX3Bhbl9jYW5fYXRsYXNfMjAxOA,11.53959957,1,30,Male,LGG_IDHwt,G3,True,True,True,True,True,True,False,,502
VENHQS1EVS01ODQ3OmxnZ190Y2dhX3Bhbl9jYW5fYXRsYXNfMjAxOA,18.01624092,0,34,Female,LGG_IDHwt,G3,True,True,True,True,True,True,False,,502
VENHQS1FMS1BN1lKOmxnZ190Y2dhX3Bhbl9jYW5fYXRsYXNfMjAxOA,19.46280041,1,55,Male,LGG_IDHwt,G3,True,True,True,True,True,True,False,,502
VENHQS1TOS1BODlaOmxnZ190Y2dhX3Bhbl9jYW5fYXRsYXNfMjAxOA,20.48196732,0,40,Male,LGG_IDHmut-non-codel,G3,True,True,True,True,True,True,True,,502+410
VENHQS1IVC1BNERTOmxnZ190Y2dhX3Bhbl9jYW5fYXRsYXNfMjAxOA,0.230134464,0,55,Female,LGG_IDHwt,G3,True,True,True,True,True,True,False,,502
VENHQS1IVC04MTA0OmxnZ190Y2dhX3Bhbl9jYW5fYXRsYXNfMjAxOA,12.23000296,0,51,Female,LGG_IDHwt,G3,True,True,True,True,True,True,False,,502
VENHQS1IVC03NDc3OmxnZ190Y2dhX3Bhbl9jYW5fYXRsYXNfMjAxOA,24.26274781,0,62,Male,LGG_IDHmut-non-codel,G3,True,True,True,True,True,True,True,,502+410
VENHQS1GRy02Njg4OmxnZ190Y2dhX3Bhbl9jYW5fYXRsYXNfMjAxOA,18.77239702,0,59,Female,LGG_IDHwt,G3,True,True,True,True,True,True,False,,502
VENHQS1DUy01Mzk1OmxnZ190Y2dhX3Bhbl9jYW5fYXRsYXNfMjAxOA,21.00798895,1,43,Male,LGG_IDHwt,G2,True,True,True,True,True,True,False,,502
VENHQS1TOS1BN0lYOmxnZ190Y2dhX3Bhbl9jYW5fYXRsYXNfMjAxOA,26.92573232,1,57,Male,LGG_IDHwt,G3,True,True,True,True,True,True,False,,502
VENHQS1ESC1BNjY5OmxnZ190Y2dhX3Bhbl9jYW5fYXRsYXNfMjAxOA,30.21336753,1,70,Male,LGG_IDHmut-codel,G3,True,True,True,True,True,True,True,,502+410
VENHQS1EVS1BNzZLOmxnZ190Y2dhX3Bhbl9jYW5fYXRsYXNfMjAxOA,11.40809416,1,87,Male,LGG_IDHwt,G2,True,True,True,True,True,True,False,,502
VENHQS1FMS1BN1lNOmxnZ190Y2dhX3Bhbl9jYW5fYXRsYXNfMjAxOA,21.30387612,1,63,Male,LGG_IDHwt,G3,True,True,True,True,True,True,False,,502
VENHQS1EVS03MDEzOmxnZ190Y2dhX3Bhbl9jYW5fYXRsYXNfMjAxOA,8.843738699,1,59,Male,LGG_IDHwt,G3,True,True,True,True,True,True,False,,502
VENHQS1EVS1BNVRZOmxnZ190Y2dhX3Bhbl9jYW5fYXRsYXNfMjAxOA,33.96127166,1,46,Female,LGG_IDHwt,G3,True,True,True,True,True,True,False,,502
VENHQS1EVS01ODU0OmxnZ190Y2dhX3Bhbl9jYW5fYXRsYXNfMjAxOA,8.449222474,0,57,Female,LGG_IDHwt,G3,True,True,True,True,True,True,False,,502
VENHQS1TOS1BNlUwOmxnZ190Y2dhX3Bhbl9jYW5fYXRsYXNfMjAxOA,24.39425321,1,46,Male,LGG_IDHwt,G3,True,True,True,True,True,True,False,,502
VENHQS1DUy02MTg2OmxnZ190Y2dhX3Bhbl9jYW5fYXRsYXNfMjAxOA,17.6874774,1,58,Male,LGG_IDHwt,G3,True,True,True,True,True,True,False,,502
VENHQS1GRy1BNkozOmxnZ190Y2dhX3Bhbl9jYW5fYXRsYXNfMjAxOA,22.25729033,0,52,Female,LGG_IDHmut-non-codel,G3,True,True,True,True,True,True,True,,502+410
VENHQS1TOS1BN0lTOmxnZ190Y2dhX3Bhbl9jYW5fYXRsYXNfMjAxOA,7.923200842,1,33,Female,LGG_IDHmut-non-codel,G3,True,True,True,True,True,True,True,,502+410
VENHQS1EVS02NDAzOmxnZ190Y2dhX3Bhbl9jYW5fYXRsYXNfMjAxOA,11.63822862,1,60,Female,LGG_IDHwt,G3,True,True,True,True,True,True,False,,502
VENHQS1EVS1BNzZMOmxnZ190Y2dhX3Bhbl9jYW5fYXRsYXNfMjAxOA,26.76135056,1,54,Male,LGG_IDHwt,G3,True,True,True,True,True,True,False,,502
VENHQS1EVS1BN1RKOmxnZ190Y2dhX3Bhbl9jYW5fYXRsYXNfMjAxOA,0.558897985,0,55,Male,LGG_IDHwt,G3,True,True,True,True,True,True,False,,502
VENHQS1GRy1BODdROmxnZ190Y2dhX3Bhbl9jYW5fYXRsYXNfMjAxOA,5.720485255,0,61,Female,LGG_IDHwt,G3,True,True,True,True,True,True,False,,502
VENHQS1FMS1BN1lEOmxnZ190Y2dhX3Bhbl9jYW5fYXRsYXNfMjAxOA,14.30121314,1,57,Male,LGG_IDHwt,G3,True,True,True,True,True,True,False,,502
VENHQS1GRy1BNE1XOmxnZ190Y2dhX3Bhbl9jYW5fYXRsYXNfMjAxOA,18.37788079,1,63,Male,LGG_IDHwt,G3,True,True,True,True,True,True,False,,502
VENHQS1FMS1BN1lJOmxnZ190Y2dhX3Bhbl9jYW5fYXRsYXNfMjAxOA,3.649275076,1,33,Female,LGG_IDHmut-non-codel,G3,True,True,True,True,True,True,True,,502+410
VENHQS1EVS01ODUyOmxnZ190Y2dhX3Bhbl9jYW5fYXRsYXNfMjAxOA,6.739652168,1,61,Female,LGG_IDHwt,G3,True,True,True,True,True,True,False,,502
VENHQS1QNS1BNzJVOmxnZ190Y2dhX3Bhbl9jYW5fYXRsYXNfMjAxOA,0.230134464,0,71,Female,LGG_IDHwt,G3,True,True,True,True,True,True,False,,502
VENHQS1EVS02NDA2OmxnZ190Y2dhX3Bhbl9jYW5fYXRsYXNfMjAxOA,16.83269224,1,59,Female,LGG_IDHwt,G3,True,True,True,True,True,True,False,,502
VENHQS1RSC1BNlhDOmxnZ190Y2dhX3Bhbl9jYW5fYXRsYXNfMjAxOA,16.70118684,0,48,Male,LGG_IDHwt,G3,True,True,True,True,True,True,False,,502
VENHQS1WVy1BOEZJOmxnZ190Y2dhX3Bhbl9jYW5fYXRsYXNfMjAxOA,8.05470625,1,66,Male,LGG_IDHwt,G3,True,True,True,True,True,True,False,,502
VENHQS1RSC1BNkNWOmxnZ190Y2dhX3Bhbl9jYW5fYXRsYXNfMjAxOA,14.5313476,0,51,Male,LGG_IDHwt,G3,True,True,True,True,True,True,False,,502
VENHQS1IVC1BNVJDOmxnZ190Y2dhX3Bhbl9jYW5fYXRsYXNfMjAxOA,5.325969031,1,70,Female,LGG_IDHwt,G3,True,True,True,True,True,True,False,,502
VENHQS1TOS1BNldNOmxnZ190Y2dhX3Bhbl9jYW5fYXRsYXNfMjAxOA,19.85731663,0,59,Female,LGG_IDHwt,G3,True,True,True,True,True,True,False,,502
VENHQS1GRy1BNE1VOmxnZ190Y2dhX3Bhbl9jYW5fYXRsYXNfMjAxOA,10.71769077,0,58,Male,LGG_IDHwt,G3,True,True,True,True,True,True,False,,502
VENHQS1LVC1BN1cxOmxnZ190Y2dhX3Bhbl9jYW5fYXRsYXNfMjAxOA,14.39984219,0,45,Female,LGG_IDHwt,G3,True,True,True,True,True,True,False,,502
VENHQS1GRy02NjkyOmxnZ190Y2dhX3Bhbl9jYW5fYXRsYXNfMjAxOA,18.44363349,1,63,Male,LGG_IDHwt,G3,True,True,True,True,True,True,False,,502
VENHQS1UTS1BN0MzOmxnZ190Y2dhX3Bhbl9jYW5fYXRsYXNfMjAxOA,54.7720025,1,43,Female,LGG_IDHwt,G3,True,True,True,True,True,True,False,,502
VENHQS1IVC04MDExOmxnZ190Y2dhX3Bhbl9jYW5fYXRsYXNfMjAxOA,16.24091791,0,55,Male,LGG_IDHwt,G3,True,True,True,True,True,True,False,,502
VENHQS1IVC1BNjFDOmxnZ190Y2dhX3Bhbl9jYW5fYXRsYXNfMjAxOA,17.65460105,1,66,Male,LGG_IDHwt,G3,True,True,True,True,True,True,False,,502
