alpha,n_genes,CV_Cindex_mean,CV_Cindex_SE
0.1492435754513654,0,0.5984353674966579,0.042719614070239664
0.14246022461379484,2,0.6371754275118409,0.04294941163593144
0.1359851875407961,2,0.7094448913855005,0.03606480264899784
0.129804450895937,2,0.7239387812630574,0.03284319983749073
0.1239046382705535,4,0.7339730333602305,0.03347559263380813
0.11827298123439967,4,0.7374113293857959,0.03366734908032573
0.11289729170209026,4,0.7417903157541212,0.034649643418602605
0.10776593555553114,5,0.7455200251057855,0.03407131202923828
0.10286780746525093,5,0.742797147767502,0.035903393841509354
0.09819230685614197,6,0.7479391906241214,0.03630524556734583
0.09372931496559554,7,0.7492174118005979,0.036134783339125856
0.08946917294438017,7,0.7515737282699936,0.03464080666073988
0.08540266095286882,7,0.751502367569943,0.035728219231049456
0.0815209782073748,7,0.7513973326399225,0.03559401144679198
0.07781572393341263,7,0.7547071318228461,0.034599201731243624
0.07427887918466237,7,0.7556417908142865,0.034901296047122915
0.0709027894882903,7,0.7556462328421347,0.034911388519392385
0.06768014827906642,7,0.7563403669176132,0.03483976615656624
0.06460398108642694,7,0.7499487090310244,0.03512786398284401
0.06166763044025916,10,0.7480827957585755,0.03720295283008855
0.05886474146274172,10,0.744517997848237,0.037164246091904204
0.05618924811505798,10,0.742394684889414,0.037798134346512934
0.053635360069217465,12,0.7392560617361801,0.03760249113082262
0.05119755017657329,13,0.7389306610146951,0.03745770802676176
0.04887054250591485,14,0.7364619288780795,0.03839739120763489
0.04664930092524758,16,0.7341119818590993,0.04141632045153382
0.044529018202548544,19,0.7339063841217056,0.040855706303417956
0.042505105601909426,19,0.7342505992462052,0.04111696838811505
0.04057318295255092,18,0.7383112972286099,0.038448785900129206
0.038729069169215716,18,0.7415855388578638,0.03772569475403759
0.03696877320342428,19,0.748071986567872,0.035448435432467854
0.03528848540601001,20,0.7547318519474766,0.03233005065608002
0.03368456928224051,20,0.7587792154780308,0.032504613653815566
0.032153553621681305,22,0.7625796702116475,0.031973399410683945
0.030692124985769415,23,0.763949020526875,0.031078265105403388
0.029297120536838313,24,0.7643888018188059,0.030586460873014944
0.027965521193074737,24,0.7660994120369515,0.029931269181504135
0.026694445094593303,23,0.7705005090986505,0.028652425606929613
0.025481141366488106,25,0.7701687036333043,0.0286511988776286
0.02432298416536324,26,0.7772043774803685,0.026214043061276598
0.023217466996457707,27,0.7800503955471377,0.02610502749160724
0.022162197289065773,28,0.7837756095718784,0.024352531369089155
0.021154891218512818,29,0.7843757013401961,0.02441433429406715
0.020193368763480397,30,0.7870991101481197,0.023282373981066706
0.0192755489879835,32,0.7893123217231539,0.02158495571679454
0.018399445537789227,32,0.783500956336561,0.024288379340262848
0.017563162341530176,34,0.7853171760653486,0.023222843189130184
0.016764889507208874,37,0.7873973769510103,0.02179852939819938
0.016002899405212406,38,0.7883972354989058,0.020715638286787227
0.015275542929360085,39,0.7873425982760428,0.02062893460522721
0.014581245927892261,40,0.788625393508476,0.019160949275009487
0.01391850579667621,41,0.7873624079918292,0.01791361506406701
0.013285888227256067,43,0.790226414006274,0.017586724247313012
0.01268202410270891,46,0.7880121545045267,0.018157610724412236
0.01210560653458897,46,0.7889129544073257,0.018047912197766806
0.011555388034547314,46,0.787773837536277,0.01858018941036013
0.011030177814505764,49,0.7894724487881584,0.01784459148472203
0.010528839209542078,49,0.7892100090368914,0.017833603987909057
0.010050287217908996,51,0.7898147175501348,0.017880164554183828
0.009593486152863191,50,0.7883558574594761,0.018506605517225022
0.009157447401222235,51,0.7872558276199617,0.018102197176107275
0.008741227283798609,52,0.7869413622111567,0.01793632350614928
0.008343925013080278,54,0.7886296205496743,0.01777247700478524
0.007964680743737854,54,0.787517960470623,0.017757515564282435
0.007602673711739198,57,0.7902198923720546,0.017687638797333295
0.007257120458044149,58,0.7864452599980972,0.017757505409689577
0.006927273133035065,57,0.786947059510446,0.017603678427399048
0.0066124178780136095,58,0.7872061693469066,0.01674303829198597
0.0063118732802610105,58,0.785306133845811,0.017415414980549358
0.006024988898318216,57,0.7850065399026392,0.017554416481592408
0.005751143854294337,58,0.7824481041110127,0.017350544750945433
0.005489745490156852,58,0.7809729815822123,0.016905160267167027
0.005240228085095487,61,0.7810581231175818,0.01677272252141327
0.005002051631183895,64,0.7801663312895928,0.016895966893390287
0.004774700664689396,65,0.7800604107437581,0.01712079250089443
0.0045576831505014966,65,0.7787260347376869,0.0170773538814212
0.004350529417264849,66,0.7779112485176164,0.017011249082100218
0.00415279114091207,68,0.7796668518470887,0.016701365040848987
0.003964040374396553,68,0.7778453634086799,0.016705977887598582
0.003783868621525429,68,0.7796400727249221,0.016488664126708952
0.0036118859528882397,68,0.7785575322581572,0.01619939731752305
0.003447720161968027,67,0.7769133420356455,0.016329030453276678
0.003291015959608469,69,0.7772774377348003,0.01632522423896622
0.003141434205093729,68,0.7770892565783689,0.01605608961512
0.002998651172176915,70,0.7741212437184336,0.01601098571983406
0.0028623578484686736,71,0.7727836250212268,0.01687166248055151
0.00273225926666966,71,0.770802654253244,0.017761049320886776
0.0026080738661995186,71,0.7705091399654169,0.017844310948388845
0.002489532883840813,72,0.769187233146587,0.0186737820093057
0.0023763797720791333,72,0.7701559203447534,0.019106346399836143
0.0022683696438805375,74,0.7675059845846783,0.019002028294641468
0.002165268742704721,75,0.7655316167547646,0.019298531521805416
0.0020668539366069014,77,0.7637186735433865,0.019312832024253695
0.001972912235333554,78,0.7634753443964908,0.019011478493361045
0.0018832403293668934,77,0.7611974616106865,0.02030495048345749
0.0017976441499204922,76,0.7601944299848729,0.021245810832447688
0.0017159384489337805,76,0.7588261236119397,0.02141252034482668
0.0016379463981564416,77,0.7579070544735309,0.021436308712391935
0.0015634992064550413,77,0.7558595926316569,0.0212342791115226
0.001492435754513662,77,0.7543809870274956,0.021124092113699935
