Domain,Question,Signalling_question,Answer,Justification
1 Participants,1.1,"Appropriate data sources (cohort, RCT, nested case-control)",Yes,"TCGA-LGG (population-based cohort, n=514 with mRNA) and CGGA-325 (independent cohort, n=325) are both public, consecutive series. Neither is a case-control or a convenience subset."
1 Participants,1.2,All inclusions and exclusions appropriate,Yes,Four of 514 TCGA patients were excluded for absent expression or absent survival; the external set was restricted a priori to WHO grade II-III to match the discovery population (all low-grade). Every exclusion is itemised per patient in Supplementary Tables S21 and S22.
1 Participants,JUDGEMENT,Domain 1 - Participants,LOW,All signalling questions answered Yes.
2 Predictors,2.1,Predictors defined and assessed in a similar way for all participants,Probably no,"The four genes are the predictors, but their values are standardised against two different reference distributions: the cBioPortal study profile (..._Zscores) in the discovery cohort, and each cohort's own distribution in external validation. The same nominal predictor therefore enters on a different scale in the two cohorts. This is why the manuscript carries no absolute cross-cohort risk claim and reports the score only as a relative, within-cohort quantity (Sections 2.12 and 3.9)."
2 Predictors,2.2,Predictor assessment made without knowledge of outcome data,Yes,"Expression was measured by the depositing consortia independently of follow-up; no outcome information entered the assay, the standardisation or the gene values."
2 Predictors,2.3,All predictors available at the time the model is intended to be used,Yes,All four are bulk RNA-seq values available at diagnosis from the same specimen used for routine grading.
2 Predictors,JUDGEMENT,Domain 2 - Predictors,HIGH,Q2.1 is Probably no: the covariates are not on a common standardisation across the development and validation cohorts.
3 Outcome,3.1,Outcome determined appropriately,Yes,"Overall survival, taken from the clinical files of the two depositing studies."
3 Outcome,3.2,Prespecified or standard outcome definition used,Yes,"Death from any cause, measured from diagnosis; the same definition in both cohorts, requiring no adjudication by the investigators."
3 Outcome,3.3,Predictors excluded from the outcome definition,Yes,Gene expression plays no part in the survival endpoint.
3 Outcome,3.4,Outcome defined and determined in a similar way for all participants,Yes,"Identical definition, identical time origin, in both cohorts."
3 Outcome,3.5,Time to outcome or time of prediction appropriate,Yes,Prediction at diagnosis; follow-up is adequate in both cohorts (CGGA-325 median 130.2 months; TCGA-LGG 125 deaths among 510).
3 Outcome,3.6,"If outcome taken from existing records, were assessors blinded to predictors",Probably yes,"Deaths were recorded by the registry, not collected or adjudicated by the investigators, who had no contact with participants."
3 Outcome,JUDGEMENT,Domain 3 - Outcome,LOW,No signalling question answered No or Probably no.
4 Analysis,4.1,Reasonable number of participants with the outcome,Yes,"MRG-4: 125 deaths for 4 predictors, 31.2 events per variable. This signalling question is answered for the model the paper reports as its main result. The Model A comparator has 125 deaths for 25 predictors (5.0 events per variable), below the conventional minimum, but a comparator that is never used for prediction does not carry this domain; its EPV is reported with the comparison in Section 3.2 and Table 4 rather than folded into the rating here."
4 Analysis,4.2,Continuous and categorical predictors handled appropriately,Yes,"Expression standardised as described; the continuous score is additionally reported per SD of the discovery cohort, so that no hazard ratio depends on an arbitrary dichotomisation."
4 Analysis,4.3,All enrolled participants included in the analysis,Probably yes,510 of 514 TCGA patients and 172 of 325 CGGA patients; the two dropped TCGA patients and the 12 without survival time are identified individually in Supplementary Tables S21 and S22.
4 Analysis,4.4,Participants with missing data handled appropriately,Yes,"Complete-case analysis, with the derivation of every analysis set deposited per patient (Supplementary Tables S21 and S22) rather than described in prose only."
4 Analysis,4.5,Selection of predictors based on univariable analysis avoided,No,"Model A's 25 predictors were taken from a univariable screen at P < 0.05, and ten of the 25 then carry a coefficient opposite in sign to that screen (Table 4). MRG-4 is derived by LASSO with stability selection rather than by a univariable filter, but its candidate set still entered through the same screen. This is the study's clearest source of analysis bias and is reported as a result, not only as a caveat."
4 Analysis,4.6,Complexities in the data accounted for appropriately,Yes,"Censoring is handled by the Cox partial likelihood throughout and by the concordance, time-dependent AUC (inverse-probability-of-censoring weighted, censoring estimated in the cohort being evaluated) and RMST estimators in validation. Competing risks are not a complexity of this endpoint: overall survival is a single all-cause event, so by construction there is no competing event. No absolute-risk claim is made from the frozen model."
4 Analysis,4.7,Relevant model performance measures evaluated appropriately,Probably yes,"Discrimination was evaluated thoroughly (apparent, non-nested cross-validated, fully nested and external C-indices; time-dependent AUC with a patient-level paired bootstrap; RMST differences). Calibration and clinical utility were also evaluated: the calibration slope and the tertile calibration plot are in Figure 5C, the integrated Brier score in Figure 5D and Table 4, and net benefit and decision curves in Figure 5B, against a four-variable clinical model refitted in the same patients. The one comparison not made is against an externally published LGG model of these MRGs, for which no comparable published model existed; that is declared in the Limitations."
4 Analysis,4.8,"Overfitting, underfitting and optimism accounted for",Yes,"The apparent C-index, the cross-validated value and the fully nested value are reported separately and explicitly distinguished, and the internal comparison between the two models is declared uninformative rather than quoted as evidence."
4 Analysis,4.9,Predictors and weights correspond to the reported multivariable analysis,Yes,"The four coefficients are frozen from the multivariable fit and deposited (the four MRG-4 coefficients in Supplementary Table S17, the 25 Model A coefficients in Supplementary Table S12). For Model A the discrepancy between the archived score and a score rebuilt from the deposited coefficients is quantified rather than hidden (r = 0.9148; Supplementary Table S20)."
4 Analysis,JUDGEMENT,Domain 4 - Analysis,HIGH,Q4.5 No.
Overall,-,Overall risk of bias judgement,HIGH,"Two of the four domains are at high risk of bias (Predictors and Analysis). The overall assessment is therefore High. This is stated in the manuscript rather than left to the reader, and the consequences are quantified in the corresponding sections: the external comparison is the one to carry, and the absolute score is not transferable between platforms."
Overall,-,Applicability concern,LOW,"Participants (adult diffuse low-grade glioma), predictors (bulk RNA-seq at diagnosis) and outcome (overall survival) all match the intended clinical question. Applicability was therefore not judged to be a concern."
