time_months,H0_cumhaz,S0,is_event_time
0.032876352,0.0,1.0,True
0.065752704,0.0,1.0,True
0.098629056,0.0,1.0,True
0.131505408,0.0,1.0,True
0.16438176,0.0,1.0,True
0.197258112,0.0,1.0,True
0.230134464,0.0012108545311712753,0.99878987825738,True
0.263010816,0.0012108545311712753,0.99878987825738,True
0.32876352,0.0012108545311712753,0.99878987825738,True
0.460268929,0.0012108545311712753,0.99878987825738,True
0.493145281,0.0012108545311712753,0.99878987825738,True
0.558897985,0.0012108545311712753,0.99878987825738,True
0.756156097,0.002464941634996308,0.9975380938390347,True
1.216425026,0.0037221622280234736,0.9962847564310167,True
1.28217773,0.0037221622280234736,0.9962847564310167,True
1.643817602,0.0037221622280234736,0.9962847564310167,True
1.808199362,0.0037221622280234736,0.9962847564310167,True
1.906828418,0.0037221622280234736,0.9962847564310167,True
2.038333827,0.0037221622280234736,0.9962847564310167,True
2.071210179,0.0037221622280234736,0.9962847564310167,True
2.301344643,0.0037221622280234736,0.9962847564310167,True
2.367097347,0.0037221622280234736,0.9962847564310167,True
2.399973699,0.0037221622280234736,0.9962847564310167,True
2.432850051,0.0037221622280234736,0.9962847564310167,True
2.498602755,0.0037221622280234736,0.9962847564310167,True
2.531479107,0.0037221622280234736,0.9962847564310167,True
2.695860867,0.0037221622280234736,0.9962847564310167,True
2.761613571,0.0037221622280234736,0.9962847564310167,True
2.958871684,0.0037221622280234736,0.9962847564310167,True
3.156129796,0.005008268544015505,0.995004251922216,True
3.452016964,0.005008268544015505,0.995004251922216,True
3.649275076,0.006296207652257416,0.9937235719292536,True
3.682151429,0.006296207652257416,0.9937235719292536,True
3.715027781,0.007600076192398196,0.9924287313606034,True
3.747904133,0.007600076192398196,0.9924287313606034,True
4.010914949,0.007600076192398196,0.9924287313606034,True
4.405431173,0.007600076192398196,0.9924287313606034,True
4.569812934,0.007600076192398196,0.9924287313606034,True
5.030081862,0.007600076192398196,0.9924287313606034,True
5.095834566,0.008911907037774952,0.9911276863010673,True
5.325969031,0.010228367963816298,0.9898237638990962,True
5.457474439,0.010228367963816298,0.9898237638990962,True
5.556103495,0.010228367963816298,0.9898237638990962,True
5.720485255,0.010228367963816298,0.9898237638990962,True
5.851990663,0.011582166814575658,0.9884846482761954,True
5.884867015,0.011582166814575658,0.9884846482761954,True
5.983496071,0.011582166814575658,0.9884846482761954,True
6.049248775,0.011582166814575658,0.9884846482761954,True
6.246506888,0.011582166814575658,0.9884846482761954,True
6.378012296,0.012947999994399459,0.987135464735398,True
6.542394056,0.014319448453141101,0.9857825872366467,True
6.673899464,0.014319448453141101,0.9857825872366467,True
6.706775816,0.014319448453141101,0.9857825872366467,True
6.739652168,0.015697365083172248,0.9844251964165583,True
6.805404872,0.015697365083172248,0.9844251964165583,True
6.904033928,0.015697365083172248,0.9844251964165583,True
7.035539337,0.01709396216180315,0.983051310668835,True
7.495808265,0.018497553013265146,0.981672476728381,True
7.561560969,0.018497553013265146,0.981672476728381,True
7.594437321,0.018497553013265146,0.981672476728381,True
7.693066377,0.01991146098155948,0.9802854629772461,True
7.89032449,0.021330438331657237,0.9788954465428024,True
7.923200842,0.02275587338788808,0.977501088676303,True
7.956077194,0.024194425820220616,0.9760959130593072,True
7.988953546,0.024194425820220616,0.9760959130593072,True
8.05470625,0.025644076010988084,0.9746819405631032,True
8.186211658,0.025644076010988084,0.9746819405631032,True
8.449222474,0.025644076010988084,0.9746819405631032,True
8.843738699,0.02713076651894733,0.9732339667849231,True
9.008120459,0.02713076651894733,0.9732339667849231,True
9.172502219,0.02713076651894733,0.9732339667849231,True
9.402636683,0.02713076651894733,0.9732339667849231,True
9.435513036,0.02713076651894733,0.9732339667849231,True
9.599894796,0.02713076651894733,0.9732339667849231,True
9.895781964,0.02713076651894733,0.9732339667849231,True
10.29029819,0.02713076651894733,0.9732339667849231,True
10.35605089,0.02864987934407127,0.9717566369835612,True
10.38892725,0.030172294231543446,0.9702783457842079,True
10.4218036,0.030172294231543446,0.9702783457842079,True
10.52043265,0.030172294231543446,0.9702783457842079,True
10.71769077,0.030172294231543446,0.9702783457842079,True
10.78344347,0.030172294231543446,0.9702783457842079,True
10.94782523,0.030172294231543446,0.9702783457842079,True
11.04645429,0.030172294231543446,0.9702783457842079,True
11.07933064,0.030172294231543446,0.9702783457842079,True
11.2437124,0.030172294231543446,0.9702783457842079,True
11.27658875,0.030172294231543446,0.9702783457842079,True
11.40809416,0.031756084825811125,0.9687428443436729,True
11.47384686,0.03335361359165567,0.9671964852885359,True
11.53959957,0.03495848023206391,0.9656455088026782,True
11.63822862,0.036574594805714226,0.9640861753930388,True
12.0,0.036574594805714226,0.9640861753930388,False
12.09849755,0.036574594805714226,0.9640861753930388,True
12.23000296,0.03821799115371258,0.9625031008589869,True
12.42726107,0.039880666237462,0.9609041006124597,True
12.62451918,0.039880666237462,0.9609041006124597,True
12.75602459,0.041551916378519224,0.9592995306910963,True
12.98615906,0.041551916378519224,0.9592995306910963,True
13.08478811,0.04323161879675367,0.957689545476147,True
13.24916987,0.04323161879675367,0.957689545476147,True
13.31492258,0.04323161879675367,0.957689545476147,True
13.38067528,0.04323161879675367,0.957689545476147,True
13.41355163,0.04323161879675367,0.957689545476147,True
13.51218069,0.04323161879675367,0.957689545476147,True
13.61080975,0.04323161879675367,0.957689545476147,True
13.67656245,0.04323161879675367,0.957689545476147,True
13.7094388,0.04323161879675367,0.957689545476147,True
13.74231515,0.04323161879675367,0.957689545476147,True
13.77519151,0.04323161879675367,0.957689545476147,True
14.03820232,0.04323161879675367,0.957689545476147,True
14.07107867,0.04323161879675367,0.957689545476147,True
14.16970773,0.04323161879675367,0.957689545476147,True
14.23546043,0.04323161879675367,0.957689545476147,True
14.26833679,0.04323161879675367,0.957689545476147,True
14.30121314,0.04496667636795231,0.9560293396722296,True
14.39984219,0.046725233821296806,0.9543495845571619,True
14.5313476,0.046725233821296806,0.9543495845571619,True
14.56422395,0.046725233821296806,0.9543495845571619,True
14.59710031,0.048593280805241515,0.9525684788066591,True
14.76148207,0.048593280805241515,0.9525684788066591,True
14.82723477,0.048593280805241515,0.9525684788066591,True
14.92586383,0.048593280805241515,0.9525684788066591,True
14.95874018,0.048593280805241515,0.9525684788066591,True
14.99161653,0.0504799009983364,0.9507730380691602,True
15.02449288,0.0504799009983364,0.9507730380691602,True
15.05736923,0.0504799009983364,0.9507730380691602,True
15.15599829,0.0504799009983364,0.9507730380691602,True
15.32038005,0.05239042303984345,0.9489582993246413,True
15.3532564,0.05239042303984345,0.9489582993246413,True
15.48476181,0.05239042303984345,0.9489582993246413,True
15.71489628,0.05239042303984345,0.9489582993246413,True
15.84640168,0.05239042303984345,0.9489582993246413,True
15.97790709,0.05239042303984345,0.9489582993246413,True
16.01078344,0.05239042303984345,0.9489582993246413,True
16.14228885,0.05239042303984345,0.9489582993246413,True
16.1751652,0.05633967280984604,0.9452180164961399,True
16.24091791,0.05633967280984604,0.9452180164961399,True
16.33954696,0.05633967280984604,0.9452180164961399,True
16.43817602,0.05633967280984604,0.9452180164961399,True
16.50392872,0.05633967280984604,0.9452180164961399,True
16.53680508,0.05633967280984604,0.9452180164961399,True
16.70118684,0.05633967280984604,0.9452180164961399,True
16.73406319,0.05633967280984604,0.9452180164961399,True
16.83269224,0.058486076936653975,0.9431913724214731,True
16.9313213,0.058486076936653975,0.9431913724214731,True
16.96419765,0.058486076936653975,0.9431913724214731,True
17.16145577,0.058486076936653975,0.9431913724214731,True
17.19433212,0.058486076936653975,0.9431913724214731,True
17.29296117,0.058486076936653975,0.9431913724214731,True
17.42446658,0.058486076936653975,0.9431913724214731,True
17.45734293,0.06071905125067332,0.9410876000226638,True
17.49021929,0.06071905125067332,0.9410876000226638,True
17.52309564,0.06071905125067332,0.9410876000226638,True
17.65460105,0.06298411639186195,0.9389583876177763,True
17.6874774,0.06536753453815457,0.9367231220025816,True
17.81898281,0.06536753453815457,0.9367231220025816,True
17.88473551,0.06536753453815457,0.9367231220025816,True
17.98336457,0.06780526708285867,0.9344424225597562,True
18.01624092,0.06780526708285867,0.9344424225597562,True
18.37788079,0.07028031055713006,0.9321324967023633,True
18.44363349,0.07280741286089576,0.9297798764306203,True
18.5093862,0.07280741286089576,0.9297798764306203,True
18.54226255,0.07280741286089576,0.9297798764306203,True
18.60801526,0.07280741286089576,0.9297798764306203,True
18.64089161,0.07280741286089576,0.9297798764306203,True
18.70664431,0.07280741286089576,0.9297798764306203,True
18.77239702,0.07280741286089576,0.9297798764306203,True
18.83814972,0.07280741286089576,0.9297798764306203,True
18.93677878,0.07555742943176343,0.9272264789151082,True
19.00253148,0.07832572732469319,0.9246631894186896,True
19.13403689,0.07832572732469319,0.9246631894186896,True
19.19978959,0.07832572732469319,0.9246631894186896,True
19.23266594,0.07832572732469319,0.9246631894186896,True
19.331295,0.07832572732469319,0.9246631894186896,True
19.46280041,0.08115134060240438,0.9220541366562306,True
19.59430582,0.08115134060240438,0.9220541366562306,True
19.69293487,0.08115134060240438,0.9220541366562306,True
19.85731663,0.08115134060240438,0.9220541366562306,True
19.89019298,0.08412998464594387,0.9193117519158539,True
19.95594569,0.08713892475458421,0.916549755338173,True
19.98882204,0.08713892475458421,0.916549755338173,True
20.02169839,0.08713892475458421,0.916549755338173,True
20.0874511,0.08713892475458421,0.916549755338173,True
20.21895651,0.08713892475458421,0.916549755338173,True
20.44909097,0.08713892475458421,0.916549755338173,True
20.48196732,0.08713892475458421,0.916549755338173,True
20.61347273,0.08713892475458421,0.916549755338173,True
20.67922543,0.08713892475458421,0.916549755338173,True
20.71210179,0.08713892475458421,0.916549755338173,True
20.81073084,0.08713892475458421,0.916549755338173,True
20.9751126,0.08713892475458421,0.916549755338173,True
21.00798895,0.09033807998960157,0.9136222556500192,True
21.30387612,0.09684113854862478,0.9077001932501954,True
21.36962883,0.09684113854862478,0.9077001932501954,True
21.40250518,0.09684113854862478,0.9077001932501954,True
21.53401059,0.09684113854862478,0.9077001932501954,True
21.56688694,0.09684113854862478,0.9077001932501954,True
22.06003222,0.09684113854862478,0.9077001932501954,True
22.25729033,0.09684113854862478,0.9077001932501954,True
22.29016668,0.09684113854862478,0.9077001932501954,True
22.42167209,0.10029951909727884,0.9045664425325202,True
22.52030115,0.10029951909727884,0.9045664425325202,True
22.5531775,0.10029951909727884,0.9045664425325202,True
23.17782819,0.10029951909727884,0.9045664425325202,True
23.21070454,0.10029951909727884,0.9045664425325202,True
23.3093336,0.10379704496192357,0.9014082241980859,True
23.47371536,0.10379704496192357,0.9014082241980859,True
23.50659171,0.10379704496192357,0.9014082241980859,True
23.60522077,0.10379704496192357,0.9014082241980859,True
23.70384982,0.10379704496192357,0.9014082241980859,True
23.73672617,0.107368373758233,0.8981947406684111,True
23.80247888,0.107368373758233,0.8981947406684111,True
23.90110793,0.11099431308784406,0.8949438383815528,True
24.0,0.11099431308784406,0.8949438383815528,False
24.16411875,0.11099431308784406,0.8949438383815528,True
24.1969951,0.11099431308784406,0.8949438383815528,True
24.26274781,0.11099431308784406,0.8949438383815528,True
24.39425321,0.1147627345554433,0.8915776593828927,True
24.42712957,0.1147627345554433,0.8915776593828927,True
24.59151133,0.1147627345554433,0.8915776593828927,True
24.78876944,0.1147627345554433,0.8915776593828927,True
24.92027485,0.11865738722133384,0.8881120271724426,True
24.98602755,0.11865738722133384,0.8881120271724426,True
25.38054378,0.11865738722133384,0.8881120271724426,True
25.47917283,0.12661680570488826,0.8810712293867965,True
25.54492554,0.12661680570488826,0.8810712293867965,True
25.80793635,0.12661680570488826,0.8810712293867965,True
25.87368906,0.12661680570488826,0.8810712293867965,True
25.90656541,0.13075457797367354,0.8774330893752034,True
26.03807082,0.13075457797367354,0.8774330893752034,True
26.13669987,0.13075457797367354,0.8774330893752034,True
26.16957622,0.13075457797367354,0.8774330893752034,True
26.30108163,0.13075457797367354,0.8774330893752034,True
26.46546339,0.13075457797367354,0.8774330893752034,True
26.76135056,0.1391966225625705,0.8700569388138688,True
26.92573232,0.14359928443592662,0.8662347922849603,True
26.99148503,0.1481079226000087,0.8623380441561034,True
27.15586679,0.1481079226000087,0.8623380441561034,True
27.3531249,0.1481079226000087,0.8623380441561034,True
27.45175395,0.1481079226000087,0.8623380441561034,True
27.51750666,0.1481079226000087,0.8623380441561034,True
27.81339383,0.1481079226000087,0.8623380441561034,True
28.07640464,0.1481079226000087,0.8623380441561034,True
28.27366275,0.1481079226000087,0.8623380441561034,True
28.33941546,0.1481079226000087,0.8623380441561034,True
28.37229181,0.1481079226000087,0.8623380441561034,True
28.53667357,0.1481079226000087,0.8623380441561034,True
28.86543709,0.1481079226000087,0.8623380441561034,True
29.12844791,0.15294144572414306,0.8581799704469677,True
29.22707696,0.15294144572414306,0.8581799704469677,True
29.58871684,0.15294144572414306,0.8581799704469677,True
29.85172765,0.15294144572414306,0.8581799704469677,True
30.04898577,0.15294144572414306,0.8581799704469677,True
30.11473847,0.15294144572414306,0.8581799704469677,True
30.21336753,0.15795045947403621,0.8538920831835781,True
30.44350199,0.15795045947403621,0.8538920831835781,True
30.67363645,0.16312483850575651,0.849485133340141,True
30.73938916,0.16312483850575651,0.849485133340141,True
30.87089457,0.16312483850575651,0.849485133340141,True
31.10102903,0.16312483850575651,0.849485133340141,True
31.19965809,0.16312483850575651,0.849485133340141,True
31.36403985,0.16841970281929564,0.844999111741256,True
31.3969162,0.16841970281929564,0.844999111741256,True
31.42979255,0.16841970281929564,0.844999111741256,True
31.59417431,0.1738148433516476,0.8404524986204546,True
31.62705066,0.17928522041685443,0.8358674589295363,True
31.69280337,0.17928522041685443,0.8358674589295363,True
31.82430878,0.17928522041685443,0.8358674589295363,True
32.35033041,0.18492676654466905,0.8311651507192908,True
32.44895946,0.1905760012708384,0.8264829415881462,True
32.61334122,0.1905760012708384,0.8264829415881462,True
32.64621758,0.1905760012708384,0.8264829415881462,True
33.00785745,0.1905760012708384,0.8264829415881462,True
33.23799191,0.19649157294659325,0.8216082550027247,True
33.27086826,0.19649157294659325,0.8216082550027247,True
33.56675543,0.19649157294659325,0.8216082550027247,True
33.73113719,0.19649157294659325,0.8216082550027247,True
33.92839531,0.19649157294659325,0.8216082550027247,True
33.96127166,0.2025872902160038,0.8166151969699517,True
34.19140612,0.2025872902160038,0.8166151969699517,True
34.78318046,0.2025872902160038,0.8166151969699517,True
35.14482033,0.2025872902160038,0.8166151969699517,True
35.3749548,0.2025872902160038,0.8166151969699517,True
35.4407075,0.2025872902160038,0.8166151969699517,True
35.47358385,0.2025872902160038,0.8166151969699517,True
36.0,0.2025872902160038,0.8166151969699517,False
36.13111089,0.2025872902160038,0.8166151969699517,True
36.36124536,0.20909719220498796,0.8113163781835698,True
36.55850347,0.20909719220498796,0.8113163781835698,True
36.65713253,0.20909719220498796,0.8113163781835698,True
36.69000888,0.20909719220498796,0.8113163781835698,True
36.82151429,0.2226477048369126,0.8003967755435861,True
37.05164875,0.2226477048369126,0.8003967755435861,True
37.15027781,0.2226477048369126,0.8003967755435861,True
37.38041227,0.229590698321358,0.7948588730029158,True
37.44616497,0.229590698321358,0.7948588730029158,True
37.70917579,0.229590698321358,0.7948588730029158,True
37.87355755,0.23674164917347096,0.7891951509019317,True
38.26807378,0.23674164917347096,0.7891951509019317,True
38.56396094,0.23674164917347096,0.7891951509019317,True
38.89272446,0.24405457655108828,0.783444875376791,True
39.08998258,0.24405457655108828,0.783444875376791,True
39.15573528,0.24405457655108828,0.783444875376791,True
39.4844988,0.24405457655108828,0.783444875376791,True
39.74750962,0.25157235391526417,0.7775771948199102,True
39.78038597,0.25157235391526417,0.7775771948199102,True
39.87901502,0.25157235391526417,0.7775771948199102,True
40.01052043,0.25157235391526417,0.7775771948199102,True
40.07627314,0.25157235391526417,0.7775771948199102,True
40.10914949,0.2592929466236576,0.7715969532098557,True
40.17490219,0.2592929466236576,0.7715969532098557,True
40.33928395,0.2592929466236576,0.7715969532098557,True
40.40503666,0.2592929466236576,0.7715969532098557,True
40.63517112,0.2592929466236576,0.7715969532098557,True
40.83242923,0.2672057256697497,0.7655155690616366,True
40.93105829,0.2672057256697497,0.7655155690616366,True
41.09544005,0.2672057256697497,0.7655155690616366,True
41.1283164,0.2753182823498356,0.7593304032943532,True
41.32557451,0.2753182823498356,0.7593304032943532,True
41.48995627,0.28362978085262214,0.7530453849258734,True
41.98310156,0.28362978085262214,0.7530453849258734,True
42.04885426,0.28362978085262214,0.7530453849258734,True
42.54199954,0.28362978085262214,0.7530453849258734,True
42.73925765,0.28362978085262214,0.7530453849258734,True
42.772134,0.28362978085262214,0.7530453849258734,True
43.19952658,0.28362978085262214,0.7530453849258734,True
43.39678469,0.28362978085262214,0.7530453849258734,True
43.88992997,0.2923333608314531,0.7465196340826776,True
43.95568268,0.2923333608314531,0.7465196340826776,True
44.02143538,0.30121313556771934,0.7399200526589341,True
44.08718809,0.30121313556771934,0.7399200526589341,True
44.41595161,0.3102305845010319,0.7332778542207548,True
44.51458066,0.3102305845010319,0.7332778542207548,True
44.67896242,0.3102305845010319,0.7332778542207548,True
45.43511852,0.3102305845010319,0.7332778542207548,True
45.59950028,0.3102305845010319,0.7332778542207548,True
45.79675839,0.3102305845010319,0.7332778542207548,True
45.9282638,0.3102305845010319,0.7332778542207548,True
45.9940165,0.3102305845010319,0.7332778542207548,True
46.05976921,0.31961122228278227,0.7264314025238253,True
46.42140908,0.31961122228278227,0.7264314025238253,True
46.71729625,0.31961122228278227,0.7264314025238253,True
46.88167801,0.31961122228278227,0.7264314025238253,True
46.94743071,0.31961122228278227,0.7264314025238253,True
47.76933951,0.31961122228278227,0.7264314025238253,True
47.93372127,0.31961122228278227,0.7264314025238253,True
48.0,0.31961122228278227,0.7264314025238253,False
48.29536115,0.31961122228278227,0.7264314025238253,True
48.3282375,0.31961122228278227,0.7264314025238253,True
48.68987737,0.3297184461320993,0.7191261776879438,True
49.01864089,0.34000704570063045,0.7117653078596646,True
49.11726995,0.34000704570063045,0.7117653078596646,True
49.31452806,0.34000704570063045,0.7117653078596646,True
49.93917875,0.34000704570063045,0.7117653078596646,True
50.13643686,0.35063043814041955,0.7042439674803642,True
50.62958214,0.35063043814041955,0.7042439674803642,True
50.85971661,0.3615023068230148,0.6966289890738572,True
51.05697472,0.3615023068230148,0.6966289890738572,True
51.51724365,0.3615023068230148,0.6966289890738572,True
51.55012,0.3615023068230148,0.6966289890738572,True
51.87888352,0.37305385159817545,0.6886281481191041,True
52.10901798,0.3851312635717232,0.6803613236855665,True
52.20764704,0.3851312635717232,0.6803613236855665,True
53.62133018,0.3851312635717232,0.6803613236855665,True
54.24598087,0.3851312635717232,0.6803613236855665,True
54.7720025,0.3984689062886918,0.6713471549420321,True
56.08705658,0.3984689062886918,0.6713471549420321,True
56.58020186,0.3984689062886918,0.6713471549420321,True
57.59936877,0.3984689062886918,0.6713471549420321,True
57.92813229,0.41564046932728627,0.6599174884168184,True
59.04592826,0.41564046932728627,0.6599174884168184,True
60.0,0.41564046932728627,0.6599174884168184,False
60.09797153,0.41564046932728627,0.6599174884168184,True
60.29522964,0.41564046932728627,0.6599174884168184,True
61.41302561,0.41564046932728627,0.6599174884168184,True
62.00479995,0.4337260466205529,0.6480897775526009,True
62.16918171,0.4520136930455443,0.6363454561581164,True
62.95821416,0.47056694454165204,0.6246480270852229,True
63.54998849,0.4895560922874308,0.6128984041349087,True
63.87875201,0.4895560922874308,0.6128984041349087,True
64.60729543,0.4895560922874308,0.6128984041349087,True
65.39106421,0.4895560922874308,0.6128984041349087,True
65.75270408,0.5105033903693919,0.600193371191614,True
67.46227439,0.5318149132023424,0.587537671567603,True
68.31705954,0.5318149132023424,0.587537671567603,True
69.27047375,0.5318149132023424,0.587537671567603,True
72.0,0.5318149132023424,0.587537671567603,False
72.91974883,0.5318149132023424,0.587537671567603,True
72.95262518,0.5318149132023424,0.587537671567603,True
73.47864681,0.5548149840023853,0.5741784835746608,True
75.02383536,0.5781740007128738,0.560921674579133,True
75.15534076,0.6021854481104163,0.547613546399238,True
75.18821712,0.6021854481104163,0.547613546399238,True
75.25396982,0.6021854481104163,0.547613546399238,True
78.2128415,0.6293409671708825,0.5329429121724639,True
78.27859421,0.6293409671708825,0.5329429121724639,True
79.98816451,0.6572830679699808,0.5182574937917693,True
81.96074564,0.6572830679699808,0.5182574937917693,True
84.0,0.6572830679699808,0.5182574937917693,False
84.32784298,0.6572830679699808,0.5182574937917693,True
84.98537002,0.6572830679699808,0.5182574937917693,True
85.54426801,0.6572830679699808,0.5182574937917693,True
87.12233291,0.6572830679699808,0.5182574937917693,True
87.45109643,0.6901424126727689,0.5015046433635463,True
88.83190321,0.6901424126727689,0.5015046433635463,True
90.77160798,0.6901424126727689,0.5015046433635463,True
91.13324786,0.6901424126727689,0.5015046433635463,True
93.20445803,0.7258473217348591,0.4839143640336756,True
94.02636683,0.7258473217348591,0.4839143640336756,True
94.322254,0.7258473217348591,0.4839143640336756,True
94.51951212,0.7658482134855759,0.46493939580744403,True
95.11128645,0.7658482134855759,0.46493939580744403,True
95.57155538,0.8082360777581121,0.4456434537380489,True
95.93319525,0.8082360777581121,0.4456434537380489,True
96.0,0.8096266384908805,0.4450241901120933,False
98.2345399,0.8561392508536821,0.4247989627249347,True
98.62905612,0.8561392508536821,0.4247989627249347,True
99.0564487,0.8561392508536821,0.4247989627249347,True
105.2043265,0.9101203276100305,0.40247579216968227,True
106.9467732,0.9101203276100305,0.40247579216968227,True
114.0809416,0.969876587528385,0.3791298245650355,True
117.4014531,1.0333526823949095,0.3558120338417836,True
117.5000822,1.0333526823949095,0.3558120338417836,True
120.0,1.0333526823949095,0.3558120338417836,False
122.4644114,1.0333526823949095,0.3558120338417836,True
122.7274222,1.0333526823949095,0.3558120338417836,True
123.64796,1.0333526823949095,0.3558120338417836,True
130.7821284,1.11489251893224,0.3279505254780355,True
133.7410001,1.200636315079398,0.30100261845670206,True
134.2670217,1.3242748235625281,0.2659957830391106,True
135.2204359,1.3242748235625281,0.2659957830391106,True
139.0340928,1.4807761950279208,0.22746106569761487,True
145.0504652,1.6604404751854238,0.1900552470415254,True
146.1353848,1.8583404434923276,0.1559311923845869,True
154.3544728,2.0725671926208693,0.1258622539540979,True
156.2284249,2.0725671926208693,0.1258622539540979,True
169.8392346,2.35822941280206,0.09458755052481922,True
172.76523,2.35822941280206,0.09458755052481922,True
182.3322484,2.35822941280206,0.09458755052481922,True
211.1648092,2.35822941280206,0.09458755052481922,True
