Gene,Multivariate_coefficient_ridge_L2,HR,HR_95CI_low,HR_95CI_high,P,Univariate_HR_TableS1,Sign_flip_vs_univariate
KIF15,0.520411,1.6827,1.2256,2.3104,0.0012921604388780965,1.4438,False
CHAF1A,0.642064,1.9004,1.1741,3.0759,0.008964071226635515,1.4055,False
PDGFA,0.240335,1.2717,1.0448,1.5479,0.01654750685460236,1.6085,False
PPFIA1,0.186457,1.205,1.0241,1.4178,0.024632729706127246,1.2451,False
WDR19,0.326369,1.3859,1.0318,1.8617,0.03018018067137398,1.4755,False
PPM1M,0.287937,1.3337,1.0036,1.7723,0.047171607824496205,1.5715,False
ASF1B,-0.524298,0.592,0.3492,1.0036,0.05158208154856843,1.4013,True
LOXL3,0.258329,1.2948,0.991,1.6916,0.058232804976570886,1.7953,False
RALGPS1,-0.261306,0.77,0.5604,1.0581,0.10704874255667585,0.6337,False
GALNT2,-0.19549,0.8224,0.6356,1.0643,0.13715783341105517,1.393,True
MXRA8,0.183043,1.2009,0.9405,1.5333,0.1421179424270403,1.4751,False
OSGIN2,-0.170634,0.8431,0.6379,1.1143,0.23045856902882486,0.6751,False
BMP1,0.154068,1.1666,0.9053,1.5032,0.23366291434473638,1.6359,False
HSPA4L,0.137833,1.1478,0.8882,1.4833,0.2921278380635104,1.3274,False
TLR8,0.108831,1.115,0.8883,1.3995,0.3480552687283488,1.3028,False
POLM,-0.123483,0.8838,0.681,1.1471,0.35320292002163456,1.4337,True
EPS8,0.105925,1.1117,0.8816,1.4019,0.37067744365660993,1.4563,False
PALLD,-0.109798,0.896,0.7023,1.1432,0.37707074638665683,1.4594,True
MCM5,-0.131265,0.877,0.6304,1.2199,0.4356895876343755,1.4847,True
LIG1,-0.121191,0.8859,0.6415,1.2233,0.4617249916048921,1.4999,True
RUSC2,0.106591,1.1125,0.8189,1.5113,0.4952710612305249,0.6471,True
KIF24,-0.111806,0.8942,0.6442,1.2413,0.5040646457292831,1.3995,True
SLC7A1,-0.04633,0.9547,0.7372,1.2365,0.7254788968475303,0.6479,False
CALCRL,0.011742,1.0118,0.7599,1.3472,0.9359279708305376,0.6083,True
TAF12,-0.010778,0.9893,0.7485,1.3074,0.9396145387778523,1.446,True
