Patient_ID,ModelA_score_25gene_cohort_z,OS_months,Death,Age,Sex,IDH_status,WHO_grade
CGGA_1409,-1.9970087980997289,89.59342915811088,0.0,24,Female,Mutant,WHO IV
CGGA_607,-1.839990739362063,45.634496919917865,0.0,25,Male,Mutant,WHO II
CGGA_D21,-1.7567624183597692,39.68788501026694,1.0,37,Female,Mutant,WHO III
CGGA_909,-1.7443923645014658,128.78850102669404,0.0,39,Female,Mutant,WHO II
CGGA_1031,-1.7255182928395267,80.72279260780287,1.0,31,Female,Mutant,WHO II
CGGA_856,-1.6880555368948844,42.61190965092403,0.0,53,Male,Mutant,WHO II
CGGA_267,-1.6823489791205577,45.14168377823409,1.0,36,Male,Mutant,WHO II
CGGA_675,-1.5907246177220449,138.31622176591375,0.0,23,Female,Mutant,WHO II
CGGA_591,-1.5752515294558438,54.340862422997944,1.0,50,Female,Mutant,WHO III
CGGA_446,-1.549794449832373,148.10677618069815,0.0,35,Female,Mutant,WHO II
CGGA_D52,-1.5121893912774609,115.94250513347022,0.0,46,Male,Mutant,WHO III
CGGA_871,-1.44243284307561,130.23408624229978,0.0,37,Male,Mutant,WHO II
CGGA_904,-1.4238854493854811,25.429158110882955,1.0,33,Male,Mutant,WHO II
CGGA_502,-1.4143295686331443,145.01848049281315,0.0,39,Male,Mutant,WHO II
CGGA_D45,-1.403269257345349,28.123203285420946,0.0,32,Male,Mutant,WHO III
CGGA_D40,-1.3484922622790343,116.8624229979466,0.0,44,Male,Mutant,WHO II
CGGA_884,-1.3396326844724096,37.15811088295688,1.0,48,Female,Mutant,WHO II
CGGA_908,-1.3249481412139936,80.03285420944559,1.0,35,Male,Mutant,WHO II
CGGA_261,-1.3248708925990569,135.68788501026694,0.0,27,Male,Mutant,WHO II
CGGA_902,-1.3025834156671163,6.3408624229979464,1.0,54,Male,Wildtype,WHO IV
CGGA_256,-1.286001229634663,5.190965092402464,0.0,39,Male,Mutant,WHO II
CGGA_892,-1.2853915132661626,14.718685831622176,0.0,34,Male,Mutant,WHO II
CGGA_314,-1.2806735493300174,84.36960985626284,1.0,39,Male,Mutant,WHO III
CGGA_D27,-1.2753070052301432,119.91786447638604,0.0,33,Male,Mutant,WHO III
CGGA_485,-1.2673967988024488,80.06570841889118,0.0,31,Male,Mutant,WHO II
CGGA_D24,-1.261343022146544,27.498973305954827,1.0,37,Female,Mutant,WHO III
CGGA_243,-1.256392712358431,97.8069815195072,0.0,30,Female,Mutant,WHO II
CGGA_835,-1.248116624602619,16.985626283367555,0.0,31,Male,Mutant,WHO II
CGGA_760,-1.2328724996247025,135.03080082135523,0.0,34,Female,Mutant,WHO II
CGGA_843,-1.224276654044678,131.5811088295688,0.0,29,Male,Mutant,WHO II
CGGA_1046,-1.2226069796460026,116.9281314168378,0.0,21,Male,,WHO II
CGGA_D04,-1.2102204895668531,121.46201232032854,0.0,37,Male,Mutant,WHO II
CGGA_1005,-1.2060960479132323,125.3388090349076,0.0,41,Female,Mutant,WHO II
CGGA_493,-1.2029910385644316,78.25872689938399,1.0,32,Female,Mutant,WHO II
CGGA_252,-1.1826678263107997,5.420944558521561,0.0,24,Female,Mutant,WHO II
CGGA_254,-1.1801725065942128,157.47022587268995,0.0,38,Male,Mutant,WHO II
CGGA_818,-1.1565487334327689,132.30390143737165,0.0,46,Male,Mutant,WHO II
CGGA_785,-1.148280610217734,115.5482546201232,1.0,43,Male,Mutant,WHO II
CGGA_J030,-1.1465606027101043,111.34291581108828,0.0,38,Male,Mutant,WHO II
CGGA_501,-1.1451674185760037,145.44558521560575,0.0,40,Male,Mutant,WHO II
CGGA_560,-1.1303331884502492,143.04722792607802,0.0,43,Male,Mutant,WHO III
CGGA_642,-1.121172386165476,139.5975359342916,0.0,29,Male,Mutant,WHO II
CGGA_276,-1.1101190876224214,17.37987679671458,0.0,44,Male,Mutant,WHO II
CGGA_488,-1.1093415817934176,14.291581108829568,1.0,23,Male,Wildtype,WHO III
CGGA_1384,-1.1072327134466249,6.275154004106776,1.0,39,Female,Mutant,WHO IV
CGGA_1061,-1.0966037013782124,17.478439425051334,1.0,43,Female,Mutant,WHO III
CGGA_479,-1.094362147086955,146.03696098562628,0.0,36,Female,Mutant,WHO II
CGGA_J024,-1.0926245722297423,112.0328542094456,0.0,29,Female,Mutant,WHO II
CGGA_630,-1.0782746732694404,141.27310061601642,0.0,43,Male,Mutant,WHO III
CGGA_638,-1.076212696953099,78.39014373716633,0.0,42,Male,Mutant,WHO II
CGGA_510,-1.073377246719413,144.6570841889117,0.0,42,Male,Mutant,WHO III
CGGA_822,-1.071432494220263,73.49486652977413,1.0,46,Male,Mutant,WHO IV
CGGA_1013,-1.0660376820361954,56.6735112936345,1.0,38,Female,Mutant,WHO II
CGGA_491,-1.055877733111284,35.285420944558524,1.0,36,Female,Mutant,WHO IV
CGGA_762,-1.0543175886719474,134.86652977412732,0.0,40,Female,Mutant,WHO II
CGGA_490,-1.038246946173868,124.97741273100615,0.0,37,Female,Mutant,WHO III
CGGA_1189,-1.035855465679517,101.25667351129364,0.0,34,Female,Mutant,WHO III
CGGA_725,-1.030070583495284,136.24640657084188,0.0,58,Male,Mutant,WHO II
CGGA_1215,-1.0232672438376789,0.9527720739219712,1.0,37,Male,Mutant,WHO III
CGGA_662,-1.01815373792554,9.3305954825462,1.0,59,Female,Mutant,WHO II
CGGA_1072,-1.0112448511039946,35.81108829568789,1.0,26,Male,Wildtype,WHO IV
CGGA_757,-1.0090823726980689,34.39835728952772,1.0,45,Male,Mutant,WHO II
CGGA_601,-1.0048263102908384,37.223819301848046,1.0,36,Male,Mutant,WHO II
CGGA_283,-1.0039625476043974,114.00410677618068,1.0,47,Female,Mutant,WHO II
CGGA_1287,-0.9983692391951636,17.51129363449692,1.0,29,Male,Mutant,WHO IV
CGGA_273,-0.9954437263142872,86.57084188911705,1.0,35,Female,Mutant,WHO II
CGGA_641,-0.9943876027928632,112.06570841889118,1.0,51,Female,Mutant,WHO III
CGGA_685,-0.990525934119296,106.41478439425052,1.0,20,Female,Mutant,WHO II
CGGA_633,-0.9689316302049692,59.53182751540041,1.0,56,Female,Wildtype,WHO II
CGGA_700,-0.9626986212308162,5.585215605749487,0.0,24,Female,Mutant,WHO IV
CGGA_D15,-0.954418920051132,120.54209445585217,0.0,38,Female,Mutant,WHO II
CGGA_551,-0.9450349315065428,143.3429158110883,0.0,44,Male,Mutant,WHO II
CGGA_458,-0.9360539054566775,13.765913757700206,1.0,51,Male,Mutant,WHO II
CGGA_864,-0.934953989569924,130.6611909650924,0.0,34,Male,Mutant,WHO II
CGGA_655,-0.9312837118236488,139.00616016427105,0.0,35,Male,Mutant,WHO II
CGGA_1292,-0.903217374627485,95.31006160164272,0.0,17,Male,Wildtype,WHO III
CGGA_898,-0.8958355300226093,54.63655030800821,1.0,38,Male,Mutant,WHO II
CGGA_580,-0.8730808926558938,45.79876796714579,1.0,43,Male,Mutant,WHO II
CGGA_1388,-0.8726961149772187,15.93429158110883,1.0,37,Male,Mutant,WHO III
CGGA_235,-0.8672981725611864,76.8788501026694,1.0,24,Male,Mutant,WHO II
CGGA_272,-0.866944388593833,7.129363449691992,1.0,51,Male,Wildtype,WHO IV
CGGA_812,-0.8656184821955079,132.56673511293636,0.0,27,Male,Mutant,WHO II
CGGA_1020,-0.8584006238134231,36.79671457905544,1.0,38,Female,Mutant,WHO II
CGGA_1034,-0.8358549456120646,24.739219712525667,1.0,23,Male,Wildtype,WHO III
CGGA_J023,-0.8350573002720558,33.7741273100616,1.0,36,Male,Mutant,WHO III
CGGA_838,-0.8336653058561417,131.7782340862423,0.0,36,Female,Mutant,WHO II
CGGA_598,-0.8270521229315431,120.80492813141684,1.0,61,Female,Mutant,WHO III
CGGA_893,-0.8246791903049775,103.81930184804928,1.0,36,Female,Mutant,WHO II
CGGA_1330,-0.8239129039806333,93.50308008213553,0.0,47,Male,Mutant,WHO II
CGGA_694,-0.8176503455637296,39.227926078028744,1.0,34,Male,Mutant,WHO II
CGGA_1118,-0.8143441463881933,13.075975359342916,1.0,31,Male,Mutant,WHO III
CGGA_543,-0.8003232522967997,143.60574948665297,0.0,43,Male,Mutant,WHO II
CGGA_J130,-0.7974119357195874,102.37371663244352,0.0,40,Male,Wildtype,WHO II
CGGA_689,-0.7688496681886132,137.7905544147844,0.0,36,Female,Mutant,WHO II
CGGA_1322,-0.755045552309441,8.31211498973306,1.0,10,Male,Mutant,WHO III
CGGA_858,-0.7536336994704274,130.8911704312115,0.0,42,Male,Mutant,WHO II
CGGA_766,-0.7517728930488924,134.80082135523614,0.0,32,Male,Mutant,WHO II
CGGA_698,-0.7480372802030282,60.813141683778234,1.0,61,Female,Mutant,WHO II
CGGA_D20,-0.7383410030533682,77.7659137577002,1.0,40,Female,Mutant,WHO II
CGGA_D07,-0.7370639590107705,121.26488706365502,0.0,36,Male,Mutant,WHO II
CGGA_643,-0.7337531978135704,10.874743326488709,1.0,56,Male,Wildtype,WHO III
CGGA_D47,-0.7249888932118317,34.431211498973305,1.0,36,Male,Mutant,WHO II
CGGA_1374,-0.7099208312059659,4.632443531827516,1.0,22,Male,Mutant,WHO III
CGGA_337,-0.7051599354009542,33.1170431211499,1.0,50,Female,Mutant,WHO III
CGGA_D29,-0.6756526672291201,119.68788501026694,0.0,36,Male,Mutant,WHO II
CGGA_D33,-0.6669118696091015,3.811088295687885,1.0,38,Male,Mutant,WHO III
CGGA_671,-0.6493630128208447,138.4804928131417,0.0,36,Female,Mutant,WHO II
CGGA_1146,-0.646273120293176,82.06981519507187,0.0,35,Male,Mutant,WHO III
CGGA_599,-0.6332586974580513,13.73305954825462,1.0,66,Female,Wildtype,WHO III
CGGA_D48,-0.6247400342461961,7.260780287474333,1.0,23,Female,Mutant,WHO III
CGGA_905,-0.6238269585711687,104.27926078028749,1.0,46,Male,Mutant,WHO II
CGGA_1450,-0.6128580534665736,31.44147843942505,1.0,37,Male,Mutant,WHO IV
CGGA_300,-0.612255588691913,72.24640657084188,1.0,35,Female,Mutant,WHO II
CGGA_D58,-0.6115577051372861,5.946611909650924,1.0,24,Male,Wildtype,WHO III
CGGA_374,-0.6083359646101879,16.197125256673512,1.0,37,Male,Mutant,WHO IV
CGGA_1105,-0.5968601681328091,20.008213552361397,1.0,29,Male,Mutant,WHO IV
CGGA_669,-0.5851759318699951,19.942505133470227,1.0,56,Female,Wildtype,WHO IV
CGGA_241,-0.5841541458989862,157.9958932238193,0.0,34,Male,Mutant,WHO II
CGGA_1381,-0.580607262789816,1.51129363449692,1.0,36,Female,Mutant,WHO IV
CGGA_635,-0.580419754361727,140.05749486652977,0.0,45,Male,Mutant,WHO II
CGGA_704,-0.567332616085972,84.50102669404518,1.0,36,Male,Mutant,WHO II
CGGA_1219,-0.5650585456720395,69.65092402464066,1.0,57,Female,Mutant,WHO IV
CGGA_1412,-0.561216069245838,9.724845995893224,1.0,48,Female,Mutant,WHO IV
CGGA_1246,-0.534318758125554,97.64271047227926,0.0,53,Male,Mutant,WHO III
CGGA_1006,-0.5161434833960457,8.344969199178644,1.0,42,Male,Wildtype,WHO III
CGGA_715,-0.5080863528374423,112.65708418891172,0.0,43,Male,Mutant,WHO II
CGGA_773,-0.5070892895257951,14.55441478439425,1.0,51,Female,Mutant,WHO IV
CGGA_1281,-0.505829049224882,95.5728952772074,0.0,45,Male,Wildtype,WHO III
CGGA_738,-0.5045145330080254,135.75359342915812,0.0,43,Male,Mutant,WHO II
CGGA_1027,-0.4944104114900088,88.31211498973306,0.0,37,Male,Mutant,WHO III
CGGA_541,-0.4801887567523099,143.7700205338809,0.0,36,Female,Wildtype,WHO II
CGGA_494,-0.4713272545376011,145.70841889117042,0.0,58,Female,Wildtype,WHO IV
CGGA_400,-0.4545873621846212,43.40041067761807,1.0,38,Female,Mutant,WHO III
CGGA_1394,-0.4476699425142147,4.566735112936345,1.0,37,Male,Mutant,WHO IV
CGGA_251,-0.4417571681243256,42.6776180698152,0.0,45,Male,Mutant,WHO II
CGGA_545,-0.4391108297474972,18.234086242299796,1.0,38,Female,Mutant,WHO IV
CGGA_1324,-0.4339421260811786,27.860369609856264,1.0,42,Male,Mutant,WHO IV
CGGA_236,-0.4025633173494772,23.195071868583163,0.0,47,Male,Mutant,WHO II
CGGA_807,-0.4004116904680713,132.73100616016427,0.0,42,Male,Wildtype,WHO II
CGGA_1190,-0.3805167260315422,101.25667351129364,0.0,45,Female,Mutant,WHO III
CGGA_603,-0.3784956991155225,5.519507186858316,0.0,32,Male,Mutant,WHO III
CGGA_323,-0.3652113829451978,142.5215605749487,0.0,48,Female,Wildtype,WHO II
CGGA_J042,-0.3618473690087189,46.29158110882957,1.0,38,Male,Mutant,WHO II
CGGA_1218,-0.3592497713289574,9.396303901437372,1.0,53,Male,Wildtype,WHO IV
CGGA_565,-0.3466615508432074,118.43942505133472,0.0,51,Male,Wildtype,WHO III
CGGA_666,-0.332991788879013,82.10266940451746,1.0,45,Female,Mutant,WHO II
CGGA_1059,-0.315281509143556,0.6899383983572895,1.0,54,Female,Mutant,WHO II
CGGA_333,-0.3099279310116208,58.57905544147844,0.0,40,Male,Mutant,WHO II
CGGA_D44,-0.2627142202472063,10.283367556468171,1.0,18,Female,Wildtype,WHO III
CGGA_659,-0.2561510834313202,23.98357289527721,0.0,50,Female,Wildtype,WHO II
CGGA_796,-0.2225264314136508,18.365503080082135,0.0,60,Male,Wildtype,WHO II
CGGA_710,-0.2092486373536647,21.683778234086244,1.0,41,Male,Mutant,WHO IV
CGGA_1007,-0.2012420539268783,11.3347022587269,1.0,57,Female,Wildtype,WHO IV
CGGA_1136,-0.2007306737005951,7.753593429158111,1.0,38,Female,Mutant,WHO IV
CGGA_1140,-0.1981995178945284,30.258726899383984,1.0,49,Female,Wildtype,WHO III
CGGA_1284,-0.1948212662695214,3.186858316221766,1.0,73,Male,Wildtype,WHO III
CGGA_1113,-0.1656095477882975,41.5605749486653,1.0,34,Male,Mutant,WHO III
CGGA_837,-0.1648206234141987,14.193018480492814,1.0,57,Male,Wildtype,WHO IV
CGGA_277,-0.143401816883077,155.69609856262835,0.0,40,Male,Mutant,WHO III
CGGA_1406,-0.1420602473968488,70.76796714579055,1.0,34,Male,Mutant,WHO II
CGGA_564,-0.1370040537432752,22.308008213552363,1.0,47,Male,Wildtype,WHO III
CGGA_1475,-0.1294744759774758,5.979466119096509,1.0,38,Male,Mutant,WHO IV
CGGA_1411,-0.1066459537273459,10.809034907597535,1.0,40,Female,Wildtype,WHO III
CGGA_1116,-0.1055526246535369,8.147843942505133,1.0,43,Female,Mutant,WHO IV
CGGA_1081,-0.0927780525289009,7.096509240246407,1.0,30,Female,Wildtype,WHO III
CGGA_1307,-0.0881248765942804,31.704312114989733,0.0,25,Female,Mutant,WHO III
CGGA_318,-0.0821855852553863,7.293634496919918,1.0,40,Female,Wildtype,WHO IV
CGGA_D57,-0.077973817580519,25.166324435318277,1.0,40,Male,Wildtype,WHO IV
CGGA_578,-0.0702004814446905,11.893223819301848,1.0,61,Female,Wildtype,WHO III
CGGA_1060,-0.0443379419297963,7.457905544147844,1.0,42,Male,Mutant,WHO IV
CGGA_1231,-0.0439652811343722,74.87474332648871,1.0,31,Female,Wildtype,WHO III
CGGA_D51,-0.0324447146569997,4.435318275154004,1.0,60,Female,Wildtype,WHO IV
CGGA_1095,-0.0221886785992897,91.26899383983572,1.0,29,Male,Mutant,
CGGA_D38,0.0343675626519651,22.636550308008218,1.0,41,Female,Mutant,WHO IV
CGGA_1301,0.0402344467579502,7.852156057494867,1.0,48,Male,Wildtype,WHO IV
CGGA_752,0.043299080432096,120.9034907597536,0.0,39,Male,Mutant,WHO II
CGGA_1283,0.0700663982032555,0.6570841889117043,1.0,17,Male,Wildtype,WHO IV
CGGA_632,0.0829042655547765,18.924024640657084,1.0,29,Female,Mutant,WHO II
CGGA_761,0.0835352172021857,60.4517453798768,1.0,45,Male,Mutant,WHO IV
CGGA_330,0.087797526800629,36.82956878850103,1.0,45,Male,Wildtype,WHO III
CGGA_1270,0.100899188460634,6.176591375770021,1.0,60,Female,Wildtype,WHO IV
CGGA_342,0.1075628354824882,16.427104722792606,1.0,49,Female,Wildtype,WHO IV
CGGA_791,0.1082730394152889,8.279260780287474,1.0,55,Male,Wildtype,WHO III
CGGA_727,0.114402775798916,33.609856262833674,1.0,45,Male,Wildtype,WHO III
CGGA_1099,0.1220072767150903,4.008213552361396,1.0,8,Male,Wildtype,WHO IV
CGGA_1094,0.1220486305193389,8.279260780287474,1.0,40,Female,Mutant,WHO III
CGGA_759,0.1333675218448376,41.49486652977413,1.0,30,Male,Mutant,WHO IV
CGGA_431,0.1435842047564008,148.33675564681724,0.0,41,Male,Mutant,WHO III
CGGA_1022,0.1554272198607331,17.018480492813143,0.0,62,Female,Wildtype,WHO II
CGGA_1124,0.2394860918567886,15.901437371663244,1.0,47,Male,Wildtype,WHO IV
CGGA_D30,0.2509240394072174,7.063655030800821,1.0,70,Male,Wildtype,WHO IV
CGGA_1314,0.2583786031032097,5.650924024640657,1.0,27,Female,Mutant,WHO IV
CGGA_1375,0.2633527774095548,3.02258726899384,1.0,50,Female,Mutant,WHO IV
CGGA_1024,0.265029060890518,100.99383983572896,1.0,64,Male,Wildtype,WHO IV
CGGA_1160,0.2660179603476136,13.9958932238193,1.0,43,Female,Mutant,WHO III
CGGA_D56,0.2669160992059373,2.102669404517454,1.0,45,Male,Mutant,WHO III
CGGA_681,0.2771282761702981,3.6139630390143735,1.0,42,Male,Wildtype,
CGGA_680,0.2875901923999317,77.96303901437372,1.0,44,Male,Wildtype,WHO IV
CGGA_245,0.3042497122388678,10.4476386036961,1.0,39,Female,Mutant,WHO III
CGGA_269,0.3046768198376678,96.32854209445586,0.0,45,Female,Wildtype,WHO II
CGGA_D36,0.3096946764430375,1.1170431211498972,1.0,58,Male,Wildtype,WHO IV
CGGA_1197,0.3302811214026648,30.94866529774127,1.0,43,Male,Mutant,WHO IV
CGGA_1011,0.3594198026879157,3.5811088295687883,1.0,46,Female,Wildtype,WHO IV
CGGA_878,0.3681566183353565,28.35318275154004,1.0,42,Male,Wildtype,WHO IV
CGGA_804,0.3782204361996062,20.17248459958932,0.0,53,Female,Wildtype,WHO IV
CGGA_616,0.3960358675503077,31.277207392197127,1.0,43,Male,Wildtype,WHO III
CGGA_1091,0.396110600884333,36.6652977412731,1.0,51,Female,Wildtype,WHO IV
CGGA_448,0.4040901246041661,11.630390143737166,1.0,64,Male,Wildtype,WHO III
CGGA_747,0.4164198860509945,31.86858316221766,1.0,29,Male,Mutant,WHO IV
CGGA_815,0.4456129443898026,72.9034907597536,1.0,53,Female,Mutant,WHO II
CGGA_1313,0.462542408718368,12.451745379876796,1.0,42,Male,Wildtype,WHO IV
CGGA_1263,0.5075800773002724,25.363449691991782,1.0,50,Male,Wildtype,WHO III
CGGA_1240,0.5300127355061289,0.6242299794661191,1.0,33,Male,Wildtype,WHO IV
CGGA_518,0.5355294451309718,6.965092402464066,1.0,27,Male,Mutant,WHO IV
CGGA_859,0.5359586483401699,12.714579055441478,1.0,56,Male,Wildtype,WHO IV
CGGA_D11,0.5382394858334946,27.170431211498972,1.0,53,Female,Wildtype,WHO III
CGGA_D35,0.539224571599388,21.71663244353183,1.0,68,Female,Wildtype,WHO IV
CGGA_1340,0.5394468672112473,36.435318275154,1.0,35,Male,Wildtype,WHO III
CGGA_1227,0.5442628972228339,39.3264887063655,1.0,46,Female,Wildtype,WHO IV
CGGA_808,0.5502236855117344,38.340862422997944,0.0,38,Male,Wildtype,WHO IV
CGGA_1280,0.5670000429241948,14.685831622176591,1.0,74,Male,Wildtype,WHO III
CGGA_1035,0.5723313092271888,18.628336755646817,1.0,60,Female,Wildtype,WHO IV
CGGA_1053,0.6151371618715263,12.15605749486653,1.0,63,Female,Wildtype,WHO IV
CGGA_834,0.6288449695397746,131.84394250513347,0.0,24,Male,Wildtype,WHO II
CGGA_D46,0.6458426126636941,9.856262833675563,1.0,36,Female,Mutant,WHO III
CGGA_658,0.6800433500006094,12.2217659137577,1.0,55,Male,Wildtype,WHO IV
CGGA_1109,0.6949028975656218,44.28747433264887,1.0,42,Male,Wildtype,WHO IV
CGGA_1078,0.7215746523466631,10.349075975359344,1.0,61,Female,Wildtype,WHO IV
CGGA_899,0.7751477971809991,7.589322381930184,1.0,48,Male,Mutant,WHO IV
CGGA_1214,0.7842658327709722,19.84394250513347,1.0,49,Female,Wildtype,WHO IV
CGGA_D03,0.7858264548725373,13.897330595482549,1.0,44,Male,Wildtype,WHO IV
CGGA_525,0.7893825908489326,4.5338809034907595,1.0,61,Male,Wildtype,WHO IV
CGGA_499,0.7926941010157015,4.008213552361396,1.0,51,Male,Wildtype,WHO IV
CGGA_731,0.8022183324992561,16.525667351129364,1.0,50,Male,Wildtype,WHO IV
CGGA_676,0.8142742065421036,12.35318275154004,1.0,60,Male,Wildtype,WHO IV
CGGA_1175,0.8291181217282626,14.48870636550308,1.0,36,Female,Mutant,WHO IV
CGGA_1170,0.8355564321605594,11.367556468172484,1.0,25,Male,Mutant,WHO IV
CGGA_1019,0.8433062514643326,6.965092402464066,1.0,60,Male,Wildtype,WHO IV
CGGA_1408,0.8515606147209706,44.747433264887064,1.0,64,Female,Wildtype,WHO III
CGGA_1039,0.8523860548276869,23.88501026694045,1.0,40,Male,Wildtype,WHO IV
CGGA_679,0.8563312815736217,8.640657084188911,1.0,63,Female,Wildtype,WHO IV
CGGA_426,0.8566900178703236,51.252566735112936,1.0,50,Male,Wildtype,WHO III
CGGA_D09,0.8578835610810613,7.655030800821355,1.0,57,Male,Wildtype,WHO IV
CGGA_1071,0.8753794191843163,106.84188911704312,1.0,42,Male,Wildtype,WHO II
CGGA_789,0.8772317791741269,11.3347022587269,1.0,50,Male,Wildtype,WHO IV
CGGA_1224,0.8891390408521851,8.903490759753593,1.0,57,Male,Wildtype,WHO IV
CGGA_413,0.9069034607426488,6.012320328542095,0.0,54,Male,Wildtype,WHO IV
CGGA_247,0.9228308033812582,20.008213552361397,1.0,60,Male,Mutant,WHO III
CGGA_1145,0.9274252609913842,7.852156057494867,1.0,41,Male,Wildtype,WHO III
CGGA_1008,0.9573830618871144,10.349075975359344,1.0,54,Female,Wildtype,WHO IV
CGGA_624,0.9632755831730508,4.008213552361396,1.0,50,Female,Wildtype,WHO IV
CGGA_1023,0.9657818256113606,22.373716632443532,1.0,56,Female,Wildtype,WHO IV
CGGA_1068,1.0006630958923692,2.2340862422997945,1.0,29,Male,Mutant,WHO IV
CGGA_D16,1.0092994200433063,8.574948665297741,1.0,59,Female,Wildtype,WHO III
CGGA_1343,1.0203495357384875,3.0882956878850103,1.0,34,Male,Wildtype,WHO IV
CGGA_1139,1.0425462955825495,39.29363449691992,1.0,53,Female,Wildtype,WHO IV
CGGA_D37,1.0546126256227943,31.704312114989733,1.0,55,Male,Wildtype,WHO IV
CGGA_782,1.0764187455924532,9.494866529774129,1.0,60,Male,Wildtype,WHO IV
CGGA_1049,1.0870295024654713,26.57905544147844,1.0,58,Male,Wildtype,WHO IV
CGGA_1332,1.102928898547476,16.75564681724846,0.0,55,Female,Wildtype,WHO IV
CGGA_1251,1.121429434543379,8.936344969199178,1.0,42,Female,Wildtype,WHO IV
CGGA_1083,1.1289156110457204,14.784394250513348,1.0,59,Male,Wildtype,WHO IV
CGGA_678,1.1634912843555936,12.681724845995891,1.0,56,Male,Wildtype,WHO III
CGGA_850,1.1797953712266704,18.529774127310063,0.0,52,Female,Wildtype,WHO IV
CGGA_1074,1.1877955787656915,2.8254620123203287,1.0,50,Male,Wildtype,WHO IV
CGGA_D26,1.189911281700179,8.640657084188911,1.0,55,Male,Wildtype,WHO IV
CGGA_1234,1.2255140265308295,23.16221765913758,1.0,32,Male,Wildtype,WHO IV
CGGA_1001,1.241965513518774,125.40451745379876,0.0,11,Male,Wildtype,WHO IV
CGGA_1177,1.2523732804365888,14.75154004106776,1.0,40,Male,Wildtype,WHO IV
CGGA_1070,1.2589880702216054,10.940451745379876,1.0,37,Male,Wildtype,WHO IV
CGGA_274,1.2776981644263228,20.041067761806985,0.0,55,Female,Wildtype,WHO IV
CGGA_1393,1.298058914264559,9.034907597535934,1.0,41,Male,Wildtype,WHO IV
CGGA_604,1.3392495523289951,12.517453798767969,1.0,46,Male,Wildtype,WHO IV
CGGA_1129,1.3458229173728442,5.519507186858316,1.0,34,Male,Mutant,WHO IV
CGGA_605,1.3892934159593104,141.27310061601642,0.0,43,Male,Mutant,WHO III
CGGA_1004,1.3904851492001864,29.53593429158111,1.0,63,Female,Wildtype,WHO II
CGGA_1073,1.4216983491446125,8.870636550308008,1.0,42,Female,Wildtype,WHO IV
CGGA_1271,1.4232727289131542,17.182751540041068,1.0,17,Male,Wildtype,WHO IV
CGGA_309,1.4559019378297795,4.566735112936345,1.0,44,Male,Wildtype,
CGGA_848,1.503620066896118,7.852156057494867,0.0,54,Female,Wildtype,WHO IV
CGGA_842,1.518924465802581,6.702258726899384,1.0,63,Female,Wildtype,WHO IV
CGGA_802,1.6031940905171584,22.373716632443532,1.0,42,Male,Wildtype,WHO IV
CGGA_1045,1.6278977545003066,11.433264887063656,1.0,79,Male,Wildtype,WHO IV
CGGA_1272,1.6681527506569662,4.073921971252567,1.0,32,Male,Mutant,WHO IV
CGGA_1079,1.681625095671818,15.474332648870636,1.0,38,Male,Wildtype,WHO III
CGGA_1171,1.7200894788103638,13.535934291581109,1.0,40,Male,Wildtype,WHO IV
CGGA_1346,1.7262222439373267,9.3305954825462,1.0,57,Female,Wildtype,WHO IV
CGGA_1320,1.7425712683364345,1.938398357289528,1.0,19,Male,Wildtype,WHO IV
CGGA_1342,1.816719347232198,6.11088295687885,1.0,47,Male,Wildtype,WHO IV
CGGA_D02,1.8194742222526883,15.901437371663244,1.0,44,Male,Wildtype,WHO IV
CGGA_D34,1.8277362760818257,4.829568788501026,1.0,45,Male,Mutant,WHO IV
CGGA_1370,1.8413511241770624,10.677618069815194,0.0,43,Male,Wildtype,WHO IV
CGGA_1216,1.85338139939942,10.250513347022586,1.0,44,Male,Wildtype,WHO IV
CGGA_1329,1.9209581559252569,10.71047227926078,1.0,43,Female,Mutant,WHO III
CGGA_1188,1.9507587360061516,8.410677618069816,1.0,30,Female,Mutant,WHO IV
CGGA_1077,1.9560961411345457,19.416837782340863,1.0,47,Male,Wildtype,WHO IV
CGGA_483,1.991811034967792,9.100616016427104,1.0,59,Female,Wildtype,WHO IV
CGGA_719,2.0057567215450764,3.3182751540041067,1.0,51,Male,Mutant,WHO IV
CGGA_876,2.0100695724412923,5.223819301848049,1.0,60,Female,Wildtype,WHO IV
CGGA_1237,2.024399207538808,9.724845995893224,1.0,62,Male,Wildtype,WHO IV
CGGA_1299,2.0711796217201353,18.069815195071868,1.0,54,Male,Wildtype,WHO IV
CGGA_1114,2.2344793659790043,15.1129363449692,1.0,53,Male,Wildtype,WHO IV
CGGA_1338,2.2704354019866155,36.86242299794661,1.0,61,Female,Wildtype,WHO IV
CGGA_1258,2.2722343893708654,3.7453798767967146,1.0,42,Male,Wildtype,WHO IV
CGGA_495,2.3250093534033778,9.69199178644764,1.0,53,Male,Wildtype,
CGGA_D32,2.333222551961968,11.761806981519507,1.0,61,Male,Wildtype,WHO IV
CGGA_1460,2.4672765366351705,6.86652977412731,1.0,51,Male,Wildtype,WHO IV
CGGA_1026,2.5016413665920516,51.58110882956879,1.0,57,Male,Wildtype,WHO IV
CGGA_1119,2.695476666776905,13.86447638603696,1.0,52,Male,Mutant,WHO IV
CGGA_1275,2.873147680655054,6.012320328542095,1.0,70,Male,Wildtype,WHO IV
CGGA_1180,3.487618662156743,40.27926078028747,0.0,48,Female,Wildtype,WHO IV
CGGA_1015,4.121284026282666,5.388090349075975,1.0,62,Male,Wildtype,WHO IV
CGGA_1285,4.458600391947971,2.595482546201232,1.0,58,Female,Wildtype,WHO IV
